$date
	Sun Sep 27 18:45:08 2026
$end
$version
	Icarus Verilog
$end
$timescale
	1ps
$end
$scope module tb_dice_roller $end
$var wire 8 ! rolled_number [7:0] $end
$var reg 1 " clk $end
$var reg 2 # die_select [1:0] $end
$var reg 1 $ roll $end
$var reg 1 % rst_n $end
$var reg 1 & vcd_clk $end
$var integer 32 ' error_count [31:0] $end
$var integer 32 ( i [31:0] $end
$var integer 32 ) j [31:0] $end
$scope module dut $end
$var wire 1 " clk $end
$var wire 2 * die_select [1:0] $end
$var wire 1 $ roll $end
$var wire 1 % rst_n $end
$var reg 8 + lfsr [7:0] $end
$var reg 8 , rolled_number [7:0] $end
$upscope $end
$upscope $end
$enddefinitions $end
$comment Show the parameter values. $end
$dumpall
$end
#0
$dumpvars
b1 ,
b10100101 +
b0 *
bx )
bx (
bx '
x&
0%
0$
b0 #
0"
b1 !
$end
#5000
1"
#10000
0"
1%
#15000
b1001010 +
1"
#20000
0"
b0 )
b0 (
b0 '
1$
#25000
b11 !
b11 ,
b10010101 +
1"
#30000
0"
0$
#35000
b101010 +
1"
#40000
0"
1$
#45000
b1010100 +
1"
#50000
0"
0$
#55000
b10101001 +
1"
#60000
0"
b1 )
#65000
b1010011 +
1"
#70000
0"
#75000
b10100111 +
1"
#80000
0"
1$
#85000
b100 !
b100 ,
b1001110 +
1"
#90000
0"
0$
#95000
b10011101 +
1"
#100000
0"
b10 )
#105000
b111011 +
1"
#110000
0"
#115000
b1110111 +
1"
#120000
0"
1$
#125000
b11101110 +
1"
#130000
0"
0$
#135000
b11011101 +
1"
#140000
0"
b11 )
#145000
b10111011 +
1"
#150000
0"
#155000
b1110110 +
1"
#160000
0"
1$
#165000
b11 !
b11 ,
b11101100 +
1"
#170000
0"
0$
#175000
b11011001 +
1"
#180000
0"
b100 )
#185000
b10110011 +
1"
#190000
0"
#195000
b1100111 +
1"
#200000
0"
1$
#205000
b100 !
b100 ,
b11001111 +
1"
#210000
0"
0$
#215000
b10011110 +
1"
#220000
0"
b101 )
#225000
b111101 +
1"
#230000
0"
#235000
b1111011 +
1"
#240000
0"
1$
#245000
b11110111 +
1"
#250000
0"
0$
#255000
b11101111 +
1"
#260000
0"
b110 )
#265000
b11011111 +
1"
#270000
0"
#275000
b10111111 +
1"
#280000
0"
1$
#285000
b1111110 +
1"
#290000
0"
0$
#295000
b11111101 +
1"
#300000
0"
b111 )
#305000
b11111010 +
1"
#310000
0"
#315000
b11110100 +
1"
#320000
0"
1$
#325000
b1 !
b1 ,
b11101001 +
1"
#330000
0"
0$
#335000
b11010011 +
1"
#340000
0"
b1000 )
#345000
b10100110 +
1"
#350000
0"
#355000
b1001100 +
1"
#360000
0"
1$
#365000
b10011001 +
1"
#370000
0"
0$
#375000
b110011 +
1"
#380000
0"
b1001 )
#385000
b1100110 +
1"
#390000
0"
#395000
b11001101 +
1"
#400000
0"
1$
#405000
b10 !
b10 ,
b10011010 +
1"
#410000
0"
0$
#415000
b110101 +
1"
#420000
0"
b1010 )
#425000
b1101010 +
1"
#430000
0"
#435000
b11010100 +
1"
#440000
0"
1$
#445000
b1 !
b1 ,
b10101000 +
1"
#450000
0"
0$
#455000
b1010001 +
1"
#460000
0"
b1011 )
#465000
b10100011 +
1"
#470000
0"
#475000
b1000110 +
1"
#480000
0"
1$
#485000
b11 !
b11 ,
b10001100 +
1"
#490000
0"
0$
#495000
b11000 +
1"
#500000
0"
b1100 )
#505000
b110000 +
1"
#510000
0"
#515000
b1100000 +
1"
#520000
0"
1$
#525000
b1 !
b1 ,
b11000001 +
1"
#530000
0"
0$
#535000
b10000011 +
1"
#540000
0"
b1101 )
#545000
b111 +
1"
#550000
0"
#555000
b1110 +
1"
#560000
0"
1$
#565000
b11 !
b11 ,
b11101 +
1"
#570000
0"
0$
#575000
b111010 +
1"
#580000
0"
b1110 )
#585000
b1110101 +
1"
#590000
0"
#595000
b11101010 +
1"
#600000
0"
1$
#605000
b11010101 +
1"
#610000
0"
0$
#615000
b10101010 +
1"
#620000
0"
b1111 )
#625000
b1010101 +
1"
#630000
0"
#635000
b10101011 +
1"
#640000
0"
1$
#645000
b100 !
b100 ,
b1010111 +
1"
#650000
0"
0$
#655000
b10101111 +
1"
#660000
0"
b10000 )
#665000
b1011111 +
1"
#670000
0"
#675000
b10111110 +
1"
#680000
0"
1$
#685000
b11 !
b11 ,
b1111100 +
1"
#690000
0"
0$
#695000
b11111001 +
1"
#700000
0"
b10001 )
#705000
b11110010 +
1"
#710000
0"
#715000
b11100101 +
1"
#720000
0"
1$
#725000
b10 !
b10 ,
b11001010 +
1"
#730000
0"
0$
#735000
b10010100 +
1"
#740000
0"
b10010 )
#745000
b101000 +
1"
#750000
0"
#755000
b1010000 +
1"
#760000
0"
1$
#765000
b1 !
b1 ,
b10100001 +
1"
#770000
0"
0$
#775000
b1000010 +
1"
#780000
0"
b10011 )
#785000
b10000100 +
1"
#790000
0"
#795000
b1001 +
1"
#800000
0"
1$
#805000
b10 !
b10 ,
b10011 +
1"
#810000
0"
0$
#815000
b100111 +
1"
#820000
0"
b10100 )
#825000
b1001111 +
1"
#830000
0"
#835000
b10011111 +
1"
#840000
0"
1$
#845000
b100 !
b100 ,
b111111 +
1"
#850000
0"
0$
#855000
b1111111 +
1"
#860000
0"
b10101 )
#865000
b11111111 +
1"
#870000
0"
#875000
b11111110 +
1"
#880000
0"
1$
#885000
b11 !
b11 ,
b11111100 +
1"
#890000
0"
0$
#895000
b11111000 +
1"
#900000
0"
b10110 )
#905000
b11110000 +
1"
#910000
0"
#915000
b11100001 +
1"
#920000
0"
1$
#925000
b10 !
b10 ,
b11000010 +
1"
#930000
0"
0$
#935000
b10000101 +
1"
#940000
0"
b10111 )
#945000
b1011 +
1"
#950000
0"
#955000
b10111 +
1"
#960000
0"
1$
#965000
b100 !
b100 ,
b101111 +
1"
#970000
0"
0$
#975000
b1011110 +
1"
#980000
0"
b11000 )
#985000
b10111100 +
1"
#990000
0"
#995000
b1111000 +
1"
#1000000
0"
1$
#1005000
b1 !
b1 ,
b11110001 +
1"
#1010000
0"
0$
#1015000
b11100011 +
1"
#1020000
0"
b11001 )
#1025000
b11000110 +
1"
#1030000
0"
#1035000
b10001101 +
1"
#1040000
0"
1$
#1045000
b10 !
b10 ,
b11010 +
1"
#1050000
0"
0$
#1055000
b110100 +
1"
#1060000
0"
b11010 )
#1065000
b1101000 +
1"
#1070000
0"
#1075000
b11010000 +
1"
#1080000
0"
1$
#1085000
b1 !
b1 ,
b10100000 +
1"
#1090000
0"
0$
#1095000
b1000000 +
1"
#1100000
0"
b11011 )
#1105000
b10000000 +
1"
#1110000
0"
#1115000
b1 +
1"
#1120000
0"
1$
#1125000
b10 !
b10 ,
b10 +
1"
#1130000
0"
0$
#1135000
b100 +
1"
#1140000
0"
b11100 )
#1145000
b1000 +
1"
#1150000
0"
#1155000
b10001 +
1"
#1160000
0"
1$
#1165000
b100011 +
1"
#1170000
0"
0$
#1175000
b1000111 +
1"
#1180000
0"
b11101 )
#1185000
b10001110 +
1"
#1190000
0"
#1195000
b11100 +
1"
#1200000
0"
1$
#1205000
b1 !
b1 ,
b111000 +
1"
#1210000
0"
0$
#1215000
b1110001 +
1"
#1220000
0"
b11110 )
#1225000
b11100010 +
1"
#1230000
0"
#1235000
b11000100 +
1"
#1240000
0"
1$
#1245000
b10001001 +
1"
#1250000
0"
0$
#1255000
b10010 +
1"
#1260000
0"
b11111 )
#1265000
b100101 +
1"
#1270000
0"
#1275000
b1001011 +
1"
#1280000
0"
1$
#1285000
b100 !
b100 ,
b10010111 +
1"
#1290000
0"
0$
#1295000
b101110 +
1"
#1300000
0"
b100000 )
#1305000
b1011100 +
1"
#1310000
0"
#1315000
b10111000 +
1"
#1320000
0"
1$
#1325000
b1 !
b1 ,
b1110000 +
1"
#1330000
0"
0$
#1335000
b11100000 +
1"
#1340000
0"
b100001 )
#1345000
b11000000 +
1"
#1350000
0"
#1355000
b10000001 +
1"
#1360000
0"
1$
#1365000
b10 !
b10 ,
b11 +
1"
#1370000
0"
0$
#1375000
b110 +
1"
#1380000
0"
b100010 )
#1385000
b1100 +
1"
#1390000
0"
#1395000
b11001 +
1"
#1400000
0"
1$
#1405000
b110010 +
1"
#1410000
0"
0$
#1415000
b1100100 +
1"
#1420000
0"
b100011 )
#1425000
b11001001 +
1"
#1430000
0"
#1435000
b10010010 +
1"
#1440000
0"
1$
#1445000
b11 !
b11 ,
b100100 +
1"
#1450000
0"
0$
#1455000
b1001001 +
1"
#1460000
0"
b100100 )
#1465000
b10010011 +
1"
#1470000
0"
#1475000
b100110 +
1"
#1480000
0"
1$
#1485000
b1001101 +
1"
#1490000
0"
0$
#1495000
b10011011 +
1"
#1500000
0"
b100101 )
#1505000
b110111 +
1"
#1510000
0"
#1515000
b1101110 +
1"
#1520000
0"
1$
#1525000
b11011100 +
1"
#1530000
0"
0$
#1535000
b10111001 +
1"
#1540000
0"
b100110 )
#1545000
b1110010 +
1"
#1550000
0"
#1555000
b11100100 +
1"
#1560000
0"
1$
#1565000
b1 !
b1 ,
b11001000 +
1"
#1570000
0"
0$
#1575000
b10010000 +
1"
#1580000
0"
b100111 )
#1585000
b100000 +
1"
#1590000
0"
#1595000
b1000001 +
1"
#1600000
0"
1$
#1605000
b10 !
b10 ,
b10000010 +
1"
#1610000
0"
0$
#1615000
b101 +
1"
#1620000
0"
b101000 )
#1625000
b1010 +
1"
#1630000
0"
#1635000
b10101 +
1"
#1640000
0"
1$
#1645000
b101011 +
1"
#1650000
0"
0$
#1655000
b1010110 +
1"
#1660000
0"
b101001 )
#1665000
b10101101 +
1"
#1670000
0"
#1675000
b1011011 +
1"
#1680000
0"
1$
#1685000
b100 !
b100 ,
b10110110 +
1"
#1690000
0"
0$
#1695000
b1101101 +
1"
#1700000
0"
b101010 )
#1705000
b11011010 +
1"
#1710000
0"
#1715000
b10110101 +
1"
#1720000
0"
1$
#1725000
b10 !
b10 ,
b1101011 +
1"
#1730000
0"
0$
#1735000
b11010110 +
1"
#1740000
0"
b101011 )
#1745000
b10101100 +
1"
#1750000
0"
#1755000
b1011001 +
1"
#1760000
0"
1$
#1765000
b10110010 +
1"
#1770000
0"
0$
#1775000
b1100101 +
1"
#1780000
0"
b101100 )
#1785000
b11001011 +
1"
#1790000
0"
#1795000
b10010110 +
1"
#1800000
0"
1$
#1805000
b11 !
b11 ,
b101100 +
1"
#1810000
0"
0$
#1815000
b1011000 +
1"
#1820000
0"
b101101 )
#1825000
b10110000 +
1"
#1830000
0"
#1835000
b1100001 +
1"
#1840000
0"
1$
#1845000
b10 !
b10 ,
b11000011 +
1"
#1850000
0"
0$
#1855000
b10000111 +
1"
#1860000
0"
b101110 )
#1865000
b1111 +
1"
#1870000
0"
#1875000
b11111 +
1"
#1880000
0"
1$
#1885000
b100 !
b100 ,
b111110 +
1"
#1890000
0"
0$
#1895000
b1111101 +
1"
#1900000
0"
b101111 )
#1905000
b11111011 +
1"
#1910000
0"
#1915000
b11110110 +
1"
#1920000
0"
1$
#1925000
b11 !
b11 ,
b11101101 +
1"
#1930000
0"
0$
#1935000
b11011011 +
1"
#1940000
0"
b110000 )
#1945000
b10110111 +
1"
#1950000
0"
#1955000
b1101111 +
1"
#1960000
0"
1$
#1965000
b100 !
b100 ,
b11011110 +
1"
#1970000
0"
0$
#1975000
b10111101 +
1"
#1980000
0"
b110001 )
#1985000
b1111010 +
1"
#1990000
0"
#1995000
b11110101 +
1"
#2000000
0"
1$
#2005000
b10 !
b10 ,
b11101011 +
1"
#2010000
0"
0$
#2015000
b11010111 +
1"
#2020000
0"
b110010 )
#2025000
b10101110 +
1"
#2030000
0"
#2035000
b1011101 +
1"
#2040000
0"
1$
#2045000
b10111010 +
1"
#2050000
0"
0$
#2055000
b1110100 +
1"
#2060000
0"
b110011 )
#2065000
b11101000 +
1"
#2070000
0"
#2075000
b11010001 +
1"
#2080000
0"
1$
#2085000
b10100010 +
1"
#2090000
0"
0$
#2095000
b1000100 +
1"
#2100000
0"
b110100 )
#2105000
b10001000 +
1"
#2110000
0"
#2115000
b10000 +
1"
#2120000
0"
1$
#2125000
b1 !
b1 ,
b100001 +
1"
#2130000
0"
0$
#2135000
b1000011 +
1"
#2140000
0"
b110101 )
#2145000
b10000110 +
1"
#2150000
0"
#2155000
b1101 +
1"
#2160000
0"
1$
#2165000
b10 !
b10 ,
b11011 +
1"
#2170000
0"
0$
#2175000
b110110 +
1"
#2180000
0"
b110110 )
#2185000
b1101100 +
1"
#2190000
0"
#2195000
b11011000 +
1"
#2200000
0"
1$
#2205000
b1 !
b1 ,
b10110001 +
1"
#2210000
0"
0$
#2215000
b1100011 +
1"
#2220000
0"
b110111 )
#2225000
b11000111 +
1"
#2230000
0"
#2235000
b10001111 +
1"
#2240000
0"
1$
#2245000
b100 !
b100 ,
b11110 +
1"
#2250000
0"
0$
#2255000
b111100 +
1"
#2260000
0"
b111000 )
#2265000
b1111001 +
1"
#2270000
0"
#2275000
b11110011 +
1"
#2280000
0"
1$
#2285000
b11100111 +
1"
#2290000
0"
0$
#2295000
b11001110 +
1"
#2300000
0"
b111001 )
#2305000
b10011100 +
1"
#2310000
0"
#2315000
b111001 +
1"
#2320000
0"
1$
#2325000
b10 !
b10 ,
b1110011 +
1"
#2330000
0"
0$
#2335000
b11100110 +
1"
#2340000
0"
b111010 )
#2345000
b11001100 +
1"
#2350000
0"
#2355000
b10011000 +
1"
#2360000
0"
1$
#2365000
b1 !
b1 ,
b110001 +
1"
#2370000
0"
0$
#2375000
b1100010 +
1"
#2380000
0"
b111011 )
#2385000
b11000101 +
1"
#2390000
0"
#2395000
b10001011 +
1"
#2400000
0"
1$
#2405000
b100 !
b100 ,
b10110 +
1"
#2410000
0"
0$
#2415000
b101101 +
1"
#2420000
0"
b111100 )
#2425000
b1011010 +
1"
#2430000
0"
#2435000
b10110100 +
1"
#2440000
0"
1$
#2445000
b1 !
b1 ,
b1101001 +
1"
#2450000
0"
0$
#2455000
b11010010 +
1"
#2460000
0"
b111101 )
#2465000
b10100100 +
1"
#2470000
0"
#2475000
b1001000 +
1"
#2480000
0"
1$
#2485000
b10010001 +
1"
#2490000
0"
0$
#2495000
b100010 +
1"
#2500000
0"
b111110 )
#2505000
b1000101 +
1"
#2510000
0"
#2515000
b10001010 +
1"
#2520000
0"
1$
#2525000
b11 !
b11 ,
b10100 +
1"
#2530000
0"
0$
#2535000
b101001 +
1"
#2540000
0"
b111111 )
#2545000
b1010010 +
1"
#2550000
0"
#2555000
b10100101 +
1"
#2560000
0"
1$
#2565000
b10 !
b10 ,
b1001010 +
1"
#2570000
0"
0$
#2575000
b10010101 +
1"
#2580000
0"
b1000000 )
#2585000
b101010 +
1"
#2590000
0"
#2595000
b1010100 +
1"
#2600000
0"
1$
#2605000
b1 !
b1 ,
b10101001 +
1"
#2610000
0"
0$
#2615000
b1010011 +
1"
#2620000
0"
b1000001 )
#2625000
b10100111 +
1"
#2630000
0"
#2635000
b1001110 +
1"
#2640000
0"
1$
#2645000
b11 !
b11 ,
b10011101 +
1"
#2650000
0"
0$
#2655000
b111011 +
1"
#2660000
0"
b1000010 )
#2665000
b1110111 +
1"
#2670000
0"
#2675000
b11101110 +
1"
#2680000
0"
1$
#2685000
b11011101 +
1"
#2690000
0"
0$
#2695000
b10111011 +
1"
#2700000
0"
b1000011 )
#2705000
b1110110 +
1"
#2710000
0"
#2715000
b11101100 +
1"
#2720000
0"
1$
#2725000
b1 !
b1 ,
b11011001 +
1"
#2730000
0"
0$
#2735000
b10110011 +
1"
#2740000
0"
b1000100 )
#2745000
b1100111 +
1"
#2750000
0"
#2755000
b11001111 +
1"
#2760000
0"
1$
#2765000
b100 !
b100 ,
b10011110 +
1"
#2770000
0"
0$
#2775000
b111101 +
1"
#2780000
0"
b1000101 )
#2785000
b1111011 +
1"
#2790000
0"
#2795000
b11110111 +
1"
#2800000
0"
1$
#2805000
b11101111 +
1"
#2810000
0"
0$
#2815000
b11011111 +
1"
#2820000
0"
b1000110 )
#2825000
b10111111 +
1"
#2830000
0"
#2835000
b1111110 +
1"
#2840000
0"
1$
#2845000
b11 !
b11 ,
b11111101 +
1"
#2850000
0"
0$
#2855000
b11111010 +
1"
#2860000
0"
b1000111 )
#2865000
b11110100 +
1"
#2870000
0"
#2875000
b11101001 +
1"
#2880000
0"
1$
#2885000
b10 !
b10 ,
b11010011 +
1"
#2890000
0"
0$
#2895000
b10100110 +
1"
#2900000
0"
b1001000 )
#2905000
b1001100 +
1"
#2910000
0"
#2915000
b10011001 +
1"
#2920000
0"
1$
#2925000
b110011 +
1"
#2930000
0"
0$
#2935000
b1100110 +
1"
#2940000
0"
b1001001 )
#2945000
b11001101 +
1"
#2950000
0"
#2955000
b10011010 +
1"
#2960000
0"
1$
#2965000
b11 !
b11 ,
b110101 +
1"
#2970000
0"
0$
#2975000
b1101010 +
1"
#2980000
0"
b1001010 )
#2985000
b11010100 +
1"
#2990000
0"
#2995000
b10101000 +
1"
#3000000
0"
1$
#3005000
b1 !
b1 ,
b1010001 +
1"
#3010000
0"
0$
#3015000
b10100011 +
1"
#3020000
0"
b1001011 )
#3025000
b1000110 +
1"
#3030000
0"
#3035000
b10001100 +
1"
#3040000
0"
1$
#3045000
b11000 +
1"
#3050000
0"
0$
#3055000
b110000 +
1"
#3060000
0"
b1001100 )
#3065000
b1100000 +
1"
#3070000
0"
#3075000
b11000001 +
1"
#3080000
0"
1$
#3085000
b10 !
b10 ,
b10000011 +
1"
#3090000
0"
0$
#3095000
b111 +
1"
#3100000
0"
b1001101 )
#3105000
b1110 +
1"
#3110000
0"
#3115000
b11101 +
1"
#3120000
0"
1$
#3125000
b111010 +
1"
#3130000
0"
0$
#3135000
b1110101 +
1"
#3140000
0"
b1001110 )
#3145000
b11101010 +
1"
#3150000
0"
#3155000
b11010101 +
1"
#3160000
0"
1$
#3165000
b10101010 +
1"
#3170000
0"
0$
#3175000
b1010101 +
1"
#3180000
0"
b1001111 )
#3185000
b10101011 +
1"
#3190000
0"
#3195000
b1010111 +
1"
#3200000
0"
1$
#3205000
b100 !
b100 ,
b10101111 +
1"
#3210000
0"
0$
#3215000
b1011111 +
1"
#3220000
0"
b1010000 )
#3225000
b10111110 +
1"
#3230000
0"
#3235000
b1111100 +
1"
#3240000
0"
1$
#3245000
b1 !
b1 ,
b11111001 +
1"
#3250000
0"
0$
#3255000
b11110010 +
1"
#3260000
0"
b1010001 )
#3265000
b11100101 +
1"
#3270000
0"
#3275000
b11001010 +
1"
#3280000
0"
1$
#3285000
b11 !
b11 ,
b10010100 +
1"
#3290000
0"
0$
#3295000
b101000 +
1"
#3300000
0"
b1010010 )
#3305000
b1010000 +
1"
#3310000
0"
#3315000
b10100001 +
1"
#3320000
0"
1$
#3325000
b10 !
b10 ,
b1000010 +
1"
#3330000
0"
0$
#3335000
b10000100 +
1"
#3340000
0"
b1010011 )
#3345000
b1001 +
1"
#3350000
0"
#3355000
b10011 +
1"
#3360000
0"
1$
#3365000
b100 !
b100 ,
b100111 +
1"
#3370000
0"
0$
#3375000
b1001111 +
1"
#3380000
0"
b1010100 )
#3385000
b10011111 +
1"
#3390000
0"
#3395000
b111111 +
1"
#3400000
0"
1$
#3405000
b1111111 +
1"
#3410000
0"
0$
#3415000
b11111111 +
1"
#3420000
0"
b1010101 )
#3425000
b11111110 +
1"
#3430000
0"
#3435000
b11111100 +
1"
#3440000
0"
1$
#3445000
b1 !
b1 ,
b11111000 +
1"
#3450000
0"
0$
#3455000
b11110000 +
1"
#3460000
0"
b1010110 )
#3465000
b11100001 +
1"
#3470000
0"
#3475000
b11000010 +
1"
#3480000
0"
1$
#3485000
b11 !
b11 ,
b10000101 +
1"
#3490000
0"
0$
#3495000
b1011 +
1"
#3500000
0"
b1010111 )
#3505000
b10111 +
1"
#3510000
0"
#3515000
b101111 +
1"
#3520000
0"
1$
#3525000
b100 !
b100 ,
b1011110 +
1"
#3530000
0"
0$
#3535000
b10111100 +
1"
#3540000
0"
b1011000 )
#3545000
b1111000 +
1"
#3550000
0"
#3555000
b11110001 +
1"
#3560000
0"
1$
#3565000
b10 !
b10 ,
b11100011 +
1"
#3570000
0"
0$
#3575000
b11000110 +
1"
#3580000
0"
b1011001 )
#3585000
b10001101 +
1"
#3590000
0"
#3595000
b11010 +
1"
#3600000
0"
1$
#3605000
b11 !
b11 ,
b110100 +
1"
#3610000
0"
0$
#3615000
b1101000 +
1"
#3620000
0"
b1011010 )
#3625000
b11010000 +
1"
#3630000
0"
#3635000
b10100000 +
1"
#3640000
0"
1$
#3645000
b1 !
b1 ,
b1000000 +
1"
#3650000
0"
0$
#3655000
b10000000 +
1"
#3660000
0"
b1011011 )
#3665000
b1 +
1"
#3670000
0"
#3675000
b10 +
1"
#3680000
0"
1$
#3685000
b11 !
b11 ,
b100 +
1"
#3690000
0"
0$
#3695000
b1000 +
1"
#3700000
0"
b1011100 )
#3705000
b10001 +
1"
#3710000
0"
#3715000
b100011 +
1"
#3720000
0"
1$
#3725000
b100 !
b100 ,
b1000111 +
1"
#3730000
0"
0$
#3735000
b10001110 +
1"
#3740000
0"
b1011101 )
#3745000
b11100 +
1"
#3750000
0"
#3755000
b111000 +
1"
#3760000
0"
1$
#3765000
b1 !
b1 ,
b1110001 +
1"
#3770000
0"
0$
#3775000
b11100010 +
1"
#3780000
0"
b1011110 )
#3785000
b11000100 +
1"
#3790000
0"
#3795000
b10001001 +
1"
#3800000
0"
1$
#3805000
b10 !
b10 ,
b10010 +
1"
#3810000
0"
0$
#3815000
b100101 +
1"
#3820000
0"
b1011111 )
#3825000
b1001011 +
1"
#3830000
0"
#3835000
b10010111 +
1"
#3840000
0"
1$
#3845000
b100 !
b100 ,
b101110 +
1"
#3850000
0"
0$
#3855000
b1011100 +
1"
#3860000
0"
b1100000 )
#3865000
b10111000 +
1"
#3870000
0"
#3875000
b1110000 +
1"
#3880000
0"
1$
#3885000
b1 !
b1 ,
b11100000 +
1"
#3890000
0"
0$
#3895000
b11000000 +
1"
#3900000
0"
b1100001 )
#3905000
b10000001 +
1"
#3910000
0"
#3915000
b11 +
1"
#3920000
0"
1$
#3925000
b100 !
b100 ,
b110 +
1"
#3930000
0"
0$
#3935000
b1100 +
1"
#3940000
0"
b1100010 )
#3945000
b11001 +
1"
#3950000
0"
#3955000
b110010 +
1"
#3960000
0"
1$
#3965000
b11 !
b11 ,
b1100100 +
1"
#3970000
0"
0$
#3975000
b11001001 +
1"
#3980000
0"
b1100011 )
#3985000
b10010010 +
1"
#3990000
0"
#3995000
b100100 +
1"
#4000000
0"
1$
#4005000
b1 !
b1 ,
b1001001 +
1"
#4010000
0"
0$
#4015000
b10010011 +
1"
#4020000
0"
b1100100 )
#4025000
b100110 +
1"
#4030000
0"
#4035000
b1001101 +
1"
#4040000
0"
1$
#4045000
b10 !
b10 ,
b10011011 +
1"
#4050000
0"
0$
#4055000
b110111 +
1"
#4060000
0"
b1100101 )
#4065000
b1101110 +
1"
#4070000
0"
#4075000
b11011100 +
1"
#4080000
0"
1$
#4085000
b1 !
b1 ,
b10111001 +
1"
#4090000
0"
0$
#4095000
b1110010 +
1"
#4100000
0"
b1100110 )
#4105000
b11100100 +
1"
#4110000
0"
#4115000
b11001000 +
1"
#4120000
0"
1$
#4125000
b10010000 +
1"
#4130000
0"
0$
#4135000
b100000 +
1"
#4140000
0"
b1100111 )
#4145000
b1000001 +
1"
#4150000
0"
#4155000
b10000010 +
1"
#4160000
0"
1$
#4165000
b11 !
b11 ,
b101 +
1"
#4170000
0"
0$
#4175000
b1010 +
1"
#4180000
0"
b1101000 )
#4185000
b10101 +
1"
#4190000
0"
#4195000
b101011 +
1"
#4200000
0"
1$
#4205000
b100 !
b100 ,
b1010110 +
1"
#4210000
0"
0$
#4215000
b10101101 +
1"
#4220000
0"
b1101001 )
#4225000
b1011011 +
1"
#4230000
0"
#4235000
b10110110 +
1"
#4240000
0"
1$
#4245000
b11 !
b11 ,
b1101101 +
1"
#4250000
0"
0$
#4255000
b11011010 +
1"
#4260000
0"
b1101010 )
#4265000
b10110101 +
1"
#4270000
0"
#4275000
b1101011 +
1"
#4280000
0"
1$
#4285000
b100 !
b100 ,
b11010110 +
1"
#4290000
0"
0$
#4295000
b10101100 +
1"
#4300000
0"
b1101011 )
#4305000
b1011001 +
1"
#4310000
0"
#4315000
b10110010 +
1"
#4320000
0"
1$
#4325000
b11 !
b11 ,
b1100101 +
1"
#4330000
0"
0$
#4335000
b11001011 +
1"
#4340000
0"
b1101100 )
#4345000
b10010110 +
1"
#4350000
0"
#4355000
b101100 +
1"
#4360000
0"
1$
#4365000
b1 !
b1 ,
b1011000 +
1"
#4370000
0"
0$
#4375000
b10110000 +
1"
#4380000
0"
b1101101 )
#4385000
b1100001 +
1"
#4390000
0"
#4395000
b11000011 +
1"
#4400000
0"
1$
#4405000
b100 !
b100 ,
b10000111 +
1"
#4410000
0"
0$
#4415000
b1111 +
1"
#4420000
0"
b1101110 )
#4425000
b11111 +
1"
#4430000
0"
#4435000
b111110 +
1"
#4440000
0"
1$
#4445000
b11 !
b11 ,
b1111101 +
1"
#4450000
0"
0$
#4455000
b11111011 +
1"
#4460000
0"
b1101111 )
#4465000
b11110110 +
1"
#4470000
0"
#4475000
b11101101 +
1"
#4480000
0"
1$
#4485000
b10 !
b10 ,
b11011011 +
1"
#4490000
0"
0$
#4495000
b10110111 +
1"
#4500000
0"
b1110000 )
#4505000
b1101111 +
1"
#4510000
0"
#4515000
b11011110 +
1"
#4520000
0"
1$
#4525000
b11 !
b11 ,
b10111101 +
1"
#4530000
0"
0$
#4535000
b1111010 +
1"
#4540000
0"
b1110001 )
#4545000
b11110101 +
1"
#4550000
0"
#4555000
b11101011 +
1"
#4560000
0"
1$
#4565000
b100 !
b100 ,
b11010111 +
1"
#4570000
0"
0$
#4575000
b10101110 +
1"
#4580000
0"
b1110010 )
#4585000
b1011101 +
1"
#4590000
0"
#4595000
b10111010 +
1"
#4600000
0"
1$
#4605000
b11 !
b11 ,
b1110100 +
1"
#4610000
0"
0$
#4615000
b11101000 +
1"
#4620000
0"
b1110011 )
#4625000
b11010001 +
1"
#4630000
0"
#4635000
b10100010 +
1"
#4640000
0"
1$
#4645000
b1000100 +
1"
#4650000
0"
0$
#4655000
b10001000 +
1"
#4660000
0"
b1110100 )
#4665000
b10000 +
1"
#4670000
0"
#4675000
b100001 +
1"
#4680000
0"
1$
#4685000
b10 !
b10 ,
b1000011 +
1"
#4690000
0"
0$
#4695000
b10000110 +
1"
#4700000
0"
b1110101 )
#4705000
b1101 +
1"
#4710000
0"
#4715000
b11011 +
1"
#4720000
0"
1$
#4725000
b100 !
b100 ,
b110110 +
1"
#4730000
0"
0$
#4735000
b1101100 +
1"
#4740000
0"
b1110110 )
#4745000
b11011000 +
1"
#4750000
0"
#4755000
b10110001 +
1"
#4760000
0"
1$
#4765000
b10 !
b10 ,
b1100011 +
1"
#4770000
0"
0$
#4775000
b11000111 +
1"
#4780000
0"
b1110111 )
#4785000
b10001111 +
1"
#4790000
0"
#4795000
b11110 +
1"
#4800000
0"
1$
#4805000
b11 !
b11 ,
b111100 +
1"
#4810000
0"
0$
#4815000
b1111001 +
1"
#4820000
0"
b1111000 )
#4825000
b11110011 +
1"
#4830000
0"
#4835000
b11100111 +
1"
#4840000
0"
1$
#4845000
b100 !
b100 ,
b11001110 +
1"
#4850000
0"
0$
#4855000
b10011100 +
1"
#4860000
0"
b1111001 )
#4865000
b111001 +
1"
#4870000
0"
#4875000
b1110011 +
1"
#4880000
0"
1$
#4885000
b11100110 +
1"
#4890000
0"
0$
#4895000
b11001100 +
1"
#4900000
0"
b1111010 )
#4905000
b10011000 +
1"
#4910000
0"
#4915000
b110001 +
1"
#4920000
0"
1$
#4925000
b10 !
b10 ,
b1100010 +
1"
#4930000
0"
0$
#4935000
b11000101 +
1"
#4940000
0"
b1111011 )
#4945000
b10001011 +
1"
#4950000
0"
#4955000
b10110 +
1"
#4960000
0"
1$
#4965000
b11 !
b11 ,
b101101 +
1"
#4970000
0"
0$
#4975000
b1011010 +
1"
#4980000
0"
b1111100 )
#4985000
b10110100 +
1"
#4990000
0"
#4995000
b1101001 +
1"
#5000000
0"
1$
#5005000
b10 !
b10 ,
b11010010 +
1"
#5010000
0"
0$
#5015000
b10100100 +
1"
#5020000
0"
b1111101 )
#5025000
b1001000 +
1"
#5030000
0"
#5035000
b10010001 +
1"
#5040000
0"
1$
#5045000
b100010 +
1"
#5050000
0"
0$
#5055000
b1000101 +
1"
#5060000
0"
b1111110 )
#5065000
b10001010 +
1"
#5070000
0"
#5075000
b10100 +
1"
#5080000
0"
1$
#5085000
b1 !
b1 ,
b101001 +
1"
#5090000
0"
0$
#5095000
b1010010 +
1"
#5100000
0"
b1111111 )
#5105000
b10100101 +
1"
#5110000
0"
#5115000
b1001010 +
1"
#5120000
0"
1$
#5125000
b11 !
b11 ,
b10010101 +
1"
#5130000
0"
0$
#5135000
b101010 +
1"
#5140000
0"
b10000000 )
#5145000
b1010100 +
1"
#5150000
0"
#5155000
b10101001 +
1"
#5160000
0"
1$
#5165000
b10 !
b10 ,
b1010011 +
1"
#5170000
0"
0$
#5175000
b10100111 +
1"
#5180000
0"
b10000001 )
#5185000
b1001110 +
1"
#5190000
0"
#5195000
b10011101 +
1"
#5200000
0"
1$
#5205000
b111011 +
1"
#5210000
0"
0$
#5215000
b1110111 +
1"
#5220000
0"
b10000010 )
#5225000
b11101110 +
1"
#5230000
0"
#5235000
b11011101 +
1"
#5240000
0"
1$
#5245000
b10111011 +
1"
#5250000
0"
0$
#5255000
b1110110 +
1"
#5260000
0"
b10000011 )
#5265000
b11101100 +
1"
#5270000
0"
#5275000
b11011001 +
1"
#5280000
0"
1$
#5285000
b10110011 +
1"
#5290000
0"
0$
#5295000
b1100111 +
1"
#5300000
0"
b10000100 )
#5305000
b11001111 +
1"
#5310000
0"
#5315000
b10011110 +
1"
#5320000
0"
1$
#5325000
b11 !
b11 ,
b111101 +
1"
#5330000
0"
0$
#5335000
b1111011 +
1"
#5340000
0"
b10000101 )
#5345000
b11110111 +
1"
#5350000
0"
#5355000
b11101111 +
1"
#5360000
0"
1$
#5365000
b100 !
b100 ,
b11011111 +
1"
#5370000
0"
0$
#5375000
b10111111 +
1"
#5380000
0"
b10000110 )
#5385000
b1111110 +
1"
#5390000
0"
#5395000
b11111101 +
1"
#5400000
0"
1$
#5405000
b10 !
b10 ,
b11111010 +
1"
#5410000
0"
0$
#5415000
b11110100 +
1"
#5420000
0"
b10000111 )
#5425000
b11101001 +
1"
#5430000
0"
#5435000
b11010011 +
1"
#5440000
0"
1$
#5445000
b100 !
b100 ,
b10100110 +
1"
#5450000
0"
0$
#5455000
b1001100 +
1"
#5460000
0"
b10001000 )
#5465000
b10011001 +
1"
#5470000
0"
#5475000
b110011 +
1"
#5480000
0"
1$
#5485000
b1100110 +
1"
#5490000
0"
0$
#5495000
b11001101 +
1"
#5500000
0"
b10001001 )
#5505000
b10011010 +
1"
#5510000
0"
#5515000
b110101 +
1"
#5520000
0"
1$
#5525000
b10 !
b10 ,
b1101010 +
1"
#5530000
0"
0$
#5535000
b11010100 +
1"
#5540000
0"
b10001010 )
#5545000
b10101000 +
1"
#5550000
0"
#5555000
b1010001 +
1"
#5560000
0"
1$
#5565000
b10100011 +
1"
#5570000
0"
0$
#5575000
b1000110 +
1"
#5580000
0"
b10001011 )
#5585000
b10001100 +
1"
#5590000
0"
#5595000
b11000 +
1"
#5600000
0"
1$
#5605000
b1 !
b1 ,
b110000 +
1"
#5610000
0"
0$
#5615000
b1100000 +
1"
#5620000
0"
b10001100 )
#5625000
b11000001 +
1"
#5630000
0"
#5635000
b10000011 +
1"
#5640000
0"
1$
#5645000
b100 !
b100 ,
b111 +
1"
#5650000
0"
0$
#5655000
b1110 +
1"
#5660000
0"
b10001101 )
#5665000
b11101 +
1"
#5670000
0"
#5675000
b111010 +
1"
#5680000
0"
1$
#5685000
b11 !
b11 ,
b1110101 +
1"
#5690000
0"
0$
#5695000
b11101010 +
1"
#5700000
0"
b10001110 )
#5705000
b11010101 +
1"
#5710000
0"
#5715000
b10101010 +
1"
#5720000
0"
1$
#5725000
b1010101 +
1"
#5730000
0"
0$
#5735000
b10101011 +
1"
#5740000
0"
b10001111 )
#5745000
b1010111 +
1"
#5750000
0"
#5755000
b10101111 +
1"
#5760000
0"
1$
#5765000
b100 !
b100 ,
b1011111 +
1"
#5770000
0"
0$
#5775000
b10111110 +
1"
#5780000
0"
b10010000 )
#5785000
b1111100 +
1"
#5790000
0"
#5795000
b11111001 +
1"
#5800000
0"
1$
#5805000
b10 !
b10 ,
b11110010 +
1"
#5810000
0"
0$
#5815000
b11100101 +
1"
#5820000
0"
b10010001 )
#5825000
b11001010 +
1"
#5830000
0"
#5835000
b10010100 +
1"
#5840000
0"
1$
#5845000
b1 !
b1 ,
b101000 +
1"
#5850000
0"
0$
#5855000
b1010000 +
1"
#5860000
0"
b10010010 )
#5865000
b10100001 +
1"
#5870000
0"
#5875000
b1000010 +
1"
#5880000
0"
1$
#5885000
b11 !
b11 ,
b10000100 +
1"
#5890000
0"
0$
#5895000
b1001 +
1"
#5900000
0"
b10010011 )
#5905000
b10011 +
1"
#5910000
0"
#5915000
b100111 +
1"
#5920000
0"
1$
#5925000
b100 !
b100 ,
b1001111 +
1"
#5930000
0"
0$
#5935000
b10011111 +
1"
#5940000
0"
b10010100 )
#5945000
b111111 +
1"
#5950000
0"
#5955000
b1111111 +
1"
#5960000
0"
1$
#5965000
b11111111 +
1"
#5970000
0"
0$
#5975000
b11111110 +
1"
#5980000
0"
b10010101 )
#5985000
b11111100 +
1"
#5990000
0"
#5995000
b11111000 +
1"
#6000000
0"
1$
#6005000
b1 !
b1 ,
b11110000 +
1"
#6010000
0"
0$
#6015000
b11100001 +
1"
#6020000
0"
b10010110 )
#6025000
b11000010 +
1"
#6030000
0"
#6035000
b10000101 +
1"
#6040000
0"
1$
#6045000
b10 !
b10 ,
b1011 +
1"
#6050000
0"
0$
#6055000
b10111 +
1"
#6060000
0"
b10010111 )
#6065000
b101111 +
1"
#6070000
0"
#6075000
b1011110 +
1"
#6080000
0"
1$
#6085000
b11 !
b11 ,
b10111100 +
1"
#6090000
0"
0$
#6095000
b1111000 +
1"
#6100000
0"
b10011000 )
#6105000
b11110001 +
1"
#6110000
0"
#6115000
b11100011 +
1"
#6120000
0"
1$
#6125000
b100 !
b100 ,
b11000110 +
1"
#6130000
0"
0$
#6135000
b10001101 +
1"
#6140000
0"
b10011001 )
#6145000
b11010 +
1"
#6150000
0"
#6155000
b110100 +
1"
#6160000
0"
1$
#6165000
b1 !
b1 ,
b1101000 +
1"
#6170000
0"
0$
#6175000
b11010000 +
1"
#6180000
0"
b10011010 )
#6185000
b10100000 +
1"
#6190000
0"
#6195000
b1000000 +
1"
#6200000
0"
1$
#6205000
b10000000 +
1"
#6210000
0"
0$
#6215000
b1 +
1"
#6220000
0"
b10011011 )
#6225000
b10 +
1"
#6230000
0"
#6235000
b100 +
1"
#6240000
0"
1$
#6245000
b1000 +
1"
#6250000
0"
0$
#6255000
b10001 +
1"
#6260000
0"
b10011100 )
#6265000
b100011 +
1"
#6270000
0"
#6275000
b1000111 +
1"
#6280000
0"
1$
#6285000
b100 !
b100 ,
b10001110 +
1"
#6290000
0"
0$
#6295000
b11100 +
1"
#6300000
0"
b10011101 )
#6305000
b111000 +
1"
#6310000
0"
#6315000
b1110001 +
1"
#6320000
0"
1$
#6325000
b10 !
b10 ,
b11100010 +
1"
#6330000
0"
0$
#6335000
b11000100 +
1"
#6340000
0"
b10011110 )
#6345000
b10001001 +
1"
#6350000
0"
#6355000
b10010 +
1"
#6360000
0"
1$
#6365000
b11 !
b11 ,
b100101 +
1"
#6370000
0"
0$
#6375000
b1001011 +
1"
#6380000
0"
b10011111 )
#6385000
b10010111 +
1"
#6390000
0"
#6395000
b101110 +
1"
#6400000
0"
1$
#6405000
b1011100 +
1"
#6410000
0"
0$
#6415000
b10111000 +
1"
#6420000
0"
b10100000 )
#6425000
b1110000 +
1"
#6430000
0"
#6435000
b11100000 +
1"
#6440000
0"
1$
#6445000
b1 !
b1 ,
b11000000 +
1"
#6450000
0"
0$
#6455000
b10000001 +
1"
#6460000
0"
b10100001 )
#6465000
b11 +
1"
#6470000
0"
#6475000
b110 +
1"
#6480000
0"
1$
#6485000
b11 !
b11 ,
b1100 +
1"
#6490000
0"
0$
#6495000
b11001 +
1"
#6500000
0"
b10100010 )
#6505000
b110010 +
1"
#6510000
0"
#6515000
b1100100 +
1"
#6520000
0"
1$
#6525000
b1 !
b1 ,
b11001001 +
1"
#6530000
0"
0$
#6535000
b10010010 +
1"
#6540000
0"
b10100011 )
#6545000
b100100 +
1"
#6550000
0"
#6555000
b1001001 +
1"
#6560000
0"
1$
#6565000
b10 !
b10 ,
b10010011 +
1"
#6570000
0"
0$
#6575000
b100110 +
1"
#6580000
0"
b10100100 )
#6585000
b1001101 +
1"
#6590000
0"
#6595000
b10011011 +
1"
#6600000
0"
1$
#6605000
b100 !
b100 ,
b110111 +
1"
#6610000
0"
0$
#6615000
b1101110 +
1"
#6620000
0"
b10100101 )
#6625000
b11011100 +
1"
#6630000
0"
#6635000
b10111001 +
1"
#6640000
0"
1$
#6645000
b10 !
b10 ,
b1110010 +
1"
#6650000
0"
0$
#6655000
b11100100 +
1"
#6660000
0"
b10100110 )
#6665000
b11001000 +
1"
#6670000
0"
#6675000
b10010000 +
1"
#6680000
0"
1$
#6685000
b1 !
b1 ,
b100000 +
1"
#6690000
0"
0$
#6695000
b1000001 +
1"
#6700000
0"
b10100111 )
#6705000
b10000010 +
1"
#6710000
0"
#6715000
b101 +
1"
#6720000
0"
1$
#6725000
b10 !
b10 ,
b1010 +
1"
#6730000
0"
0$
#6735000
b10101 +
1"
#6740000
0"
b10101000 )
#6745000
b101011 +
1"
#6750000
0"
#6755000
b1010110 +
1"
#6760000
0"
1$
#6765000
b11 !
b11 ,
b10101101 +
1"
#6770000
0"
0$
#6775000
b1011011 +
1"
#6780000
0"
b10101001 )
#6785000
b10110110 +
1"
#6790000
0"
#6795000
b1101101 +
1"
#6800000
0"
1$
#6805000
b10 !
b10 ,
b11011010 +
1"
#6810000
0"
0$
#6815000
b10110101 +
1"
#6820000
0"
b10101010 )
#6825000
b1101011 +
1"
#6830000
0"
#6835000
b11010110 +
1"
#6840000
0"
1$
#6845000
b11 !
b11 ,
b10101100 +
1"
#6850000
0"
0$
#6855000
b1011001 +
1"
#6860000
0"
b10101011 )
#6865000
b10110010 +
1"
#6870000
0"
#6875000
b1100101 +
1"
#6880000
0"
1$
#6885000
b10 !
b10 ,
b11001011 +
1"
#6890000
0"
0$
#6895000
b10010110 +
1"
#6900000
0"
b10101100 )
#6905000
b101100 +
1"
#6910000
0"
#6915000
b1011000 +
1"
#6920000
0"
1$
#6925000
b1 !
b1 ,
b10110000 +
1"
#6930000
0"
0$
#6935000
b1100001 +
1"
#6940000
0"
b10101101 )
#6945000
b11000011 +
1"
#6950000
0"
#6955000
b10000111 +
1"
#6960000
0"
1$
#6965000
b100 !
b100 ,
b1111 +
1"
#6970000
0"
0$
#6975000
b11111 +
1"
#6980000
0"
b10101110 )
#6985000
b111110 +
1"
#6990000
0"
#6995000
b1111101 +
1"
#7000000
0"
1$
#7005000
b10 !
b10 ,
b11111011 +
1"
#7010000
0"
0$
#7015000
b11110110 +
1"
#7020000
0"
b10101111 )
#7025000
b11101101 +
1"
#7030000
0"
#7035000
b11011011 +
1"
#7040000
0"
1$
#7045000
b100 !
b100 ,
b10110111 +
1"
#7050000
0"
0$
#7055000
b1101111 +
1"
#7060000
0"
b10110000 )
#7065000
b11011110 +
1"
#7070000
0"
#7075000
b10111101 +
1"
#7080000
0"
1$
#7085000
b10 !
b10 ,
b1111010 +
1"
#7090000
0"
0$
#7095000
b11110101 +
1"
#7100000
0"
b10110001 )
#7105000
b11101011 +
1"
#7110000
0"
#7115000
b11010111 +
1"
#7120000
0"
1$
#7125000
b100 !
b100 ,
b10101110 +
1"
#7130000
0"
0$
#7135000
b1011101 +
1"
#7140000
0"
b10110010 )
#7145000
b10111010 +
1"
#7150000
0"
#7155000
b1110100 +
1"
#7160000
0"
1$
#7165000
b1 !
b1 ,
b11101000 +
1"
#7170000
0"
0$
#7175000
b11010001 +
1"
#7180000
0"
b10110011 )
#7185000
b10100010 +
1"
#7190000
0"
#7195000
b1000100 +
1"
#7200000
0"
1$
#7205000
b10001000 +
1"
#7210000
0"
0$
#7215000
b10000 +
1"
#7220000
0"
b10110100 )
#7225000
b100001 +
1"
#7230000
0"
#7235000
b1000011 +
1"
#7240000
0"
1$
#7245000
b100 !
b100 ,
b10000110 +
1"
#7250000
0"
0$
#7255000
b1101 +
1"
#7260000
0"
b10110101 )
#7265000
b11011 +
1"
#7270000
0"
#7275000
b110110 +
1"
#7280000
0"
1$
#7285000
b11 !
b11 ,
b1101100 +
1"
#7290000
0"
0$
#7295000
b11011000 +
1"
#7300000
0"
b10110110 )
#7305000
b10110001 +
1"
#7310000
0"
#7315000
b1100011 +
1"
#7320000
0"
1$
#7325000
b100 !
b100 ,
b11000111 +
1"
#7330000
0"
0$
#7335000
b10001111 +
1"
#7340000
0"
b10110111 )
#7345000
b11110 +
1"
#7350000
0"
#7355000
b111100 +
1"
#7360000
0"
1$
#7365000
b1 !
b1 ,
b1111001 +
1"
#7370000
0"
0$
#7375000
b11110011 +
1"
#7380000
0"
b10111000 )
#7385000
b11100111 +
1"
#7390000
0"
#7395000
b11001110 +
1"
#7400000
0"
1$
#7405000
b11 !
b11 ,
b10011100 +
1"
#7410000
0"
0$
#7415000
b111001 +
1"
#7420000
0"
b10111001 )
#7425000
b1110011 +
1"
#7430000
0"
#7435000
b11100110 +
1"
#7440000
0"
1$
#7445000
b11001100 +
1"
#7450000
0"
0$
#7455000
b10011000 +
1"
#7460000
0"
b10111010 )
#7465000
b110001 +
1"
#7470000
0"
#7475000
b1100010 +
1"
#7480000
0"
1$
#7485000
b11000101 +
1"
#7490000
0"
0$
#7495000
b10001011 +
1"
#7500000
0"
b10111011 )
#7505000
b10110 +
1"
#7510000
0"
#7515000
b101101 +
1"
#7520000
0"
1$
#7525000
b10 !
b10 ,
b1011010 +
1"
#7530000
0"
0$
#7535000
b10110100 +
1"
#7540000
0"
b10111100 )
#7545000
b1101001 +
1"
#7550000
0"
#7555000
b11010010 +
1"
#7560000
0"
1$
#7565000
b11 !
b11 ,
b10100100 +
1"
#7570000
0"
0$
#7575000
b1001000 +
1"
#7580000
0"
b10111101 )
#7585000
b10010001 +
1"
#7590000
0"
#7595000
b100010 +
1"
#7600000
0"
1$
#7605000
b1000101 +
1"
#7610000
0"
0$
#7615000
b10001010 +
1"
#7620000
0"
b10111110 )
#7625000
b10100 +
1"
#7630000
0"
#7635000
b101001 +
1"
#7640000
0"
1$
#7645000
b10 !
b10 ,
b1010010 +
1"
#7650000
0"
0$
#7655000
b10100101 +
1"
#7660000
0"
b10111111 )
#7665000
b1001010 +
1"
#7670000
0"
#7675000
b10010101 +
1"
#7680000
0"
1$
#7685000
b101010 +
1"
#7690000
0"
0$
#7695000
b1010100 +
1"
#7700000
0"
b11000000 )
#7705000
b10101001 +
1"
#7710000
0"
#7715000
b1010011 +
1"
#7720000
0"
1$
#7725000
b100 !
b100 ,
b10100111 +
1"
#7730000
0"
0$
#7735000
b1001110 +
1"
#7740000
0"
b11000001 )
#7745000
b10011101 +
1"
#7750000
0"
#7755000
b111011 +
1"
#7760000
0"
1$
#7765000
b1110111 +
1"
#7770000
0"
0$
#7775000
b11101110 +
1"
#7780000
0"
b11000010 )
#7785000
b11011101 +
1"
#7790000
0"
#7795000
b10111011 +
1"
#7800000
0"
1$
#7805000
b1110110 +
1"
#7810000
0"
0$
#7815000
b11101100 +
1"
#7820000
0"
b11000011 )
#7825000
b11011001 +
1"
#7830000
0"
#7835000
b10110011 +
1"
#7840000
0"
1$
#7845000
b1100111 +
1"
#7850000
0"
0$
#7855000
b11001111 +
1"
#7860000
0"
b11000100 )
#7865000
b10011110 +
1"
#7870000
0"
#7875000
b111101 +
1"
#7880000
0"
1$
#7885000
b10 !
b10 ,
b1111011 +
1"
#7890000
0"
0$
#7895000
b11110111 +
1"
#7900000
0"
b11000101 )
#7905000
b11101111 +
1"
#7910000
0"
#7915000
b11011111 +
1"
#7920000
0"
1$
#7925000
b100 !
b100 ,
b10111111 +
1"
#7930000
0"
0$
#7935000
b1111110 +
1"
#7940000
0"
b11000110 )
#7945000
b11111101 +
1"
#7950000
0"
#7955000
b11111010 +
1"
#7960000
0"
1$
#7965000
b11 !
b11 ,
b11110100 +
1"
#7970000
0"
0$
#7975000
b11101001 +
1"
#7980000
0"
b11000111 )
#7985000
b11010011 +
1"
#7990000
0"
#7995000
b10100110 +
1"
#8000000
0"
1$
#8005000
b1001100 +
1"
#8010000
0"
0$
#8015000
b10011001 +
1"
#8020000
0"
b11001000 )
#8025000
b110011 +
1"
#8030000
0"
#8035000
b1100110 +
1"
#8040000
0"
1$
#8045000
b11001101 +
1"
#8050000
0"
0$
#8055000
b10011010 +
1"
#8060000
0"
b11001001 )
#8065000
b110101 +
1"
#8070000
0"
#8075000
b1101010 +
1"
#8080000
0"
1$
#8085000
b11010100 +
1"
#8090000
0"
0$
#8095000
b10101000 +
1"
#8100000
0"
b11001010 )
#8105000
b1010001 +
1"
#8110000
0"
#8115000
b10100011 +
1"
#8120000
0"
1$
#8125000
b100 !
b100 ,
b1000110 +
1"
#8130000
0"
0$
#8135000
b10001100 +
1"
#8140000
0"
b11001011 )
#8145000
b11000 +
1"
#8150000
0"
#8155000
b110000 +
1"
#8160000
0"
1$
#8165000
b1 !
b1 ,
b1100000 +
1"
#8170000
0"
0$
#8175000
b11000001 +
1"
#8180000
0"
b11001100 )
#8185000
b10000011 +
1"
#8190000
0"
#8195000
b111 +
1"
#8200000
0"
1$
#8205000
b100 !
b100 ,
b1110 +
1"
#8210000
0"
0$
#8215000
b11101 +
1"
#8220000
0"
b11001101 )
#8225000
b111010 +
1"
#8230000
0"
#8235000
b1110101 +
1"
#8240000
0"
1$
#8245000
b10 !
b10 ,
b11101010 +
1"
#8250000
0"
0$
#8255000
b11010101 +
1"
#8260000
0"
b11001110 )
#8265000
b10101010 +
1"
#8270000
0"
#8275000
b1010101 +
1"
#8280000
0"
1$
#8285000
b10101011 +
1"
#8290000
0"
0$
#8295000
b1010111 +
1"
#8300000
0"
b11001111 )
#8305000
b10101111 +
1"
#8310000
0"
#8315000
b1011111 +
1"
#8320000
0"
1$
#8325000
b100 !
b100 ,
b10111110 +
1"
#8330000
0"
0$
#8335000
b1111100 +
1"
#8340000
0"
b11010000 )
#8345000
b11111001 +
1"
#8350000
0"
#8355000
b11110010 +
1"
#8360000
0"
1$
#8365000
b11 !
b11 ,
b11100101 +
1"
#8370000
0"
0$
#8375000
b11001010 +
1"
#8380000
0"
b11010001 )
#8385000
b10010100 +
1"
#8390000
0"
#8395000
b101000 +
1"
#8400000
0"
1$
#8405000
b1 !
b1 ,
b1010000 +
1"
#8410000
0"
0$
#8415000
b10100001 +
1"
#8420000
0"
b11010010 )
#8425000
b1000010 +
1"
#8430000
0"
#8435000
b10000100 +
1"
#8440000
0"
1$
#8445000
b1001 +
1"
#8450000
0"
0$
#8455000
b10011 +
1"
#8460000
0"
b11010011 )
#8465000
b100111 +
1"
#8470000
0"
#8475000
b1001111 +
1"
#8480000
0"
1$
#8485000
b100 !
b100 ,
b10011111 +
1"
#8490000
0"
0$
#8495000
b111111 +
1"
#8500000
0"
b11010100 )
#8505000
b1111111 +
1"
#8510000
0"
#8515000
b11111111 +
1"
#8520000
0"
1$
#8525000
b11111110 +
1"
#8530000
0"
0$
#8535000
b11111100 +
1"
#8540000
0"
b11010101 )
#8545000
b11111000 +
1"
#8550000
0"
#8555000
b11110000 +
1"
#8560000
0"
1$
#8565000
b1 !
b1 ,
b11100001 +
1"
#8570000
0"
0$
#8575000
b11000010 +
1"
#8580000
0"
b11010110 )
#8585000
b10000101 +
1"
#8590000
0"
#8595000
b1011 +
1"
#8600000
0"
1$
#8605000
b100 !
b100 ,
b10111 +
1"
#8610000
0"
0$
#8615000
b101111 +
1"
#8620000
0"
b11010111 )
#8625000
b1011110 +
1"
#8630000
0"
#8635000
b10111100 +
1"
#8640000
0"
1$
#8645000
b1 !
b1 ,
b1111000 +
1"
#8650000
0"
0$
#8655000
b11110001 +
1"
#8660000
0"
b11011000 )
#8665000
b11100011 +
1"
#8670000
0"
#8675000
b11000110 +
1"
#8680000
0"
1$
#8685000
b11 !
b11 ,
b10001101 +
1"
#8690000
0"
0$
#8695000
b11010 +
1"
#8700000
0"
b11011001 )
#8705000
b110100 +
1"
#8710000
0"
#8715000
b1101000 +
1"
#8720000
0"
1$
#8725000
b1 !
b1 ,
b11010000 +
1"
#8730000
0"
0$
#8735000
b10100000 +
1"
#8740000
0"
b11011010 )
#8745000
b1000000 +
1"
#8750000
0"
#8755000
b10000000 +
1"
#8760000
0"
1$
#8765000
b1 +
1"
#8770000
0"
0$
#8775000
b10 +
1"
#8780000
0"
b11011011 )
#8785000
b100 +
1"
#8790000
0"
#8795000
b1000 +
1"
#8800000
0"
1$
#8805000
b10001 +
1"
#8810000
0"
0$
#8815000
b100011 +
1"
#8820000
0"
b11011100 )
#8825000
b1000111 +
1"
#8830000
0"
#8835000
b10001110 +
1"
#8840000
0"
1$
#8845000
b11 !
b11 ,
b11100 +
1"
#8850000
0"
0$
#8855000
b111000 +
1"
#8860000
0"
b11011101 )
#8865000
b1110001 +
1"
#8870000
0"
#8875000
b11100010 +
1"
#8880000
0"
1$
#8885000
b11000100 +
1"
#8890000
0"
0$
#8895000
b10001001 +
1"
#8900000
0"
b11011110 )
#8905000
b10010 +
1"
#8910000
0"
#8915000
b100101 +
1"
#8920000
0"
1$
#8925000
b10 !
b10 ,
b1001011 +
1"
#8930000
0"
0$
#8935000
b10010111 +
1"
#8940000
0"
b11011111 )
#8945000
b101110 +
1"
#8950000
0"
#8955000
b1011100 +
1"
#8960000
0"
1$
#8965000
b1 !
b1 ,
b10111000 +
1"
#8970000
0"
0$
#8975000
b1110000 +
1"
#8980000
0"
b11100000 )
#8985000
b11100000 +
1"
#8990000
0"
#8995000
b11000000 +
1"
#9000000
0"
1$
#9005000
b10000001 +
1"
#9010000
0"
0$
#9015000
b11 +
1"
#9020000
0"
b11100001 )
#9025000
b110 +
1"
#9030000
0"
#9035000
b1100 +
1"
#9040000
0"
1$
#9045000
b11001 +
1"
#9050000
0"
0$
#9055000
b110010 +
1"
#9060000
0"
b11100010 )
#9065000
b1100100 +
1"
#9070000
0"
#9075000
b11001001 +
1"
#9080000
0"
1$
#9085000
b10 !
b10 ,
b10010010 +
1"
#9090000
0"
0$
#9095000
b100100 +
1"
#9100000
0"
b11100011 )
#9105000
b1001001 +
1"
#9110000
0"
#9115000
b10010011 +
1"
#9120000
0"
1$
#9125000
b100 !
b100 ,
b100110 +
1"
#9130000
0"
0$
#9135000
b1001101 +
1"
#9140000
0"
b11100100 )
#9145000
b10011011 +
1"
#9150000
0"
#9155000
b110111 +
1"
#9160000
0"
1$
#9165000
b1101110 +
1"
#9170000
0"
0$
#9175000
b11011100 +
1"
#9180000
0"
b11100101 )
#9185000
b10111001 +
1"
#9190000
0"
#9195000
b1110010 +
1"
#9200000
0"
1$
#9205000
b11 !
b11 ,
b11100100 +
1"
#9210000
0"
0$
#9215000
b11001000 +
1"
#9220000
0"
b11100110 )
#9225000
b10010000 +
1"
#9230000
0"
#9235000
b100000 +
1"
#9240000
0"
1$
#9245000
b1 !
b1 ,
b1000001 +
1"
#9250000
0"
0$
#9255000
b10000010 +
1"
#9260000
0"
b11100111 )
#9265000
b101 +
1"
#9270000
0"
#9275000
b1010 +
1"
#9280000
0"
1$
#9285000
b11 !
b11 ,
b10101 +
1"
#9290000
0"
0$
#9295000
b101011 +
1"
#9300000
0"
b11101000 )
#9305000
b1010110 +
1"
#9310000
0"
#9315000
b10101101 +
1"
#9320000
0"
1$
#9325000
b10 !
b10 ,
b1011011 +
1"
#9330000
0"
0$
#9335000
b10110110 +
1"
#9340000
0"
b11101001 )
#9345000
b1101101 +
1"
#9350000
0"
#9355000
b11011010 +
1"
#9360000
0"
1$
#9365000
b11 !
b11 ,
b10110101 +
1"
#9370000
0"
0$
#9375000
b1101011 +
1"
#9380000
0"
b11101010 )
#9385000
b11010110 +
1"
#9390000
0"
#9395000
b10101100 +
1"
#9400000
0"
1$
#9405000
b1 !
b1 ,
b1011001 +
1"
#9410000
0"
0$
#9415000
b10110010 +
1"
#9420000
0"
b11101011 )
#9425000
b1100101 +
1"
#9430000
0"
#9435000
b11001011 +
1"
#9440000
0"
1$
#9445000
b100 !
b100 ,
b10010110 +
1"
#9450000
0"
0$
#9455000
b101100 +
1"
#9460000
0"
b11101100 )
#9465000
b1011000 +
1"
#9470000
0"
#9475000
b10110000 +
1"
#9480000
0"
1$
#9485000
b1 !
b1 ,
b1100001 +
1"
#9490000
0"
0$
#9495000
b11000011 +
1"
#9500000
0"
b11101101 )
#9505000
b10000111 +
1"
#9510000
0"
#9515000
b1111 +
1"
#9520000
0"
1$
#9525000
b100 !
b100 ,
b11111 +
1"
#9530000
0"
0$
#9535000
b111110 +
1"
#9540000
0"
b11101110 )
#9545000
b1111101 +
1"
#9550000
0"
#9555000
b11111011 +
1"
#9560000
0"
1$
#9565000
b11110110 +
1"
#9570000
0"
0$
#9575000
b11101101 +
1"
#9580000
0"
b11101111 )
#9585000
b11011011 +
1"
#9590000
0"
#9595000
b10110111 +
1"
#9600000
0"
1$
#9605000
b1101111 +
1"
#9610000
0"
0$
#9615000
b11011110 +
1"
#9620000
0"
b11110000 )
#9625000
b10111101 +
1"
#9630000
0"
#9635000
b1111010 +
1"
#9640000
0"
1$
#9645000
b11 !
b11 ,
b11110101 +
1"
#9650000
0"
0$
#9655000
b11101011 +
1"
#9660000
0"
b11110001 )
#9665000
b11010111 +
1"
#9670000
0"
#9675000
b10101110 +
1"
#9680000
0"
1$
#9685000
b1011101 +
1"
#9690000
0"
0$
#9695000
b10111010 +
1"
#9700000
0"
b11110010 )
#9705000
b1110100 +
1"
#9710000
0"
#9715000
b11101000 +
1"
#9720000
0"
1$
#9725000
b1 !
b1 ,
b11010001 +
1"
#9730000
0"
0$
#9735000
b10100010 +
1"
#9740000
0"
b11110011 )
#9745000
b1000100 +
1"
#9750000
0"
#9755000
b10001000 +
1"
#9760000
0"
1$
#9765000
b10000 +
1"
#9770000
0"
0$
#9775000
b100001 +
1"
#9780000
0"
b11110100 )
#9785000
b1000011 +
1"
#9790000
0"
#9795000
b10000110 +
1"
#9800000
0"
1$
#9805000
b11 !
b11 ,
b1101 +
1"
#9810000
0"
0$
#9815000
b11011 +
1"
#9820000
0"
b11110101 )
#9825000
b110110 +
1"
#9830000
0"
#9835000
b1101100 +
1"
#9840000
0"
1$
#9845000
b1 !
b1 ,
b11011000 +
1"
#9850000
0"
0$
#9855000
b10110001 +
1"
#9860000
0"
b11110110 )
#9865000
b1100011 +
1"
#9870000
0"
#9875000
b11000111 +
1"
#9880000
0"
1$
#9885000
b100 !
b100 ,
b10001111 +
1"
#9890000
0"
0$
#9895000
b11110 +
1"
#9900000
0"
b11110111 )
#9905000
b111100 +
1"
#9910000
0"
#9915000
b1111001 +
1"
#9920000
0"
1$
#9925000
b10 !
b10 ,
b11110011 +
1"
#9930000
0"
0$
#9935000
b11100111 +
1"
#9940000
0"
b11111000 )
#9945000
b11001110 +
1"
#9950000
0"
#9955000
b10011100 +
1"
#9960000
0"
1$
#9965000
b1 !
b1 ,
b111001 +
1"
#9970000
0"
0$
#9975000
b1110011 +
1"
#9980000
0"
b11111001 )
#9985000
b11100110 +
1"
#9990000
0"
#9995000
b11001100 +
1"
#10000000
0"
1$
#10005000
b10011000 +
1"
#10010000
0"
0$
#10015000
b110001 +
1"
#10020000
0"
b11111010 )
#10025000
b1100010 +
1"
#10030000
0"
#10035000
b11000101 +
1"
#10040000
0"
1$
#10045000
b10 !
b10 ,
b10001011 +
1"
#10050000
0"
0$
#10055000
b10110 +
1"
#10060000
0"
b11111011 )
#10065000
b101101 +
1"
#10070000
0"
#10075000
b1011010 +
1"
#10080000
0"
1$
#10085000
b11 !
b11 ,
b10110100 +
1"
#10090000
0"
0$
#10095000
b1101001 +
1"
#10100000
0"
b11111100 )
#10105000
b11010010 +
1"
#10110000
0"
#10115000
b10100100 +
1"
#10120000
0"
1$
#10125000
b1 !
b1 ,
b1001000 +
1"
#10130000
0"
0$
#10135000
b10010001 +
1"
#10140000
0"
b11111101 )
#10145000
b100010 +
1"
#10150000
0"
#10155000
b1000101 +
1"
#10160000
0"
1$
#10165000
b10 !
b10 ,
b10001010 +
1"
#10170000
0"
0$
#10175000
b10100 +
1"
#10180000
0"
b11111110 )
#10185000
b101001 +
1"
#10190000
0"
#10195000
b1010010 +
1"
#10200000
0"
1$
#10205000
b11 !
b11 ,
b10100101 +
1"
#10210000
0"
0$
#10215000
b1001010 +
1"
#10220000
0"
b11111111 )
#10225000
b10010101 +
1"
#10230000
0"
#10235000
b101010 +
1"
#10240000
0"
1$
#10245000
b1010100 +
1"
#10250000
0"
0$
#10255000
b10101001 +
1"
#10260000
0"
b100000000 )
#10265000
b1010011 +
1"
#10270000
0"
#10275000
b10100111 +
1"
#10280000
0"
1$
#10285000
b100 !
b100 ,
b1001110 +
1"
#10290000
0"
0$
#10295000
b10011101 +
1"
#10300000
0"
b100000001 )
#10305000
b111011 +
1"
#10310000
0"
#10315000
b1110111 +
1"
#10320000
0"
1$
#10325000
b11101110 +
1"
#10330000
0"
0$
#10335000
b11011101 +
1"
#10340000
0"
b100000010 )
#10345000
b10111011 +
1"
#10350000
0"
#10355000
b1110110 +
1"
#10360000
0"
1$
#10365000
b11 !
b11 ,
b11101100 +
1"
#10370000
0"
0$
#10375000
b11011001 +
1"
#10380000
0"
b100000011 )
#10385000
b10110011 +
1"
#10390000
0"
#10395000
b1100111 +
1"
#10400000
0"
1$
#10405000
b100 !
b100 ,
b11001111 +
1"
#10410000
0"
0$
#10415000
b10011110 +
1"
#10420000
0"
b100000100 )
#10425000
b111101 +
1"
#10430000
0"
#10435000
b1111011 +
1"
#10440000
0"
1$
#10445000
b11110111 +
1"
#10450000
0"
0$
#10455000
b11101111 +
1"
#10460000
0"
b100000101 )
#10465000
b11011111 +
1"
#10470000
0"
#10475000
b10111111 +
1"
#10480000
0"
1$
#10485000
b1111110 +
1"
#10490000
0"
0$
#10495000
b11111101 +
1"
#10500000
0"
b100000110 )
#10505000
b11111010 +
1"
#10510000
0"
#10515000
b11110100 +
1"
#10520000
0"
1$
#10525000
b1 !
b1 ,
b11101001 +
1"
#10530000
0"
0$
#10535000
b11010011 +
1"
#10540000
0"
b100000111 )
#10545000
b10100110 +
1"
#10550000
0"
#10555000
b1001100 +
1"
#10560000
0"
1$
#10565000
b10011001 +
1"
#10570000
0"
0$
#10575000
b110011 +
1"
#10580000
0"
b100001000 )
#10585000
b1100110 +
1"
#10590000
0"
#10595000
b11001101 +
1"
#10600000
0"
1$
#10605000
b10 !
b10 ,
b10011010 +
1"
#10610000
0"
0$
#10615000
b110101 +
1"
#10620000
0"
b100001001 )
#10625000
b1101010 +
1"
#10630000
0"
#10635000
b11010100 +
1"
#10640000
0"
1$
#10645000
b1 !
b1 ,
b10101000 +
1"
#10650000
0"
0$
#10655000
b1010001 +
1"
#10660000
0"
b100001010 )
#10665000
b10100011 +
1"
#10670000
0"
#10675000
b1000110 +
1"
#10680000
0"
1$
#10685000
b11 !
b11 ,
b10001100 +
1"
#10690000
0"
0$
#10695000
b11000 +
1"
#10700000
0"
b100001011 )
#10705000
b110000 +
1"
#10710000
0"
#10715000
b1100000 +
1"
#10720000
0"
1$
#10725000
b1 !
b1 ,
b11000001 +
1"
#10730000
0"
0$
#10735000
b10000011 +
1"
#10740000
0"
b100001100 )
#10745000
b111 +
1"
#10750000
0"
#10755000
b1110 +
1"
#10760000
0"
1$
#10765000
b11 !
b11 ,
b11101 +
1"
#10770000
0"
0$
#10775000
b111010 +
1"
#10780000
0"
b100001101 )
#10785000
b1110101 +
1"
#10790000
0"
#10795000
b11101010 +
1"
#10800000
0"
1$
#10805000
b11010101 +
1"
#10810000
0"
0$
#10815000
b10101010 +
1"
#10820000
0"
b100001110 )
#10825000
b1010101 +
1"
#10830000
0"
#10835000
b10101011 +
1"
#10840000
0"
1$
#10845000
b100 !
b100 ,
b1010111 +
1"
#10850000
0"
0$
#10855000
b10101111 +
1"
#10860000
0"
b100001111 )
#10865000
b1011111 +
1"
#10870000
0"
#10875000
b10111110 +
1"
#10880000
0"
1$
#10885000
b11 !
b11 ,
b1111100 +
1"
#10890000
0"
0$
#10895000
b11111001 +
1"
#10900000
0"
b100010000 )
#10905000
b11110010 +
1"
#10910000
0"
#10915000
b11100101 +
1"
#10920000
0"
1$
#10925000
b10 !
b10 ,
b11001010 +
1"
#10930000
0"
0$
#10935000
b10010100 +
1"
#10940000
0"
b100010001 )
#10945000
b101000 +
1"
#10950000
0"
#10955000
b1010000 +
1"
#10960000
0"
1$
#10965000
b1 !
b1 ,
b10100001 +
1"
#10970000
0"
0$
#10975000
b1000010 +
1"
#10980000
0"
b100010010 )
#10985000
b10000100 +
1"
#10990000
0"
#10995000
b1001 +
1"
#11000000
0"
1$
#11005000
b10 !
b10 ,
b10011 +
1"
#11010000
0"
0$
#11015000
b100111 +
1"
#11020000
0"
b100010011 )
#11025000
b1001111 +
1"
#11030000
0"
#11035000
b10011111 +
1"
#11040000
0"
1$
#11045000
b100 !
b100 ,
b111111 +
1"
#11050000
0"
0$
#11055000
b1111111 +
1"
#11060000
0"
b100010100 )
#11065000
b11111111 +
1"
#11070000
0"
#11075000
b11111110 +
1"
#11080000
0"
1$
#11085000
b11 !
b11 ,
b11111100 +
1"
#11090000
0"
0$
#11095000
b11111000 +
1"
#11100000
0"
b100010101 )
#11105000
b11110000 +
1"
#11110000
0"
#11115000
b11100001 +
1"
#11120000
0"
1$
#11125000
b10 !
b10 ,
b11000010 +
1"
#11130000
0"
0$
#11135000
b10000101 +
1"
#11140000
0"
b100010110 )
#11145000
b1011 +
1"
#11150000
0"
#11155000
b10111 +
1"
#11160000
0"
1$
#11165000
b100 !
b100 ,
b101111 +
1"
#11170000
0"
0$
#11175000
b1011110 +
1"
#11180000
0"
b100010111 )
#11185000
b10111100 +
1"
#11190000
0"
#11195000
b1111000 +
1"
#11200000
0"
1$
#11205000
b1 !
b1 ,
b11110001 +
1"
#11210000
0"
0$
#11215000
b11100011 +
1"
#11220000
0"
b100011000 )
#11225000
b11000110 +
1"
#11230000
0"
#11235000
b10001101 +
1"
#11240000
0"
1$
#11245000
b10 !
b10 ,
b11010 +
1"
#11250000
0"
0$
#11255000
b110100 +
1"
#11260000
0"
b100011001 )
#11265000
b1101000 +
1"
#11270000
0"
#11275000
b11010000 +
1"
#11280000
0"
1$
#11285000
b1 !
b1 ,
b10100000 +
1"
#11290000
0"
0$
#11295000
b1000000 +
1"
#11300000
0"
b100011010 )
#11305000
b10000000 +
1"
#11310000
0"
#11315000
b1 +
1"
#11320000
0"
1$
#11325000
b10 !
b10 ,
b10 +
1"
#11330000
0"
0$
#11335000
b100 +
1"
#11340000
0"
b100011011 )
#11345000
b1000 +
1"
#11350000
0"
#11355000
b10001 +
1"
#11360000
0"
1$
#11365000
b100011 +
1"
#11370000
0"
0$
#11375000
b1000111 +
1"
#11380000
0"
b100011100 )
#11385000
b10001110 +
1"
#11390000
0"
#11395000
b11100 +
1"
#11400000
0"
1$
#11405000
b1 !
b1 ,
b111000 +
1"
#11410000
0"
0$
#11415000
b1110001 +
1"
#11420000
0"
b100011101 )
#11425000
b11100010 +
1"
#11430000
0"
#11435000
b11000100 +
1"
#11440000
0"
1$
#11445000
b10001001 +
1"
#11450000
0"
0$
#11455000
b10010 +
1"
#11460000
0"
b100011110 )
#11465000
b100101 +
1"
#11470000
0"
#11475000
b1001011 +
1"
#11480000
0"
1$
#11485000
b100 !
b100 ,
b10010111 +
1"
#11490000
0"
0$
#11495000
b101110 +
1"
#11500000
0"
b100011111 )
#11505000
b1011100 +
1"
#11510000
0"
#11515000
b10111000 +
1"
#11520000
0"
1$
#11525000
b1 !
b1 ,
b1110000 +
1"
#11530000
0"
0$
#11535000
b11100000 +
1"
#11540000
0"
b100100000 )
#11545000
b11000000 +
1"
#11550000
0"
#11555000
b10000001 +
1"
#11560000
0"
1$
#11565000
b10 !
b10 ,
b11 +
1"
#11570000
0"
0$
#11575000
b110 +
1"
#11580000
0"
b100100001 )
#11585000
b1100 +
1"
#11590000
0"
#11595000
b11001 +
1"
#11600000
0"
1$
#11605000
b110010 +
1"
#11610000
0"
0$
#11615000
b1100100 +
1"
#11620000
0"
b100100010 )
#11625000
b11001001 +
1"
#11630000
0"
#11635000
b10010010 +
1"
#11640000
0"
1$
#11645000
b11 !
b11 ,
b100100 +
1"
#11650000
0"
0$
#11655000
b1001001 +
1"
#11660000
0"
b100100011 )
#11665000
b10010011 +
1"
#11670000
0"
#11675000
b100110 +
1"
#11680000
0"
1$
#11685000
b1001101 +
1"
#11690000
0"
0$
#11695000
b10011011 +
1"
#11700000
0"
b100100100 )
#11705000
b110111 +
1"
#11710000
0"
#11715000
b1101110 +
1"
#11720000
0"
1$
#11725000
b11011100 +
1"
#11730000
0"
0$
#11735000
b10111001 +
1"
#11740000
0"
b100100101 )
#11745000
b1110010 +
1"
#11750000
0"
#11755000
b11100100 +
1"
#11760000
0"
1$
#11765000
b1 !
b1 ,
b11001000 +
1"
#11770000
0"
0$
#11775000
b10010000 +
1"
#11780000
0"
b100100110 )
#11785000
b100000 +
1"
#11790000
0"
#11795000
b1000001 +
1"
#11800000
0"
1$
#11805000
b10 !
b10 ,
b10000010 +
1"
#11810000
0"
0$
#11815000
b101 +
1"
#11820000
0"
b100100111 )
#11825000
b1010 +
1"
#11830000
0"
#11835000
b10101 +
1"
#11840000
0"
1$
#11845000
b101011 +
1"
#11850000
0"
0$
#11855000
b1010110 +
1"
#11860000
0"
b100101000 )
#11865000
b10101101 +
1"
#11870000
0"
#11875000
b1011011 +
1"
#11880000
0"
1$
#11885000
b100 !
b100 ,
b10110110 +
1"
#11890000
0"
0$
#11895000
b1101101 +
1"
#11900000
0"
b100101001 )
#11905000
b11011010 +
1"
#11910000
0"
#11915000
b10110101 +
1"
#11920000
0"
1$
#11925000
b10 !
b10 ,
b1101011 +
1"
#11930000
0"
0$
#11935000
b11010110 +
1"
#11940000
0"
b100101010 )
#11945000
b10101100 +
1"
#11950000
0"
#11955000
b1011001 +
1"
#11960000
0"
1$
#11965000
b10110010 +
1"
#11970000
0"
0$
#11975000
b1100101 +
1"
#11980000
0"
b100101011 )
#11985000
b11001011 +
1"
#11990000
0"
#11995000
b10010110 +
1"
#12000000
0"
1$
#12005000
b11 !
b11 ,
b101100 +
1"
#12010000
0"
0$
#12015000
b1011000 +
1"
#12020000
0"
b100101100 )
#12025000
b10110000 +
1"
#12030000
0"
#12035000
b1100001 +
1"
#12040000
0"
1$
#12045000
b10 !
b10 ,
b11000011 +
1"
#12050000
0"
0$
#12055000
b10000111 +
1"
#12060000
0"
b100101101 )
#12065000
b1111 +
1"
#12070000
0"
#12075000
b11111 +
1"
#12080000
0"
1$
#12085000
b100 !
b100 ,
b111110 +
1"
#12090000
0"
0$
#12095000
b1111101 +
1"
#12100000
0"
b100101110 )
#12105000
b11111011 +
1"
#12110000
0"
#12115000
b11110110 +
1"
#12120000
0"
1$
#12125000
b11 !
b11 ,
b11101101 +
1"
#12130000
0"
0$
#12135000
b11011011 +
1"
#12140000
0"
b100101111 )
#12145000
b10110111 +
1"
#12150000
0"
#12155000
b1101111 +
1"
#12160000
0"
1$
#12165000
b100 !
b100 ,
b11011110 +
1"
#12170000
0"
0$
#12175000
b10111101 +
1"
#12180000
0"
b100110000 )
#12185000
b1111010 +
1"
#12190000
0"
#12195000
b11110101 +
1"
#12200000
0"
1$
#12205000
b10 !
b10 ,
b11101011 +
1"
#12210000
0"
0$
#12215000
b11010111 +
1"
#12220000
0"
b100110001 )
#12225000
b10101110 +
1"
#12230000
0"
#12235000
b1011101 +
1"
#12240000
0"
1$
#12245000
b10111010 +
1"
#12250000
0"
0$
#12255000
b1110100 +
1"
#12260000
0"
b100110010 )
#12265000
b11101000 +
1"
#12270000
0"
#12275000
b11010001 +
1"
#12280000
0"
1$
#12285000
b10100010 +
1"
#12290000
0"
0$
#12295000
b1000100 +
1"
#12300000
0"
b100110011 )
#12305000
b10001000 +
1"
#12310000
0"
#12315000
b10000 +
1"
#12320000
0"
1$
#12325000
b1 !
b1 ,
b100001 +
1"
#12330000
0"
0$
#12335000
b1000011 +
1"
#12340000
0"
b100110100 )
#12345000
b10000110 +
1"
#12350000
0"
#12355000
b1101 +
1"
#12360000
0"
1$
#12365000
b10 !
b10 ,
b11011 +
1"
#12370000
0"
0$
#12375000
b110110 +
1"
#12380000
0"
b100110101 )
#12385000
b1101100 +
1"
#12390000
0"
#12395000
b11011000 +
1"
#12400000
0"
1$
#12405000
b1 !
b1 ,
b10110001 +
1"
#12410000
0"
0$
#12415000
b1100011 +
1"
#12420000
0"
b100110110 )
#12425000
b11000111 +
1"
#12430000
0"
#12435000
b10001111 +
1"
#12440000
0"
1$
#12445000
b100 !
b100 ,
b11110 +
1"
#12450000
0"
0$
#12455000
b111100 +
1"
#12460000
0"
b100110111 )
#12465000
b1111001 +
1"
#12470000
0"
#12475000
b11110011 +
1"
#12480000
0"
1$
#12485000
b11100111 +
1"
#12490000
0"
0$
#12495000
b11001110 +
1"
#12500000
0"
b100111000 )
#12505000
b10011100 +
1"
#12510000
0"
#12515000
b111001 +
1"
#12520000
0"
1$
#12525000
b10 !
b10 ,
b1110011 +
1"
#12530000
0"
0$
#12535000
b11100110 +
1"
#12540000
0"
b100111001 )
#12545000
b11001100 +
1"
#12550000
0"
#12555000
b10011000 +
1"
#12560000
0"
1$
#12565000
b1 !
b1 ,
b110001 +
1"
#12570000
0"
0$
#12575000
b1100010 +
1"
#12580000
0"
b100111010 )
#12585000
b11000101 +
1"
#12590000
0"
#12595000
b10001011 +
1"
#12600000
0"
1$
#12605000
b100 !
b100 ,
b10110 +
1"
#12610000
0"
0$
#12615000
b101101 +
1"
#12620000
0"
b100111011 )
#12625000
b1011010 +
1"
#12630000
0"
#12635000
b10110100 +
1"
#12640000
0"
1$
#12645000
b1 !
b1 ,
b1101001 +
1"
#12650000
0"
0$
#12655000
b11010010 +
1"
#12660000
0"
b100111100 )
#12665000
b10100100 +
1"
#12670000
0"
#12675000
b1001000 +
1"
#12680000
0"
1$
#12685000
b10010001 +
1"
#12690000
0"
0$
#12695000
b100010 +
1"
#12700000
0"
b100111101 )
#12705000
b1000101 +
1"
#12710000
0"
#12715000
b10001010 +
1"
#12720000
0"
1$
#12725000
b11 !
b11 ,
b10100 +
1"
#12730000
0"
0$
#12735000
b101001 +
1"
#12740000
0"
b100111110 )
#12745000
b1010010 +
1"
#12750000
0"
#12755000
b10100101 +
1"
#12760000
0"
1$
#12765000
b10 !
b10 ,
b1001010 +
1"
#12770000
0"
0$
#12775000
b10010101 +
1"
#12780000
0"
b100111111 )
#12785000
b101010 +
1"
#12790000
0"
#12795000
b1010100 +
1"
#12800000
0"
1$
#12805000
b1 !
b1 ,
b10101001 +
1"
#12810000
0"
0$
#12815000
b1010011 +
1"
#12820000
0"
b101000000 )
#12825000
b10100111 +
1"
#12830000
0"
#12835000
b1001110 +
1"
#12840000
0"
1$
#12845000
b11 !
b11 ,
b10011101 +
1"
#12850000
0"
0$
#12855000
b111011 +
1"
#12860000
0"
b101000001 )
#12865000
b1110111 +
1"
#12870000
0"
#12875000
b11101110 +
1"
#12880000
0"
1$
#12885000
b11011101 +
1"
#12890000
0"
0$
#12895000
b10111011 +
1"
#12900000
0"
b101000010 )
#12905000
b1110110 +
1"
#12910000
0"
#12915000
b11101100 +
1"
#12920000
0"
1$
#12925000
b1 !
b1 ,
b11011001 +
1"
#12930000
0"
0$
#12935000
b10110011 +
1"
#12940000
0"
b101000011 )
#12945000
b1100111 +
1"
#12950000
0"
#12955000
b11001111 +
1"
#12960000
0"
1$
#12965000
b100 !
b100 ,
b10011110 +
1"
#12970000
0"
0$
#12975000
b111101 +
1"
#12980000
0"
b101000100 )
#12985000
b1111011 +
1"
#12990000
0"
#12995000
b11110111 +
1"
#13000000
0"
1$
#13005000
b11101111 +
1"
#13010000
0"
0$
#13015000
b11011111 +
1"
#13020000
0"
b101000101 )
#13025000
b10111111 +
1"
#13030000
0"
#13035000
b1111110 +
1"
#13040000
0"
1$
#13045000
b11 !
b11 ,
b11111101 +
1"
#13050000
0"
0$
#13055000
b11111010 +
1"
#13060000
0"
b101000110 )
#13065000
b11110100 +
1"
#13070000
0"
#13075000
b11101001 +
1"
#13080000
0"
1$
#13085000
b10 !
b10 ,
b11010011 +
1"
#13090000
0"
0$
#13095000
b10100110 +
1"
#13100000
0"
b101000111 )
#13105000
b1001100 +
1"
#13110000
0"
#13115000
b10011001 +
1"
#13120000
0"
1$
#13125000
b110011 +
1"
#13130000
0"
0$
#13135000
b1100110 +
1"
#13140000
0"
b101001000 )
#13145000
b11001101 +
1"
#13150000
0"
#13155000
b10011010 +
1"
#13160000
0"
1$
#13165000
b11 !
b11 ,
b110101 +
1"
#13170000
0"
0$
#13175000
b1101010 +
1"
#13180000
0"
b101001001 )
#13185000
b11010100 +
1"
#13190000
0"
#13195000
b10101000 +
1"
#13200000
0"
1$
#13205000
b1 !
b1 ,
b1010001 +
1"
#13210000
0"
0$
#13215000
b10100011 +
1"
#13220000
0"
b101001010 )
#13225000
b1000110 +
1"
#13230000
0"
#13235000
b10001100 +
1"
#13240000
0"
1$
#13245000
b11000 +
1"
#13250000
0"
0$
#13255000
b110000 +
1"
#13260000
0"
b101001011 )
#13265000
b1100000 +
1"
#13270000
0"
#13275000
b11000001 +
1"
#13280000
0"
1$
#13285000
b10 !
b10 ,
b10000011 +
1"
#13290000
0"
0$
#13295000
b111 +
1"
#13300000
0"
b101001100 )
#13305000
b1110 +
1"
#13310000
0"
#13315000
b11101 +
1"
#13320000
0"
1$
#13325000
b111010 +
1"
#13330000
0"
0$
#13335000
b1110101 +
1"
#13340000
0"
b101001101 )
#13345000
b11101010 +
1"
#13350000
0"
#13355000
b11010101 +
1"
#13360000
0"
1$
#13365000
b10101010 +
1"
#13370000
0"
0$
#13375000
b1010101 +
1"
#13380000
0"
b101001110 )
#13385000
b10101011 +
1"
#13390000
0"
#13395000
b1010111 +
1"
#13400000
0"
1$
#13405000
b100 !
b100 ,
b10101111 +
1"
#13410000
0"
0$
#13415000
b1011111 +
1"
#13420000
0"
b101001111 )
#13425000
b10111110 +
1"
#13430000
0"
#13435000
b1111100 +
1"
#13440000
0"
1$
#13445000
b1 !
b1 ,
b11111001 +
1"
#13450000
0"
0$
#13455000
b11110010 +
1"
#13460000
0"
b101010000 )
#13465000
b11100101 +
1"
#13470000
0"
#13475000
b11001010 +
1"
#13480000
0"
1$
#13485000
b11 !
b11 ,
b10010100 +
1"
#13490000
0"
0$
#13495000
b101000 +
1"
#13500000
0"
b101010001 )
#13505000
b1010000 +
1"
#13510000
0"
#13515000
b10100001 +
1"
#13520000
0"
1$
#13525000
b10 !
b10 ,
b1000010 +
1"
#13530000
0"
0$
#13535000
b10000100 +
1"
#13540000
0"
b101010010 )
#13545000
b1001 +
1"
#13550000
0"
#13555000
b10011 +
1"
#13560000
0"
1$
#13565000
b100 !
b100 ,
b100111 +
1"
#13570000
0"
0$
#13575000
b1001111 +
1"
#13580000
0"
b101010011 )
#13585000
b10011111 +
1"
#13590000
0"
#13595000
b111111 +
1"
#13600000
0"
1$
#13605000
b1111111 +
1"
#13610000
0"
0$
#13615000
b11111111 +
1"
#13620000
0"
b101010100 )
#13625000
b11111110 +
1"
#13630000
0"
#13635000
b11111100 +
1"
#13640000
0"
1$
#13645000
b1 !
b1 ,
b11111000 +
1"
#13650000
0"
0$
#13655000
b11110000 +
1"
#13660000
0"
b101010101 )
#13665000
b11100001 +
1"
#13670000
0"
#13675000
b11000010 +
1"
#13680000
0"
1$
#13685000
b11 !
b11 ,
b10000101 +
1"
#13690000
0"
0$
#13695000
b1011 +
1"
#13700000
0"
b101010110 )
#13705000
b10111 +
1"
#13710000
0"
#13715000
b101111 +
1"
#13720000
0"
1$
#13725000
b100 !
b100 ,
b1011110 +
1"
#13730000
0"
0$
#13735000
b10111100 +
1"
#13740000
0"
b101010111 )
#13745000
b1111000 +
1"
#13750000
0"
#13755000
b11110001 +
1"
#13760000
0"
1$
#13765000
b10 !
b10 ,
b11100011 +
1"
#13770000
0"
0$
#13775000
b11000110 +
1"
#13780000
0"
b101011000 )
#13785000
b10001101 +
1"
#13790000
0"
#13795000
b11010 +
1"
#13800000
0"
1$
#13805000
b11 !
b11 ,
b110100 +
1"
#13810000
0"
0$
#13815000
b1101000 +
1"
#13820000
0"
b101011001 )
#13825000
b11010000 +
1"
#13830000
0"
#13835000
b10100000 +
1"
#13840000
0"
1$
#13845000
b1 !
b1 ,
b1000000 +
1"
#13850000
0"
0$
#13855000
b10000000 +
1"
#13860000
0"
b101011010 )
#13865000
b1 +
1"
#13870000
0"
#13875000
b10 +
1"
#13880000
0"
1$
#13885000
b11 !
b11 ,
b100 +
1"
#13890000
0"
0$
#13895000
b1000 +
1"
#13900000
0"
b101011011 )
#13905000
b10001 +
1"
#13910000
0"
#13915000
b100011 +
1"
#13920000
0"
1$
#13925000
b100 !
b100 ,
b1000111 +
1"
#13930000
0"
0$
#13935000
b10001110 +
1"
#13940000
0"
b101011100 )
#13945000
b11100 +
1"
#13950000
0"
#13955000
b111000 +
1"
#13960000
0"
1$
#13965000
b1 !
b1 ,
b1110001 +
1"
#13970000
0"
0$
#13975000
b11100010 +
1"
#13980000
0"
b101011101 )
#13985000
b11000100 +
1"
#13990000
0"
#13995000
b10001001 +
1"
#14000000
0"
1$
#14005000
b10 !
b10 ,
b10010 +
1"
#14010000
0"
0$
#14015000
b100101 +
1"
#14020000
0"
b101011110 )
#14025000
b1001011 +
1"
#14030000
0"
#14035000
b10010111 +
1"
#14040000
0"
1$
#14045000
b100 !
b100 ,
b101110 +
1"
#14050000
0"
0$
#14055000
b1011100 +
1"
#14060000
0"
b101011111 )
#14065000
b10111000 +
1"
#14070000
0"
#14075000
b1110000 +
1"
#14080000
0"
1$
#14085000
b1 !
b1 ,
b11100000 +
1"
#14090000
0"
0$
#14095000
b11000000 +
1"
#14100000
0"
b101100000 )
#14105000
b10000001 +
1"
#14110000
0"
#14115000
b11 +
1"
#14120000
0"
1$
#14125000
b100 !
b100 ,
b110 +
1"
#14130000
0"
0$
#14135000
b1100 +
1"
#14140000
0"
b101100001 )
#14145000
b11001 +
1"
#14150000
0"
#14155000
b110010 +
1"
#14160000
0"
1$
#14165000
b11 !
b11 ,
b1100100 +
1"
#14170000
0"
0$
#14175000
b11001001 +
1"
#14180000
0"
b101100010 )
#14185000
b10010010 +
1"
#14190000
0"
#14195000
b100100 +
1"
#14200000
0"
1$
#14205000
b1 !
b1 ,
b1001001 +
1"
#14210000
0"
0$
#14215000
b10010011 +
1"
#14220000
0"
b101100011 )
#14225000
b100110 +
1"
#14230000
0"
#14235000
b1001101 +
1"
#14240000
0"
1$
#14245000
b10 !
b10 ,
b10011011 +
1"
#14250000
0"
0$
#14255000
b110111 +
1"
#14260000
0"
b101100100 )
#14265000
b1101110 +
1"
#14270000
0"
#14275000
b11011100 +
1"
#14280000
0"
1$
#14285000
b1 !
b1 ,
b10111001 +
1"
#14290000
0"
0$
#14295000
b1110010 +
1"
#14300000
0"
b101100101 )
#14305000
b11100100 +
1"
#14310000
0"
#14315000
b11001000 +
1"
#14320000
0"
1$
#14325000
b10010000 +
1"
#14330000
0"
0$
#14335000
b100000 +
1"
#14340000
0"
b101100110 )
#14345000
b1000001 +
1"
#14350000
0"
#14355000
b10000010 +
1"
#14360000
0"
1$
#14365000
b11 !
b11 ,
b101 +
1"
#14370000
0"
0$
#14375000
b1010 +
1"
#14380000
0"
b101100111 )
#14385000
b10101 +
1"
#14390000
0"
#14395000
b101011 +
1"
#14400000
0"
1$
#14405000
b100 !
b100 ,
b1010110 +
1"
#14410000
0"
0$
#14415000
b10101101 +
1"
#14420000
0"
b101101000 )
#14425000
b1011011 +
1"
#14430000
0"
#14435000
b10110110 +
1"
#14440000
0"
1$
#14445000
b11 !
b11 ,
b1101101 +
1"
#14450000
0"
0$
#14455000
b11011010 +
1"
#14460000
0"
b101101001 )
#14465000
b10110101 +
1"
#14470000
0"
#14475000
b1101011 +
1"
#14480000
0"
1$
#14485000
b100 !
b100 ,
b11010110 +
1"
#14490000
0"
0$
#14495000
b10101100 +
1"
#14500000
0"
b101101010 )
#14505000
b1011001 +
1"
#14510000
0"
#14515000
b10110010 +
1"
#14520000
0"
1$
#14525000
b11 !
b11 ,
b1100101 +
1"
#14530000
0"
0$
#14535000
b11001011 +
1"
#14540000
0"
b101101011 )
#14545000
b10010110 +
1"
#14550000
0"
#14555000
b101100 +
1"
#14560000
0"
1$
#14565000
b1 !
b1 ,
b1011000 +
1"
#14570000
0"
0$
#14575000
b10110000 +
1"
#14580000
0"
b101101100 )
#14585000
b1100001 +
1"
#14590000
0"
#14595000
b11000011 +
1"
#14600000
0"
1$
#14605000
b100 !
b100 ,
b10000111 +
1"
#14610000
0"
0$
#14615000
b1111 +
1"
#14620000
0"
b101101101 )
#14625000
b11111 +
1"
#14630000
0"
#14635000
b111110 +
1"
#14640000
0"
1$
#14645000
b11 !
b11 ,
b1111101 +
1"
#14650000
0"
0$
#14655000
b11111011 +
1"
#14660000
0"
b101101110 )
#14665000
b11110110 +
1"
#14670000
0"
#14675000
b11101101 +
1"
#14680000
0"
1$
#14685000
b10 !
b10 ,
b11011011 +
1"
#14690000
0"
0$
#14695000
b10110111 +
1"
#14700000
0"
b101101111 )
#14705000
b1101111 +
1"
#14710000
0"
#14715000
b11011110 +
1"
#14720000
0"
1$
#14725000
b11 !
b11 ,
b10111101 +
1"
#14730000
0"
0$
#14735000
b1111010 +
1"
#14740000
0"
b101110000 )
#14745000
b11110101 +
1"
#14750000
0"
#14755000
b11101011 +
1"
#14760000
0"
1$
#14765000
b100 !
b100 ,
b11010111 +
1"
#14770000
0"
0$
#14775000
b10101110 +
1"
#14780000
0"
b101110001 )
#14785000
b1011101 +
1"
#14790000
0"
#14795000
b10111010 +
1"
#14800000
0"
1$
#14805000
b11 !
b11 ,
b1110100 +
1"
#14810000
0"
0$
#14815000
b11101000 +
1"
#14820000
0"
b101110010 )
#14825000
b11010001 +
1"
#14830000
0"
#14835000
b10100010 +
1"
#14840000
0"
1$
#14845000
b1000100 +
1"
#14850000
0"
0$
#14855000
b10001000 +
1"
#14860000
0"
b101110011 )
#14865000
b10000 +
1"
#14870000
0"
#14875000
b100001 +
1"
#14880000
0"
1$
#14885000
b10 !
b10 ,
b1000011 +
1"
#14890000
0"
0$
#14895000
b10000110 +
1"
#14900000
0"
b101110100 )
#14905000
b1101 +
1"
#14910000
0"
#14915000
b11011 +
1"
#14920000
0"
1$
#14925000
b100 !
b100 ,
b110110 +
1"
#14930000
0"
0$
#14935000
b1101100 +
1"
#14940000
0"
b101110101 )
#14945000
b11011000 +
1"
#14950000
0"
#14955000
b10110001 +
1"
#14960000
0"
1$
#14965000
b10 !
b10 ,
b1100011 +
1"
#14970000
0"
0$
#14975000
b11000111 +
1"
#14980000
0"
b101110110 )
#14985000
b10001111 +
1"
#14990000
0"
#14995000
b11110 +
1"
#15000000
0"
1$
#15005000
b11 !
b11 ,
b111100 +
1"
#15010000
0"
0$
#15015000
b1111001 +
1"
#15020000
0"
b101110111 )
#15025000
b11110011 +
1"
#15030000
0"
#15035000
b11100111 +
1"
#15040000
0"
1$
#15045000
b100 !
b100 ,
b11001110 +
1"
#15050000
0"
0$
#15055000
b10011100 +
1"
#15060000
0"
b101111000 )
#15065000
b111001 +
1"
#15070000
0"
#15075000
b1110011 +
1"
#15080000
0"
1$
#15085000
b11100110 +
1"
#15090000
0"
0$
#15095000
b11001100 +
1"
#15100000
0"
b101111001 )
#15105000
b10011000 +
1"
#15110000
0"
#15115000
b110001 +
1"
#15120000
0"
1$
#15125000
b10 !
b10 ,
b1100010 +
1"
#15130000
0"
0$
#15135000
b11000101 +
1"
#15140000
0"
b101111010 )
#15145000
b10001011 +
1"
#15150000
0"
#15155000
b10110 +
1"
#15160000
0"
1$
#15165000
b11 !
b11 ,
b101101 +
1"
#15170000
0"
0$
#15175000
b1011010 +
1"
#15180000
0"
b101111011 )
#15185000
b10110100 +
1"
#15190000
0"
#15195000
b1101001 +
1"
#15200000
0"
1$
#15205000
b10 !
b10 ,
b11010010 +
1"
#15210000
0"
0$
#15215000
b10100100 +
1"
#15220000
0"
b101111100 )
#15225000
b1001000 +
1"
#15230000
0"
#15235000
b10010001 +
1"
#15240000
0"
1$
#15245000
b100010 +
1"
#15250000
0"
0$
#15255000
b1000101 +
1"
#15260000
0"
b101111101 )
#15265000
b10001010 +
1"
#15270000
0"
#15275000
b10100 +
1"
#15280000
0"
1$
#15285000
b1 !
b1 ,
b101001 +
1"
#15290000
0"
0$
#15295000
b1010010 +
1"
#15300000
0"
b101111110 )
#15305000
b10100101 +
1"
#15310000
0"
#15315000
b1001010 +
1"
#15320000
0"
1$
#15325000
b11 !
b11 ,
b10010101 +
1"
#15330000
0"
0$
#15335000
b101010 +
1"
#15340000
0"
b101111111 )
#15345000
b1010100 +
1"
#15350000
0"
#15355000
b10101001 +
1"
#15360000
0"
1$
#15365000
b10 !
b10 ,
b1010011 +
1"
#15370000
0"
0$
#15375000
b10100111 +
1"
#15380000
0"
b110000000 )
#15385000
b1001110 +
1"
#15390000
0"
#15395000
b10011101 +
1"
#15400000
0"
1$
#15405000
b111011 +
1"
#15410000
0"
0$
#15415000
b1110111 +
1"
#15420000
0"
b110000001 )
#15425000
b11101110 +
1"
#15430000
0"
#15435000
b11011101 +
1"
#15440000
0"
1$
#15445000
b10111011 +
1"
#15450000
0"
0$
#15455000
b1110110 +
1"
#15460000
0"
b110000010 )
#15465000
b11101100 +
1"
#15470000
0"
#15475000
b11011001 +
1"
#15480000
0"
1$
#15485000
b10110011 +
1"
#15490000
0"
0$
#15495000
b1100111 +
1"
#15500000
0"
b110000011 )
#15505000
b11001111 +
1"
#15510000
0"
#15515000
b10011110 +
1"
#15520000
0"
1$
#15525000
b11 !
b11 ,
b111101 +
1"
#15530000
0"
0$
#15535000
b1111011 +
1"
#15540000
0"
b110000100 )
#15545000
b11110111 +
1"
#15550000
0"
#15555000
b11101111 +
1"
#15560000
0"
1$
#15565000
b100 !
b100 ,
b11011111 +
1"
#15570000
0"
0$
#15575000
b10111111 +
1"
#15580000
0"
b110000101 )
#15585000
b1111110 +
1"
#15590000
0"
#15595000
b11111101 +
1"
#15600000
0"
1$
#15605000
b10 !
b10 ,
b11111010 +
1"
#15610000
0"
0$
#15615000
b11110100 +
1"
#15620000
0"
b110000110 )
#15625000
b11101001 +
1"
#15630000
0"
#15635000
b11010011 +
1"
#15640000
0"
1$
#15645000
b100 !
b100 ,
b10100110 +
1"
#15650000
0"
0$
#15655000
b1001100 +
1"
#15660000
0"
b110000111 )
#15665000
b10011001 +
1"
#15670000
0"
#15675000
b110011 +
1"
#15680000
0"
1$
#15685000
b1100110 +
1"
#15690000
0"
0$
#15695000
b11001101 +
1"
#15700000
0"
b110001000 )
#15705000
b10011010 +
1"
#15710000
0"
#15715000
b110101 +
1"
#15720000
0"
1$
#15725000
b10 !
b10 ,
b1101010 +
1"
#15730000
0"
0$
#15735000
b11010100 +
1"
#15740000
0"
b110001001 )
#15745000
b10101000 +
1"
#15750000
0"
#15755000
b1010001 +
1"
#15760000
0"
1$
#15765000
b10100011 +
1"
#15770000
0"
0$
#15775000
b1000110 +
1"
#15780000
0"
b110001010 )
#15785000
b10001100 +
1"
#15790000
0"
#15795000
b11000 +
1"
#15800000
0"
1$
#15805000
b1 !
b1 ,
b110000 +
1"
#15810000
0"
0$
#15815000
b1100000 +
1"
#15820000
0"
b110001011 )
#15825000
b11000001 +
1"
#15830000
0"
#15835000
b10000011 +
1"
#15840000
0"
1$
#15845000
b100 !
b100 ,
b111 +
1"
#15850000
0"
0$
#15855000
b1110 +
1"
#15860000
0"
b110001100 )
#15865000
b11101 +
1"
#15870000
0"
#15875000
b111010 +
1"
#15880000
0"
1$
#15885000
b11 !
b11 ,
b1110101 +
1"
#15890000
0"
0$
#15895000
b11101010 +
1"
#15900000
0"
b110001101 )
#15905000
b11010101 +
1"
#15910000
0"
#15915000
b10101010 +
1"
#15920000
0"
1$
#15925000
b1010101 +
1"
#15930000
0"
0$
#15935000
b10101011 +
1"
#15940000
0"
b110001110 )
#15945000
b1010111 +
1"
#15950000
0"
#15955000
b10101111 +
1"
#15960000
0"
1$
#15965000
b100 !
b100 ,
b1011111 +
1"
#15970000
0"
0$
#15975000
b10111110 +
1"
#15980000
0"
b110001111 )
#15985000
b1111100 +
1"
#15990000
0"
#15995000
b11111001 +
1"
#16000000
0"
1$
#16005000
b10 !
b10 ,
b11110010 +
1"
#16010000
0"
0$
#16015000
b11100101 +
1"
#16020000
0"
b110010000 )
#16025000
b11001010 +
1"
#16030000
0"
#16035000
b10010100 +
1"
#16040000
0"
1$
#16045000
b1 !
b1 ,
b101000 +
1"
#16050000
0"
0$
#16055000
b1010000 +
1"
#16060000
0"
b110010001 )
#16065000
b10100001 +
1"
#16070000
0"
#16075000
b1000010 +
1"
#16080000
0"
1$
#16085000
b11 !
b11 ,
b10000100 +
1"
#16090000
0"
0$
#16095000
b1001 +
1"
#16100000
0"
b110010010 )
#16105000
b10011 +
1"
#16110000
0"
#16115000
b100111 +
1"
#16120000
0"
1$
#16125000
b100 !
b100 ,
b1001111 +
1"
#16130000
0"
0$
#16135000
b10011111 +
1"
#16140000
0"
b110010011 )
#16145000
b111111 +
1"
#16150000
0"
#16155000
b1111111 +
1"
#16160000
0"
1$
#16165000
b11111111 +
1"
#16170000
0"
0$
#16175000
b11111110 +
1"
#16180000
0"
b110010100 )
#16185000
b11111100 +
1"
#16190000
0"
#16195000
b11111000 +
1"
#16200000
0"
1$
#16205000
b1 !
b1 ,
b11110000 +
1"
#16210000
0"
0$
#16215000
b11100001 +
1"
#16220000
0"
b110010101 )
#16225000
b11000010 +
1"
#16230000
0"
#16235000
b10000101 +
1"
#16240000
0"
1$
#16245000
b10 !
b10 ,
b1011 +
1"
#16250000
0"
0$
#16255000
b10111 +
1"
#16260000
0"
b110010110 )
#16265000
b101111 +
1"
#16270000
0"
#16275000
b1011110 +
1"
#16280000
0"
1$
#16285000
b11 !
b11 ,
b10111100 +
1"
#16290000
0"
0$
#16295000
b1111000 +
1"
#16300000
0"
b110010111 )
#16305000
b11110001 +
1"
#16310000
0"
#16315000
b11100011 +
1"
#16320000
0"
1$
#16325000
b100 !
b100 ,
b11000110 +
1"
#16330000
0"
0$
#16335000
b10001101 +
1"
#16340000
0"
b110011000 )
#16345000
b11010 +
1"
#16350000
0"
#16355000
b110100 +
1"
#16360000
0"
1$
#16365000
b1 !
b1 ,
b1101000 +
1"
#16370000
0"
0$
#16375000
b11010000 +
1"
#16380000
0"
b110011001 )
#16385000
b10100000 +
1"
#16390000
0"
#16395000
b1000000 +
1"
#16400000
0"
1$
#16405000
b10000000 +
1"
#16410000
0"
0$
#16415000
b1 +
1"
#16420000
0"
b110011010 )
#16425000
b10 +
1"
#16430000
0"
#16435000
b100 +
1"
#16440000
0"
1$
#16445000
b1000 +
1"
#16450000
0"
0$
#16455000
b10001 +
1"
#16460000
0"
b110011011 )
#16465000
b100011 +
1"
#16470000
0"
#16475000
b1000111 +
1"
#16480000
0"
1$
#16485000
b100 !
b100 ,
b10001110 +
1"
#16490000
0"
0$
#16495000
b11100 +
1"
#16500000
0"
b110011100 )
#16505000
b111000 +
1"
#16510000
0"
#16515000
b1110001 +
1"
#16520000
0"
1$
#16525000
b10 !
b10 ,
b11100010 +
1"
#16530000
0"
0$
#16535000
b11000100 +
1"
#16540000
0"
b110011101 )
#16545000
b10001001 +
1"
#16550000
0"
#16555000
b10010 +
1"
#16560000
0"
1$
#16565000
b11 !
b11 ,
b100101 +
1"
#16570000
0"
0$
#16575000
b1001011 +
1"
#16580000
0"
b110011110 )
#16585000
b10010111 +
1"
#16590000
0"
#16595000
b101110 +
1"
#16600000
0"
1$
#16605000
b1011100 +
1"
#16610000
0"
0$
#16615000
b10111000 +
1"
#16620000
0"
b110011111 )
#16625000
b1110000 +
1"
#16630000
0"
#16635000
b11100000 +
1"
#16640000
0"
1$
#16645000
b1 !
b1 ,
b11000000 +
1"
#16650000
0"
0$
#16655000
b10000001 +
1"
#16660000
0"
b110100000 )
#16665000
b11 +
1"
#16670000
0"
#16675000
b110 +
1"
#16680000
0"
1$
#16685000
b11 !
b11 ,
b1100 +
1"
#16690000
0"
0$
#16695000
b11001 +
1"
#16700000
0"
b110100001 )
#16705000
b110010 +
1"
#16710000
0"
#16715000
b1100100 +
1"
#16720000
0"
1$
#16725000
b1 !
b1 ,
b11001001 +
1"
#16730000
0"
0$
#16735000
b10010010 +
1"
#16740000
0"
b110100010 )
#16745000
b100100 +
1"
#16750000
0"
#16755000
b1001001 +
1"
#16760000
0"
1$
#16765000
b10 !
b10 ,
b10010011 +
1"
#16770000
0"
0$
#16775000
b100110 +
1"
#16780000
0"
b110100011 )
#16785000
b1001101 +
1"
#16790000
0"
#16795000
b10011011 +
1"
#16800000
0"
1$
#16805000
b100 !
b100 ,
b110111 +
1"
#16810000
0"
0$
#16815000
b1101110 +
1"
#16820000
0"
b110100100 )
#16825000
b11011100 +
1"
#16830000
0"
#16835000
b10111001 +
1"
#16840000
0"
1$
#16845000
b10 !
b10 ,
b1110010 +
1"
#16850000
0"
0$
#16855000
b11100100 +
1"
#16860000
0"
b110100101 )
#16865000
b11001000 +
1"
#16870000
0"
#16875000
b10010000 +
1"
#16880000
0"
1$
#16885000
b1 !
b1 ,
b100000 +
1"
#16890000
0"
0$
#16895000
b1000001 +
1"
#16900000
0"
b110100110 )
#16905000
b10000010 +
1"
#16910000
0"
#16915000
b101 +
1"
#16920000
0"
1$
#16925000
b10 !
b10 ,
b1010 +
1"
#16930000
0"
0$
#16935000
b10101 +
1"
#16940000
0"
b110100111 )
#16945000
b101011 +
1"
#16950000
0"
#16955000
b1010110 +
1"
#16960000
0"
1$
#16965000
b11 !
b11 ,
b10101101 +
1"
#16970000
0"
0$
#16975000
b1011011 +
1"
#16980000
0"
b110101000 )
#16985000
b10110110 +
1"
#16990000
0"
#16995000
b1101101 +
1"
#17000000
0"
1$
#17005000
b10 !
b10 ,
b11011010 +
1"
#17010000
0"
0$
#17015000
b10110101 +
1"
#17020000
0"
b110101001 )
#17025000
b1101011 +
1"
#17030000
0"
#17035000
b11010110 +
1"
#17040000
0"
1$
#17045000
b11 !
b11 ,
b10101100 +
1"
#17050000
0"
0$
#17055000
b1011001 +
1"
#17060000
0"
b110101010 )
#17065000
b10110010 +
1"
#17070000
0"
#17075000
b1100101 +
1"
#17080000
0"
1$
#17085000
b10 !
b10 ,
b11001011 +
1"
#17090000
0"
0$
#17095000
b10010110 +
1"
#17100000
0"
b110101011 )
#17105000
b101100 +
1"
#17110000
0"
#17115000
b1011000 +
1"
#17120000
0"
1$
#17125000
b1 !
b1 ,
b10110000 +
1"
#17130000
0"
0$
#17135000
b1100001 +
1"
#17140000
0"
b110101100 )
#17145000
b11000011 +
1"
#17150000
0"
#17155000
b10000111 +
1"
#17160000
0"
1$
#17165000
b100 !
b100 ,
b1111 +
1"
#17170000
0"
0$
#17175000
b11111 +
1"
#17180000
0"
b110101101 )
#17185000
b111110 +
1"
#17190000
0"
#17195000
b1111101 +
1"
#17200000
0"
1$
#17205000
b10 !
b10 ,
b11111011 +
1"
#17210000
0"
0$
#17215000
b11110110 +
1"
#17220000
0"
b110101110 )
#17225000
b11101101 +
1"
#17230000
0"
#17235000
b11011011 +
1"
#17240000
0"
1$
#17245000
b100 !
b100 ,
b10110111 +
1"
#17250000
0"
0$
#17255000
b1101111 +
1"
#17260000
0"
b110101111 )
#17265000
b11011110 +
1"
#17270000
0"
#17275000
b10111101 +
1"
#17280000
0"
1$
#17285000
b10 !
b10 ,
b1111010 +
1"
#17290000
0"
0$
#17295000
b11110101 +
1"
#17300000
0"
b110110000 )
#17305000
b11101011 +
1"
#17310000
0"
#17315000
b11010111 +
1"
#17320000
0"
1$
#17325000
b100 !
b100 ,
b10101110 +
1"
#17330000
0"
0$
#17335000
b1011101 +
1"
#17340000
0"
b110110001 )
#17345000
b10111010 +
1"
#17350000
0"
#17355000
b1110100 +
1"
#17360000
0"
1$
#17365000
b1 !
b1 ,
b11101000 +
1"
#17370000
0"
0$
#17375000
b11010001 +
1"
#17380000
0"
b110110010 )
#17385000
b10100010 +
1"
#17390000
0"
#17395000
b1000100 +
1"
#17400000
0"
1$
#17405000
b10001000 +
1"
#17410000
0"
0$
#17415000
b10000 +
1"
#17420000
0"
b110110011 )
#17425000
b100001 +
1"
#17430000
0"
#17435000
b1000011 +
1"
#17440000
0"
1$
#17445000
b100 !
b100 ,
b10000110 +
1"
#17450000
0"
0$
#17455000
b1101 +
1"
#17460000
0"
b110110100 )
#17465000
b11011 +
1"
#17470000
0"
#17475000
b110110 +
1"
#17480000
0"
1$
#17485000
b11 !
b11 ,
b1101100 +
1"
#17490000
0"
0$
#17495000
b11011000 +
1"
#17500000
0"
b110110101 )
#17505000
b10110001 +
1"
#17510000
0"
#17515000
b1100011 +
1"
#17520000
0"
1$
#17525000
b100 !
b100 ,
b11000111 +
1"
#17530000
0"
0$
#17535000
b10001111 +
1"
#17540000
0"
b110110110 )
#17545000
b11110 +
1"
#17550000
0"
#17555000
b111100 +
1"
#17560000
0"
1$
#17565000
b1 !
b1 ,
b1111001 +
1"
#17570000
0"
0$
#17575000
b11110011 +
1"
#17580000
0"
b110110111 )
#17585000
b11100111 +
1"
#17590000
0"
#17595000
b11001110 +
1"
#17600000
0"
1$
#17605000
b11 !
b11 ,
b10011100 +
1"
#17610000
0"
0$
#17615000
b111001 +
1"
#17620000
0"
b110111000 )
#17625000
b1110011 +
1"
#17630000
0"
#17635000
b11100110 +
1"
#17640000
0"
1$
#17645000
b11001100 +
1"
#17650000
0"
0$
#17655000
b10011000 +
1"
#17660000
0"
b110111001 )
#17665000
b110001 +
1"
#17670000
0"
#17675000
b1100010 +
1"
#17680000
0"
1$
#17685000
b11000101 +
1"
#17690000
0"
0$
#17695000
b10001011 +
1"
#17700000
0"
b110111010 )
#17705000
b10110 +
1"
#17710000
0"
#17715000
b101101 +
1"
#17720000
0"
1$
#17725000
b10 !
b10 ,
b1011010 +
1"
#17730000
0"
0$
#17735000
b10110100 +
1"
#17740000
0"
b110111011 )
#17745000
b1101001 +
1"
#17750000
0"
#17755000
b11010010 +
1"
#17760000
0"
1$
#17765000
b11 !
b11 ,
b10100100 +
1"
#17770000
0"
0$
#17775000
b1001000 +
1"
#17780000
0"
b110111100 )
#17785000
b10010001 +
1"
#17790000
0"
#17795000
b100010 +
1"
#17800000
0"
1$
#17805000
b1000101 +
1"
#17810000
0"
0$
#17815000
b10001010 +
1"
#17820000
0"
b110111101 )
#17825000
b10100 +
1"
#17830000
0"
#17835000
b101001 +
1"
#17840000
0"
1$
#17845000
b10 !
b10 ,
b1010010 +
1"
#17850000
0"
0$
#17855000
b10100101 +
1"
#17860000
0"
b110111110 )
#17865000
b1001010 +
1"
#17870000
0"
#17875000
b10010101 +
1"
#17880000
0"
1$
#17885000
b101010 +
1"
#17890000
0"
0$
#17895000
b1010100 +
1"
#17900000
0"
b110111111 )
#17905000
b10101001 +
1"
#17910000
0"
#17915000
b1010011 +
1"
#17920000
0"
1$
#17925000
b100 !
b100 ,
b10100111 +
1"
#17930000
0"
0$
#17935000
b1001110 +
1"
#17940000
0"
b111000000 )
#17945000
b10011101 +
1"
#17950000
0"
#17955000
b111011 +
1"
#17960000
0"
1$
#17965000
b1110111 +
1"
#17970000
0"
0$
#17975000
b11101110 +
1"
#17980000
0"
b111000001 )
#17985000
b11011101 +
1"
#17990000
0"
#17995000
b10111011 +
1"
#18000000
0"
1$
#18005000
b1110110 +
1"
#18010000
0"
0$
#18015000
b11101100 +
1"
#18020000
0"
b111000010 )
#18025000
b11011001 +
1"
#18030000
0"
#18035000
b10110011 +
1"
#18040000
0"
1$
#18045000
b1100111 +
1"
#18050000
0"
0$
#18055000
b11001111 +
1"
#18060000
0"
b111000011 )
#18065000
b10011110 +
1"
#18070000
0"
#18075000
b111101 +
1"
#18080000
0"
1$
#18085000
b10 !
b10 ,
b1111011 +
1"
#18090000
0"
0$
#18095000
b11110111 +
1"
#18100000
0"
b111000100 )
#18105000
b11101111 +
1"
#18110000
0"
#18115000
b11011111 +
1"
#18120000
0"
1$
#18125000
b100 !
b100 ,
b10111111 +
1"
#18130000
0"
0$
#18135000
b1111110 +
1"
#18140000
0"
b111000101 )
#18145000
b11111101 +
1"
#18150000
0"
#18155000
b11111010 +
1"
#18160000
0"
1$
#18165000
b11 !
b11 ,
b11110100 +
1"
#18170000
0"
0$
#18175000
b11101001 +
1"
#18180000
0"
b111000110 )
#18185000
b11010011 +
1"
#18190000
0"
#18195000
b10100110 +
1"
#18200000
0"
1$
#18205000
b1001100 +
1"
#18210000
0"
0$
#18215000
b10011001 +
1"
#18220000
0"
b111000111 )
#18225000
b110011 +
1"
#18230000
0"
#18235000
b1100110 +
1"
#18240000
0"
1$
#18245000
b11001101 +
1"
#18250000
0"
0$
#18255000
b10011010 +
1"
#18260000
0"
b111001000 )
#18265000
b110101 +
1"
#18270000
0"
#18275000
b1101010 +
1"
#18280000
0"
1$
#18285000
b11010100 +
1"
#18290000
0"
0$
#18295000
b10101000 +
1"
#18300000
0"
b111001001 )
#18305000
b1010001 +
1"
#18310000
0"
#18315000
b10100011 +
1"
#18320000
0"
1$
#18325000
b100 !
b100 ,
b1000110 +
1"
#18330000
0"
0$
#18335000
b10001100 +
1"
#18340000
0"
b111001010 )
#18345000
b11000 +
1"
#18350000
0"
#18355000
b110000 +
1"
#18360000
0"
1$
#18365000
b1 !
b1 ,
b1100000 +
1"
#18370000
0"
0$
#18375000
b11000001 +
1"
#18380000
0"
b111001011 )
#18385000
b10000011 +
1"
#18390000
0"
#18395000
b111 +
1"
#18400000
0"
1$
#18405000
b100 !
b100 ,
b1110 +
1"
#18410000
0"
0$
#18415000
b11101 +
1"
#18420000
0"
b111001100 )
#18425000
b111010 +
1"
#18430000
0"
#18435000
b1110101 +
1"
#18440000
0"
1$
#18445000
b10 !
b10 ,
b11101010 +
1"
#18450000
0"
0$
#18455000
b11010101 +
1"
#18460000
0"
b111001101 )
#18465000
b10101010 +
1"
#18470000
0"
#18475000
b1010101 +
1"
#18480000
0"
1$
#18485000
b10101011 +
1"
#18490000
0"
0$
#18495000
b1010111 +
1"
#18500000
0"
b111001110 )
#18505000
b10101111 +
1"
#18510000
0"
#18515000
b1011111 +
1"
#18520000
0"
1$
#18525000
b100 !
b100 ,
b10111110 +
1"
#18530000
0"
0$
#18535000
b1111100 +
1"
#18540000
0"
b111001111 )
#18545000
b11111001 +
1"
#18550000
0"
#18555000
b11110010 +
1"
#18560000
0"
1$
#18565000
b11 !
b11 ,
b11100101 +
1"
#18570000
0"
0$
#18575000
b11001010 +
1"
#18580000
0"
b111010000 )
#18585000
b10010100 +
1"
#18590000
0"
#18595000
b101000 +
1"
#18600000
0"
1$
#18605000
b1 !
b1 ,
b1010000 +
1"
#18610000
0"
0$
#18615000
b10100001 +
1"
#18620000
0"
b111010001 )
#18625000
b1000010 +
1"
#18630000
0"
#18635000
b10000100 +
1"
#18640000
0"
1$
#18645000
b1001 +
1"
#18650000
0"
0$
#18655000
b10011 +
1"
#18660000
0"
b111010010 )
#18665000
b100111 +
1"
#18670000
0"
#18675000
b1001111 +
1"
#18680000
0"
1$
#18685000
b100 !
b100 ,
b10011111 +
1"
#18690000
0"
0$
#18695000
b111111 +
1"
#18700000
0"
b111010011 )
#18705000
b1111111 +
1"
#18710000
0"
#18715000
b11111111 +
1"
#18720000
0"
1$
#18725000
b11111110 +
1"
#18730000
0"
0$
#18735000
b11111100 +
1"
#18740000
0"
b111010100 )
#18745000
b11111000 +
1"
#18750000
0"
#18755000
b11110000 +
1"
#18760000
0"
1$
#18765000
b1 !
b1 ,
b11100001 +
1"
#18770000
0"
0$
#18775000
b11000010 +
1"
#18780000
0"
b111010101 )
#18785000
b10000101 +
1"
#18790000
0"
#18795000
b1011 +
1"
#18800000
0"
1$
#18805000
b100 !
b100 ,
b10111 +
1"
#18810000
0"
0$
#18815000
b101111 +
1"
#18820000
0"
b111010110 )
#18825000
b1011110 +
1"
#18830000
0"
#18835000
b10111100 +
1"
#18840000
0"
1$
#18845000
b1 !
b1 ,
b1111000 +
1"
#18850000
0"
0$
#18855000
b11110001 +
1"
#18860000
0"
b111010111 )
#18865000
b11100011 +
1"
#18870000
0"
#18875000
b11000110 +
1"
#18880000
0"
1$
#18885000
b11 !
b11 ,
b10001101 +
1"
#18890000
0"
0$
#18895000
b11010 +
1"
#18900000
0"
b111011000 )
#18905000
b110100 +
1"
#18910000
0"
#18915000
b1101000 +
1"
#18920000
0"
1$
#18925000
b1 !
b1 ,
b11010000 +
1"
#18930000
0"
0$
#18935000
b10100000 +
1"
#18940000
0"
b111011001 )
#18945000
b1000000 +
1"
#18950000
0"
#18955000
b10000000 +
1"
#18960000
0"
1$
#18965000
b1 +
1"
#18970000
0"
0$
#18975000
b10 +
1"
#18980000
0"
b111011010 )
#18985000
b100 +
1"
#18990000
0"
#18995000
b1000 +
1"
#19000000
0"
1$
#19005000
b10001 +
1"
#19010000
0"
0$
#19015000
b100011 +
1"
#19020000
0"
b111011011 )
#19025000
b1000111 +
1"
#19030000
0"
#19035000
b10001110 +
1"
#19040000
0"
1$
#19045000
b11 !
b11 ,
b11100 +
1"
#19050000
0"
0$
#19055000
b111000 +
1"
#19060000
0"
b111011100 )
#19065000
b1110001 +
1"
#19070000
0"
#19075000
b11100010 +
1"
#19080000
0"
1$
#19085000
b11000100 +
1"
#19090000
0"
0$
#19095000
b10001001 +
1"
#19100000
0"
b111011101 )
#19105000
b10010 +
1"
#19110000
0"
#19115000
b100101 +
1"
#19120000
0"
1$
#19125000
b10 !
b10 ,
b1001011 +
1"
#19130000
0"
0$
#19135000
b10010111 +
1"
#19140000
0"
b111011110 )
#19145000
b101110 +
1"
#19150000
0"
#19155000
b1011100 +
1"
#19160000
0"
1$
#19165000
b1 !
b1 ,
b10111000 +
1"
#19170000
0"
0$
#19175000
b1110000 +
1"
#19180000
0"
b111011111 )
#19185000
b11100000 +
1"
#19190000
0"
#19195000
b11000000 +
1"
#19200000
0"
1$
#19205000
b10000001 +
1"
#19210000
0"
0$
#19215000
b11 +
1"
#19220000
0"
b111100000 )
#19225000
b110 +
1"
#19230000
0"
#19235000
b1100 +
1"
#19240000
0"
1$
#19245000
b11001 +
1"
#19250000
0"
0$
#19255000
b110010 +
1"
#19260000
0"
b111100001 )
#19265000
b1100100 +
1"
#19270000
0"
#19275000
b11001001 +
1"
#19280000
0"
1$
#19285000
b10 !
b10 ,
b10010010 +
1"
#19290000
0"
0$
#19295000
b100100 +
1"
#19300000
0"
b111100010 )
#19305000
b1001001 +
1"
#19310000
0"
#19315000
b10010011 +
1"
#19320000
0"
1$
#19325000
b100 !
b100 ,
b100110 +
1"
#19330000
0"
0$
#19335000
b1001101 +
1"
#19340000
0"
b111100011 )
#19345000
b10011011 +
1"
#19350000
0"
#19355000
b110111 +
1"
#19360000
0"
1$
#19365000
b1101110 +
1"
#19370000
0"
0$
#19375000
b11011100 +
1"
#19380000
0"
b111100100 )
#19385000
b10111001 +
1"
#19390000
0"
#19395000
b1110010 +
1"
#19400000
0"
1$
#19405000
b11 !
b11 ,
b11100100 +
1"
#19410000
0"
0$
#19415000
b11001000 +
1"
#19420000
0"
b111100101 )
#19425000
b10010000 +
1"
#19430000
0"
#19435000
b100000 +
1"
#19440000
0"
1$
#19445000
b1 !
b1 ,
b1000001 +
1"
#19450000
0"
0$
#19455000
b10000010 +
1"
#19460000
0"
b111100110 )
#19465000
b101 +
1"
#19470000
0"
#19475000
b1010 +
1"
#19480000
0"
1$
#19485000
b11 !
b11 ,
b10101 +
1"
#19490000
0"
0$
#19495000
b101011 +
1"
#19500000
0"
b111100111 )
#19505000
b1010110 +
1"
#19510000
0"
#19515000
b10101101 +
1"
#19520000
0"
1$
#19525000
b10 !
b10 ,
b1011011 +
1"
#19530000
0"
0$
#19535000
b10110110 +
1"
#19540000
0"
b111101000 )
#19545000
b1101101 +
1"
#19550000
0"
#19555000
b11011010 +
1"
#19560000
0"
1$
#19565000
b11 !
b11 ,
b10110101 +
1"
#19570000
0"
0$
#19575000
b1101011 +
1"
#19580000
0"
b111101001 )
#19585000
b11010110 +
1"
#19590000
0"
#19595000
b10101100 +
1"
#19600000
0"
1$
#19605000
b1 !
b1 ,
b1011001 +
1"
#19610000
0"
0$
#19615000
b10110010 +
1"
#19620000
0"
b111101010 )
#19625000
b1100101 +
1"
#19630000
0"
#19635000
b11001011 +
1"
#19640000
0"
1$
#19645000
b100 !
b100 ,
b10010110 +
1"
#19650000
0"
0$
#19655000
b101100 +
1"
#19660000
0"
b111101011 )
#19665000
b1011000 +
1"
#19670000
0"
#19675000
b10110000 +
1"
#19680000
0"
1$
#19685000
b1 !
b1 ,
b1100001 +
1"
#19690000
0"
0$
#19695000
b11000011 +
1"
#19700000
0"
b111101100 )
#19705000
b10000111 +
1"
#19710000
0"
#19715000
b1111 +
1"
#19720000
0"
1$
#19725000
b100 !
b100 ,
b11111 +
1"
#19730000
0"
0$
#19735000
b111110 +
1"
#19740000
0"
b111101101 )
#19745000
b1111101 +
1"
#19750000
0"
#19755000
b11111011 +
1"
#19760000
0"
1$
#19765000
b11110110 +
1"
#19770000
0"
0$
#19775000
b11101101 +
1"
#19780000
0"
b111101110 )
#19785000
b11011011 +
1"
#19790000
0"
#19795000
b10110111 +
1"
#19800000
0"
1$
#19805000
b1101111 +
1"
#19810000
0"
0$
#19815000
b11011110 +
1"
#19820000
0"
b111101111 )
#19825000
b10111101 +
1"
#19830000
0"
#19835000
b1111010 +
1"
#19840000
0"
1$
#19845000
b11 !
b11 ,
b11110101 +
1"
#19850000
0"
0$
#19855000
b11101011 +
1"
#19860000
0"
b111110000 )
#19865000
b11010111 +
1"
#19870000
0"
#19875000
b10101110 +
1"
#19880000
0"
1$
#19885000
b1011101 +
1"
#19890000
0"
0$
#19895000
b10111010 +
1"
#19900000
0"
b111110001 )
#19905000
b1110100 +
1"
#19910000
0"
#19915000
b11101000 +
1"
#19920000
0"
1$
#19925000
b1 !
b1 ,
b11010001 +
1"
#19930000
0"
0$
#19935000
b10100010 +
1"
#19940000
0"
b111110010 )
#19945000
b1000100 +
1"
#19950000
0"
#19955000
b10001000 +
1"
#19960000
0"
1$
#19965000
b10000 +
1"
#19970000
0"
0$
#19975000
b100001 +
1"
#19980000
0"
b111110011 )
#19985000
b1000011 +
1"
#19990000
0"
#19995000
b10000110 +
1"
#20000000
0"
1$
#20005000
b11 !
b11 ,
b1101 +
1"
#20010000
0"
0$
#20015000
b11011 +
1"
#20020000
0"
b111110100 )
#20025000
b110110 +
1"
#20030000
0"
#20035000
b1101100 +
1"
#20040000
0"
1$
#20045000
b1 !
b1 ,
b11011000 +
1"
#20050000
0"
0$
#20055000
b10110001 +
1"
#20060000
0"
b111110101 )
#20065000
b1100011 +
1"
#20070000
0"
#20075000
b11000111 +
1"
#20080000
0"
1$
#20085000
b100 !
b100 ,
b10001111 +
1"
#20090000
0"
0$
#20095000
b11110 +
1"
#20100000
0"
b111110110 )
#20105000
b111100 +
1"
#20110000
0"
#20115000
b1111001 +
1"
#20120000
0"
1$
#20125000
b10 !
b10 ,
b11110011 +
1"
#20130000
0"
0$
#20135000
b11100111 +
1"
#20140000
0"
b111110111 )
#20145000
b11001110 +
1"
#20150000
0"
#20155000
b10011100 +
1"
#20160000
0"
1$
#20165000
b1 !
b1 ,
b111001 +
1"
#20170000
0"
0$
#20175000
b1110011 +
1"
#20180000
0"
b111111000 )
#20185000
b11100110 +
1"
#20190000
0"
#20195000
b11001100 +
1"
#20200000
0"
1$
#20205000
b10011000 +
1"
#20210000
0"
0$
#20215000
b110001 +
1"
#20220000
0"
b111111001 )
#20225000
b1100010 +
1"
#20230000
0"
#20235000
b11000101 +
1"
#20240000
0"
1$
#20245000
b10 !
b10 ,
b10001011 +
1"
#20250000
0"
0$
#20255000
b10110 +
1"
#20260000
0"
b111111010 )
#20265000
b101101 +
1"
#20270000
0"
#20275000
b1011010 +
1"
#20280000
0"
1$
#20285000
b11 !
b11 ,
b10110100 +
1"
#20290000
0"
0$
#20295000
b1101001 +
1"
#20300000
0"
b111111011 )
#20305000
b11010010 +
1"
#20310000
0"
#20315000
b10100100 +
1"
#20320000
0"
1$
#20325000
b1 !
b1 ,
b1001000 +
1"
#20330000
0"
0$
#20335000
b10010001 +
1"
#20340000
0"
b111111100 )
#20345000
b100010 +
1"
#20350000
0"
#20355000
b1000101 +
1"
#20360000
0"
1$
#20365000
b10 !
b10 ,
b10001010 +
1"
#20370000
0"
0$
#20375000
b10100 +
1"
#20380000
0"
b111111101 )
#20385000
b101001 +
1"
#20390000
0"
#20395000
b1010010 +
1"
#20400000
0"
1$
#20405000
b11 !
b11 ,
b10100101 +
1"
#20410000
0"
0$
#20415000
b1001010 +
1"
#20420000
0"
b111111110 )
#20425000
b10010101 +
1"
#20430000
0"
#20435000
b101010 +
1"
#20440000
0"
1$
#20445000
b1010100 +
1"
#20450000
0"
0$
#20455000
b10101001 +
1"
#20460000
0"
b111111111 )
#20465000
b1010011 +
1"
#20470000
0"
#20475000
b10100111 +
1"
#20480000
0"
1$
#20485000
b100 !
b100 ,
b1001110 +
1"
#20490000
0"
0$
#20495000
b10011101 +
1"
#20500000
0"
b1000000000 )
#20505000
b111011 +
1"
#20510000
0"
#20515000
b1110111 +
1"
#20520000
0"
1$
#20525000
b11101110 +
1"
#20530000
0"
0$
#20535000
b11011101 +
1"
#20540000
0"
b1000000001 )
#20545000
b10111011 +
1"
#20550000
0"
#20555000
b1110110 +
1"
#20560000
0"
1$
#20565000
b11 !
b11 ,
b11101100 +
1"
#20570000
0"
0$
#20575000
b11011001 +
1"
#20580000
0"
b1000000010 )
#20585000
b10110011 +
1"
#20590000
0"
#20595000
b1100111 +
1"
#20600000
0"
1$
#20605000
b100 !
b100 ,
b11001111 +
1"
#20610000
0"
0$
#20615000
b10011110 +
1"
#20620000
0"
b1000000011 )
#20625000
b111101 +
1"
#20630000
0"
#20635000
b1111011 +
1"
#20640000
0"
1$
#20645000
b11110111 +
1"
#20650000
0"
0$
#20655000
b11101111 +
1"
#20660000
0"
b1000000100 )
#20665000
b11011111 +
1"
#20670000
0"
#20675000
b10111111 +
1"
#20680000
0"
1$
#20685000
b1111110 +
1"
#20690000
0"
0$
#20695000
b11111101 +
1"
#20700000
0"
b1000000101 )
#20705000
b11111010 +
1"
#20710000
0"
#20715000
b11110100 +
1"
#20720000
0"
1$
#20725000
b1 !
b1 ,
b11101001 +
1"
#20730000
0"
0$
#20735000
b11010011 +
1"
#20740000
0"
b1000000110 )
#20745000
b10100110 +
1"
#20750000
0"
#20755000
b1001100 +
1"
#20760000
0"
1$
#20765000
b10011001 +
1"
#20770000
0"
0$
#20775000
b110011 +
1"
#20780000
0"
b1000000111 )
#20785000
b1100110 +
1"
#20790000
0"
#20795000
b11001101 +
1"
#20800000
0"
1$
#20805000
b10 !
b10 ,
b10011010 +
1"
#20810000
0"
0$
#20815000
b110101 +
1"
#20820000
0"
b1000001000 )
#20825000
b1101010 +
1"
#20830000
0"
#20835000
b11010100 +
1"
#20840000
0"
1$
#20845000
b1 !
b1 ,
b10101000 +
1"
#20850000
0"
0$
#20855000
b1010001 +
1"
#20860000
0"
b1000001001 )
#20865000
b10100011 +
1"
#20870000
0"
#20875000
b1000110 +
1"
#20880000
0"
1$
#20885000
b11 !
b11 ,
b10001100 +
1"
#20890000
0"
0$
#20895000
b11000 +
1"
#20900000
0"
b1000001010 )
#20905000
b110000 +
1"
#20910000
0"
#20915000
b1100000 +
1"
#20920000
0"
1$
#20925000
b1 !
b1 ,
b11000001 +
1"
#20930000
0"
0$
#20935000
b10000011 +
1"
#20940000
0"
b1000001011 )
#20945000
b111 +
1"
#20950000
0"
#20955000
b1110 +
1"
#20960000
0"
1$
#20965000
b11 !
b11 ,
b11101 +
1"
#20970000
0"
0$
#20975000
b111010 +
1"
#20980000
0"
b1000001100 )
#20985000
b1110101 +
1"
#20990000
0"
#20995000
b11101010 +
1"
#21000000
0"
1$
#21005000
b11010101 +
1"
#21010000
0"
0$
#21015000
b10101010 +
1"
#21020000
0"
b1000001101 )
#21025000
b1010101 +
1"
#21030000
0"
#21035000
b10101011 +
1"
#21040000
0"
1$
#21045000
b100 !
b100 ,
b1010111 +
1"
#21050000
0"
0$
#21055000
b10101111 +
1"
#21060000
0"
b1000001110 )
#21065000
b1011111 +
1"
#21070000
0"
#21075000
b10111110 +
1"
#21080000
0"
1$
#21085000
b11 !
b11 ,
b1111100 +
1"
#21090000
0"
0$
#21095000
b11111001 +
1"
#21100000
0"
b1000001111 )
#21105000
b11110010 +
1"
#21110000
0"
#21115000
b11100101 +
1"
#21120000
0"
1$
#21125000
b10 !
b10 ,
b11001010 +
1"
#21130000
0"
0$
#21135000
b10010100 +
1"
#21140000
0"
b1000010000 )
#21145000
b101000 +
1"
#21150000
0"
#21155000
b1010000 +
1"
#21160000
0"
1$
#21165000
b1 !
b1 ,
b10100001 +
1"
#21170000
0"
0$
#21175000
b1000010 +
1"
#21180000
0"
b1000010001 )
#21185000
b10000100 +
1"
#21190000
0"
#21195000
b1001 +
1"
#21200000
0"
1$
#21205000
b10 !
b10 ,
b10011 +
1"
#21210000
0"
0$
#21215000
b100111 +
1"
#21220000
0"
b1000010010 )
#21225000
b1001111 +
1"
#21230000
0"
#21235000
b10011111 +
1"
#21240000
0"
1$
#21245000
b100 !
b100 ,
b111111 +
1"
#21250000
0"
0$
#21255000
b1111111 +
1"
#21260000
0"
b1000010011 )
#21265000
b11111111 +
1"
#21270000
0"
#21275000
b11111110 +
1"
#21280000
0"
1$
#21285000
b11 !
b11 ,
b11111100 +
1"
#21290000
0"
0$
#21295000
b11111000 +
1"
#21300000
0"
b1000010100 )
#21305000
b11110000 +
1"
#21310000
0"
#21315000
b11100001 +
1"
#21320000
0"
1$
#21325000
b10 !
b10 ,
b11000010 +
1"
#21330000
0"
0$
#21335000
b10000101 +
1"
#21340000
0"
b1000010101 )
#21345000
b1011 +
1"
#21350000
0"
#21355000
b10111 +
1"
#21360000
0"
1$
#21365000
b100 !
b100 ,
b101111 +
1"
#21370000
0"
0$
#21375000
b1011110 +
1"
#21380000
0"
b1000010110 )
#21385000
b10111100 +
1"
#21390000
0"
#21395000
b1111000 +
1"
#21400000
0"
1$
#21405000
b1 !
b1 ,
b11110001 +
1"
#21410000
0"
0$
#21415000
b11100011 +
1"
#21420000
0"
b1000010111 )
#21425000
b11000110 +
1"
#21430000
0"
#21435000
b10001101 +
1"
#21440000
0"
1$
#21445000
b10 !
b10 ,
b11010 +
1"
#21450000
0"
0$
#21455000
b110100 +
1"
#21460000
0"
b1000011000 )
#21465000
b1101000 +
1"
#21470000
0"
#21475000
b11010000 +
1"
#21480000
0"
1$
#21485000
b1 !
b1 ,
b10100000 +
1"
#21490000
0"
0$
#21495000
b1000000 +
1"
#21500000
0"
b1000011001 )
#21505000
b10000000 +
1"
#21510000
0"
#21515000
b1 +
1"
#21520000
0"
1$
#21525000
b10 !
b10 ,
b10 +
1"
#21530000
0"
0$
#21535000
b100 +
1"
#21540000
0"
b1000011010 )
#21545000
b1000 +
1"
#21550000
0"
#21555000
b10001 +
1"
#21560000
0"
1$
#21565000
b100011 +
1"
#21570000
0"
0$
#21575000
b1000111 +
1"
#21580000
0"
b1000011011 )
#21585000
b10001110 +
1"
#21590000
0"
#21595000
b11100 +
1"
#21600000
0"
1$
#21605000
b1 !
b1 ,
b111000 +
1"
#21610000
0"
0$
#21615000
b1110001 +
1"
#21620000
0"
b1000011100 )
#21625000
b11100010 +
1"
#21630000
0"
#21635000
b11000100 +
1"
#21640000
0"
1$
#21645000
b10001001 +
1"
#21650000
0"
0$
#21655000
b10010 +
1"
#21660000
0"
b1000011101 )
#21665000
b100101 +
1"
#21670000
0"
#21675000
b1001011 +
1"
#21680000
0"
1$
#21685000
b100 !
b100 ,
b10010111 +
1"
#21690000
0"
0$
#21695000
b101110 +
1"
#21700000
0"
b1000011110 )
#21705000
b1011100 +
1"
#21710000
0"
#21715000
b10111000 +
1"
#21720000
0"
1$
#21725000
b1 !
b1 ,
b1110000 +
1"
#21730000
0"
0$
#21735000
b11100000 +
1"
#21740000
0"
b1000011111 )
#21745000
b11000000 +
1"
#21750000
0"
#21755000
b10000001 +
1"
#21760000
0"
1$
#21765000
b10 !
b10 ,
b11 +
1"
#21770000
0"
0$
#21775000
b110 +
1"
#21780000
0"
b1000100000 )
#21785000
b1100 +
1"
#21790000
0"
#21795000
b11001 +
1"
#21800000
0"
1$
#21805000
b110010 +
1"
#21810000
0"
0$
#21815000
b1100100 +
1"
#21820000
0"
b1000100001 )
#21825000
b11001001 +
1"
#21830000
0"
#21835000
b10010010 +
1"
#21840000
0"
1$
#21845000
b11 !
b11 ,
b100100 +
1"
#21850000
0"
0$
#21855000
b1001001 +
1"
#21860000
0"
b1000100010 )
#21865000
b10010011 +
1"
#21870000
0"
#21875000
b100110 +
1"
#21880000
0"
1$
#21885000
b1001101 +
1"
#21890000
0"
0$
#21895000
b10011011 +
1"
#21900000
0"
b1000100011 )
#21905000
b110111 +
1"
#21910000
0"
#21915000
b1101110 +
1"
#21920000
0"
1$
#21925000
b11011100 +
1"
#21930000
0"
0$
#21935000
b10111001 +
1"
#21940000
0"
b1000100100 )
#21945000
b1110010 +
1"
#21950000
0"
#21955000
b11100100 +
1"
#21960000
0"
1$
#21965000
b1 !
b1 ,
b11001000 +
1"
#21970000
0"
0$
#21975000
b10010000 +
1"
#21980000
0"
b1000100101 )
#21985000
b100000 +
1"
#21990000
0"
#21995000
b1000001 +
1"
#22000000
0"
1$
#22005000
b10 !
b10 ,
b10000010 +
1"
#22010000
0"
0$
#22015000
b101 +
1"
#22020000
0"
b1000100110 )
#22025000
b1010 +
1"
#22030000
0"
#22035000
b10101 +
1"
#22040000
0"
1$
#22045000
b101011 +
1"
#22050000
0"
0$
#22055000
b1010110 +
1"
#22060000
0"
b1000100111 )
#22065000
b10101101 +
1"
#22070000
0"
#22075000
b1011011 +
1"
#22080000
0"
1$
#22085000
b100 !
b100 ,
b10110110 +
1"
#22090000
0"
0$
#22095000
b1101101 +
1"
#22100000
0"
b1000101000 )
#22105000
b11011010 +
1"
#22110000
0"
#22115000
b10110101 +
1"
#22120000
0"
1$
#22125000
b10 !
b10 ,
b1101011 +
1"
#22130000
0"
0$
#22135000
b11010110 +
1"
#22140000
0"
b1000101001 )
#22145000
b10101100 +
1"
#22150000
0"
#22155000
b1011001 +
1"
#22160000
0"
1$
#22165000
b10110010 +
1"
#22170000
0"
0$
#22175000
b1100101 +
1"
#22180000
0"
b1000101010 )
#22185000
b11001011 +
1"
#22190000
0"
#22195000
b10010110 +
1"
#22200000
0"
1$
#22205000
b11 !
b11 ,
b101100 +
1"
#22210000
0"
0$
#22215000
b1011000 +
1"
#22220000
0"
b1000101011 )
#22225000
b10110000 +
1"
#22230000
0"
#22235000
b1100001 +
1"
#22240000
0"
1$
#22245000
b10 !
b10 ,
b11000011 +
1"
#22250000
0"
0$
#22255000
b10000111 +
1"
#22260000
0"
b1000101100 )
#22265000
b1111 +
1"
#22270000
0"
#22275000
b11111 +
1"
#22280000
0"
1$
#22285000
b100 !
b100 ,
b111110 +
1"
#22290000
0"
0$
#22295000
b1111101 +
1"
#22300000
0"
b1000101101 )
#22305000
b11111011 +
1"
#22310000
0"
#22315000
b11110110 +
1"
#22320000
0"
1$
#22325000
b11 !
b11 ,
b11101101 +
1"
#22330000
0"
0$
#22335000
b11011011 +
1"
#22340000
0"
b1000101110 )
#22345000
b10110111 +
1"
#22350000
0"
#22355000
b1101111 +
1"
#22360000
0"
1$
#22365000
b100 !
b100 ,
b11011110 +
1"
#22370000
0"
0$
#22375000
b10111101 +
1"
#22380000
0"
b1000101111 )
#22385000
b1111010 +
1"
#22390000
0"
#22395000
b11110101 +
1"
#22400000
0"
1$
#22405000
b10 !
b10 ,
b11101011 +
1"
#22410000
0"
0$
#22415000
b11010111 +
1"
#22420000
0"
b1000110000 )
#22425000
b10101110 +
1"
#22430000
0"
#22435000
b1011101 +
1"
#22440000
0"
1$
#22445000
b10111010 +
1"
#22450000
0"
0$
#22455000
b1110100 +
1"
#22460000
0"
b1000110001 )
#22465000
b11101000 +
1"
#22470000
0"
#22475000
b11010001 +
1"
#22480000
0"
1$
#22485000
b10100010 +
1"
#22490000
0"
0$
#22495000
b1000100 +
1"
#22500000
0"
b1000110010 )
#22505000
b10001000 +
1"
#22510000
0"
#22515000
b10000 +
1"
#22520000
0"
1$
#22525000
b1 !
b1 ,
b100001 +
1"
#22530000
0"
0$
#22535000
b1000011 +
1"
#22540000
0"
b1000110011 )
#22545000
b10000110 +
1"
#22550000
0"
#22555000
b1101 +
1"
#22560000
0"
1$
#22565000
b10 !
b10 ,
b11011 +
1"
#22570000
0"
0$
#22575000
b110110 +
1"
#22580000
0"
b1000110100 )
#22585000
b1101100 +
1"
#22590000
0"
#22595000
b11011000 +
1"
#22600000
0"
1$
#22605000
b1 !
b1 ,
b10110001 +
1"
#22610000
0"
0$
#22615000
b1100011 +
1"
#22620000
0"
b1000110101 )
#22625000
b11000111 +
1"
#22630000
0"
#22635000
b10001111 +
1"
#22640000
0"
1$
#22645000
b100 !
b100 ,
b11110 +
1"
#22650000
0"
0$
#22655000
b111100 +
1"
#22660000
0"
b1000110110 )
#22665000
b1111001 +
1"
#22670000
0"
#22675000
b11110011 +
1"
#22680000
0"
1$
#22685000
b11100111 +
1"
#22690000
0"
0$
#22695000
b11001110 +
1"
#22700000
0"
b1000110111 )
#22705000
b10011100 +
1"
#22710000
0"
#22715000
b111001 +
1"
#22720000
0"
1$
#22725000
b10 !
b10 ,
b1110011 +
1"
#22730000
0"
0$
#22735000
b11100110 +
1"
#22740000
0"
b1000111000 )
#22745000
b11001100 +
1"
#22750000
0"
#22755000
b10011000 +
1"
#22760000
0"
1$
#22765000
b1 !
b1 ,
b110001 +
1"
#22770000
0"
0$
#22775000
b1100010 +
1"
#22780000
0"
b1000111001 )
#22785000
b11000101 +
1"
#22790000
0"
#22795000
b10001011 +
1"
#22800000
0"
1$
#22805000
b100 !
b100 ,
b10110 +
1"
#22810000
0"
0$
#22815000
b101101 +
1"
#22820000
0"
b1000111010 )
#22825000
b1011010 +
1"
#22830000
0"
#22835000
b10110100 +
1"
#22840000
0"
1$
#22845000
b1 !
b1 ,
b1101001 +
1"
#22850000
0"
0$
#22855000
b11010010 +
1"
#22860000
0"
b1000111011 )
#22865000
b10100100 +
1"
#22870000
0"
#22875000
b1001000 +
1"
#22880000
0"
1$
#22885000
b10010001 +
1"
#22890000
0"
0$
#22895000
b100010 +
1"
#22900000
0"
b1000111100 )
#22905000
b1000101 +
1"
#22910000
0"
#22915000
b10001010 +
1"
#22920000
0"
1$
#22925000
b11 !
b11 ,
b10100 +
1"
#22930000
0"
0$
#22935000
b101001 +
1"
#22940000
0"
b1000111101 )
#22945000
b1010010 +
1"
#22950000
0"
#22955000
b10100101 +
1"
#22960000
0"
1$
#22965000
b10 !
b10 ,
b1001010 +
1"
#22970000
0"
0$
#22975000
b10010101 +
1"
#22980000
0"
b1000111110 )
#22985000
b101010 +
1"
#22990000
0"
#22995000
b1010100 +
1"
#23000000
0"
1$
#23005000
b1 !
b1 ,
b10101001 +
1"
#23010000
0"
0$
#23015000
b1010011 +
1"
#23020000
0"
b1000111111 )
#23025000
b10100111 +
1"
#23030000
0"
#23035000
b1001110 +
1"
#23040000
0"
1$
#23045000
b11 !
b11 ,
b10011101 +
1"
#23050000
0"
0$
#23055000
b111011 +
1"
#23060000
0"
b1001000000 )
#23065000
b1110111 +
1"
#23070000
0"
#23075000
b11101110 +
1"
#23080000
0"
1$
#23085000
b11011101 +
1"
#23090000
0"
0$
#23095000
b10111011 +
1"
#23100000
0"
b1001000001 )
#23105000
b1110110 +
1"
#23110000
0"
#23115000
b11101100 +
1"
#23120000
0"
1$
#23125000
b1 !
b1 ,
b11011001 +
1"
#23130000
0"
0$
#23135000
b10110011 +
1"
#23140000
0"
b1001000010 )
#23145000
b1100111 +
1"
#23150000
0"
#23155000
b11001111 +
1"
#23160000
0"
1$
#23165000
b100 !
b100 ,
b10011110 +
1"
#23170000
0"
0$
#23175000
b111101 +
1"
#23180000
0"
b1001000011 )
#23185000
b1111011 +
1"
#23190000
0"
#23195000
b11110111 +
1"
#23200000
0"
1$
#23205000
b11101111 +
1"
#23210000
0"
0$
#23215000
b11011111 +
1"
#23220000
0"
b1001000100 )
#23225000
b10111111 +
1"
#23230000
0"
#23235000
b1111110 +
1"
#23240000
0"
1$
#23245000
b11 !
b11 ,
b11111101 +
1"
#23250000
0"
0$
#23255000
b11111010 +
1"
#23260000
0"
b1001000101 )
#23265000
b11110100 +
1"
#23270000
0"
#23275000
b11101001 +
1"
#23280000
0"
1$
#23285000
b10 !
b10 ,
b11010011 +
1"
#23290000
0"
0$
#23295000
b10100110 +
1"
#23300000
0"
b1001000110 )
#23305000
b1001100 +
1"
#23310000
0"
#23315000
b10011001 +
1"
#23320000
0"
1$
#23325000
b110011 +
1"
#23330000
0"
0$
#23335000
b1100110 +
1"
#23340000
0"
b1001000111 )
#23345000
b11001101 +
1"
#23350000
0"
#23355000
b10011010 +
1"
#23360000
0"
1$
#23365000
b11 !
b11 ,
b110101 +
1"
#23370000
0"
0$
#23375000
b1101010 +
1"
#23380000
0"
b1001001000 )
#23385000
b11010100 +
1"
#23390000
0"
#23395000
b10101000 +
1"
#23400000
0"
1$
#23405000
b1 !
b1 ,
b1010001 +
1"
#23410000
0"
0$
#23415000
b10100011 +
1"
#23420000
0"
b1001001001 )
#23425000
b1000110 +
1"
#23430000
0"
#23435000
b10001100 +
1"
#23440000
0"
1$
#23445000
b11000 +
1"
#23450000
0"
0$
#23455000
b110000 +
1"
#23460000
0"
b1001001010 )
#23465000
b1100000 +
1"
#23470000
0"
#23475000
b11000001 +
1"
#23480000
0"
1$
#23485000
b10 !
b10 ,
b10000011 +
1"
#23490000
0"
0$
#23495000
b111 +
1"
#23500000
0"
b1001001011 )
#23505000
b1110 +
1"
#23510000
0"
#23515000
b11101 +
1"
#23520000
0"
1$
#23525000
b111010 +
1"
#23530000
0"
0$
#23535000
b1110101 +
1"
#23540000
0"
b1001001100 )
#23545000
b11101010 +
1"
#23550000
0"
#23555000
b11010101 +
1"
#23560000
0"
1$
#23565000
b10101010 +
1"
#23570000
0"
0$
#23575000
b1010101 +
1"
#23580000
0"
b1001001101 )
#23585000
b10101011 +
1"
#23590000
0"
#23595000
b1010111 +
1"
#23600000
0"
1$
#23605000
b100 !
b100 ,
b10101111 +
1"
#23610000
0"
0$
#23615000
b1011111 +
1"
#23620000
0"
b1001001110 )
#23625000
b10111110 +
1"
#23630000
0"
#23635000
b1111100 +
1"
#23640000
0"
1$
#23645000
b1 !
b1 ,
b11111001 +
1"
#23650000
0"
0$
#23655000
b11110010 +
1"
#23660000
0"
b1001001111 )
#23665000
b11100101 +
1"
#23670000
0"
#23675000
b11001010 +
1"
#23680000
0"
1$
#23685000
b11 !
b11 ,
b10010100 +
1"
#23690000
0"
0$
#23695000
b101000 +
1"
#23700000
0"
b1001010000 )
#23705000
b1010000 +
1"
#23710000
0"
#23715000
b10100001 +
1"
#23720000
0"
1$
#23725000
b10 !
b10 ,
b1000010 +
1"
#23730000
0"
0$
#23735000
b10000100 +
1"
#23740000
0"
b1001010001 )
#23745000
b1001 +
1"
#23750000
0"
#23755000
b10011 +
1"
#23760000
0"
1$
#23765000
b100 !
b100 ,
b100111 +
1"
#23770000
0"
0$
#23775000
b1001111 +
1"
#23780000
0"
b1001010010 )
#23785000
b10011111 +
1"
#23790000
0"
#23795000
b111111 +
1"
#23800000
0"
1$
#23805000
b1111111 +
1"
#23810000
0"
0$
#23815000
b11111111 +
1"
#23820000
0"
b1001010011 )
#23825000
b11111110 +
1"
#23830000
0"
#23835000
b11111100 +
1"
#23840000
0"
1$
#23845000
b1 !
b1 ,
b11111000 +
1"
#23850000
0"
0$
#23855000
b11110000 +
1"
#23860000
0"
b1001010100 )
#23865000
b11100001 +
1"
#23870000
0"
#23875000
b11000010 +
1"
#23880000
0"
1$
#23885000
b11 !
b11 ,
b10000101 +
1"
#23890000
0"
0$
#23895000
b1011 +
1"
#23900000
0"
b1001010101 )
#23905000
b10111 +
1"
#23910000
0"
#23915000
b101111 +
1"
#23920000
0"
1$
#23925000
b100 !
b100 ,
b1011110 +
1"
#23930000
0"
0$
#23935000
b10111100 +
1"
#23940000
0"
b1001010110 )
#23945000
b1111000 +
1"
#23950000
0"
#23955000
b11110001 +
1"
#23960000
0"
1$
#23965000
b10 !
b10 ,
b11100011 +
1"
#23970000
0"
0$
#23975000
b11000110 +
1"
#23980000
0"
b1001010111 )
#23985000
b10001101 +
1"
#23990000
0"
#23995000
b11010 +
1"
#24000000
0"
1$
#24005000
b11 !
b11 ,
b110100 +
1"
#24010000
0"
0$
#24015000
b1101000 +
1"
#24020000
0"
b1001011000 )
#24025000
b11010000 +
1"
#24030000
0"
#24035000
b10100000 +
1"
#24040000
0"
1$
#24045000
b1 !
b1 ,
b1000000 +
1"
#24050000
0"
0$
#24055000
b10000000 +
1"
#24060000
0"
b1001011001 )
#24065000
b1 +
1"
#24070000
0"
#24075000
b10 +
1"
#24080000
0"
1$
#24085000
b11 !
b11 ,
b100 +
1"
#24090000
0"
0$
#24095000
b1000 +
1"
#24100000
0"
b1001011010 )
#24105000
b10001 +
1"
#24110000
0"
#24115000
b100011 +
1"
#24120000
0"
1$
#24125000
b100 !
b100 ,
b1000111 +
1"
#24130000
0"
0$
#24135000
b10001110 +
1"
#24140000
0"
b1001011011 )
#24145000
b11100 +
1"
#24150000
0"
#24155000
b111000 +
1"
#24160000
0"
1$
#24165000
b1 !
b1 ,
b1110001 +
1"
#24170000
0"
0$
#24175000
b11100010 +
1"
#24180000
0"
b1001011100 )
#24185000
b11000100 +
1"
#24190000
0"
#24195000
b10001001 +
1"
#24200000
0"
1$
#24205000
b10 !
b10 ,
b10010 +
1"
#24210000
0"
0$
#24215000
b100101 +
1"
#24220000
0"
b1001011101 )
#24225000
b1001011 +
1"
#24230000
0"
#24235000
b10010111 +
1"
#24240000
0"
1$
#24245000
b100 !
b100 ,
b101110 +
1"
#24250000
0"
0$
#24255000
b1011100 +
1"
#24260000
0"
b1001011110 )
#24265000
b10111000 +
1"
#24270000
0"
#24275000
b1110000 +
1"
#24280000
0"
1$
#24285000
b1 !
b1 ,
b11100000 +
1"
#24290000
0"
0$
#24295000
b11000000 +
1"
#24300000
0"
b1001011111 )
#24305000
b10000001 +
1"
#24310000
0"
#24315000
b11 +
1"
#24320000
0"
1$
#24325000
b100 !
b100 ,
b110 +
1"
#24330000
0"
0$
#24335000
b1100 +
1"
#24340000
0"
b1001100000 )
#24345000
b11001 +
1"
#24350000
0"
#24355000
b110010 +
1"
#24360000
0"
1$
#24365000
b11 !
b11 ,
b1100100 +
1"
#24370000
0"
0$
#24375000
b11001001 +
1"
#24380000
0"
b1001100001 )
#24385000
b10010010 +
1"
#24390000
0"
#24395000
b100100 +
1"
#24400000
0"
1$
#24405000
b1 !
b1 ,
b1001001 +
1"
#24410000
0"
0$
#24415000
b10010011 +
1"
#24420000
0"
b1001100010 )
#24425000
b100110 +
1"
#24430000
0"
#24435000
b1001101 +
1"
#24440000
0"
1$
#24445000
b10 !
b10 ,
b10011011 +
1"
#24450000
0"
0$
#24455000
b110111 +
1"
#24460000
0"
b1001100011 )
#24465000
b1101110 +
1"
#24470000
0"
#24475000
b11011100 +
1"
#24480000
0"
1$
#24485000
b1 !
b1 ,
b10111001 +
1"
#24490000
0"
0$
#24495000
b1110010 +
1"
#24500000
0"
b1001100100 )
#24505000
b11100100 +
1"
#24510000
0"
#24515000
b11001000 +
1"
#24520000
0"
1$
#24525000
b10010000 +
1"
#24530000
0"
0$
#24535000
b100000 +
1"
#24540000
0"
b1001100101 )
#24545000
b1000001 +
1"
#24550000
0"
#24555000
b10000010 +
1"
#24560000
0"
1$
#24565000
b11 !
b11 ,
b101 +
1"
#24570000
0"
0$
#24575000
b1010 +
1"
#24580000
0"
b1001100110 )
#24585000
b10101 +
1"
#24590000
0"
#24595000
b101011 +
1"
#24600000
0"
1$
#24605000
b100 !
b100 ,
b1010110 +
1"
#24610000
0"
0$
#24615000
b10101101 +
1"
#24620000
0"
b1001100111 )
#24625000
b1011011 +
1"
#24630000
0"
#24635000
b10110110 +
1"
#24640000
0"
1$
#24645000
b11 !
b11 ,
b1101101 +
1"
#24650000
0"
0$
#24655000
b11011010 +
1"
#24660000
0"
b1001101000 )
#24665000
b10110101 +
1"
#24670000
0"
#24675000
b1101011 +
1"
#24680000
0"
1$
#24685000
b100 !
b100 ,
b11010110 +
1"
#24690000
0"
0$
#24695000
b10101100 +
1"
#24700000
0"
b1001101001 )
#24705000
b1011001 +
1"
#24710000
0"
#24715000
b10110010 +
1"
#24720000
0"
1$
#24725000
b11 !
b11 ,
b1100101 +
1"
#24730000
0"
0$
#24735000
b11001011 +
1"
#24740000
0"
b1001101010 )
#24745000
b10010110 +
1"
#24750000
0"
#24755000
b101100 +
1"
#24760000
0"
1$
#24765000
b1 !
b1 ,
b1011000 +
1"
#24770000
0"
0$
#24775000
b10110000 +
1"
#24780000
0"
b1001101011 )
#24785000
b1100001 +
1"
#24790000
0"
#24795000
b11000011 +
1"
#24800000
0"
1$
#24805000
b100 !
b100 ,
b10000111 +
1"
#24810000
0"
0$
#24815000
b1111 +
1"
#24820000
0"
b1001101100 )
#24825000
b11111 +
1"
#24830000
0"
#24835000
b111110 +
1"
#24840000
0"
1$
#24845000
b11 !
b11 ,
b1111101 +
1"
#24850000
0"
0$
#24855000
b11111011 +
1"
#24860000
0"
b1001101101 )
#24865000
b11110110 +
1"
#24870000
0"
#24875000
b11101101 +
1"
#24880000
0"
1$
#24885000
b10 !
b10 ,
b11011011 +
1"
#24890000
0"
0$
#24895000
b10110111 +
1"
#24900000
0"
b1001101110 )
#24905000
b1101111 +
1"
#24910000
0"
#24915000
b11011110 +
1"
#24920000
0"
1$
#24925000
b11 !
b11 ,
b10111101 +
1"
#24930000
0"
0$
#24935000
b1111010 +
1"
#24940000
0"
b1001101111 )
#24945000
b11110101 +
1"
#24950000
0"
#24955000
b11101011 +
1"
#24960000
0"
1$
#24965000
b100 !
b100 ,
b11010111 +
1"
#24970000
0"
0$
#24975000
b10101110 +
1"
#24980000
0"
b1001110000 )
#24985000
b1011101 +
1"
#24990000
0"
#24995000
b10111010 +
1"
#25000000
0"
1$
#25005000
b11 !
b11 ,
b1110100 +
1"
#25010000
0"
0$
#25015000
b11101000 +
1"
#25020000
0"
b1001110001 )
#25025000
b11010001 +
1"
#25030000
0"
#25035000
b10100010 +
1"
#25040000
0"
1$
#25045000
b1000100 +
1"
#25050000
0"
0$
#25055000
b10001000 +
1"
#25060000
0"
b1001110010 )
#25065000
b10000 +
1"
#25070000
0"
#25075000
b100001 +
1"
#25080000
0"
1$
#25085000
b10 !
b10 ,
b1000011 +
1"
#25090000
0"
0$
#25095000
b10000110 +
1"
#25100000
0"
b1001110011 )
#25105000
b1101 +
1"
#25110000
0"
#25115000
b11011 +
1"
#25120000
0"
1$
#25125000
b100 !
b100 ,
b110110 +
1"
#25130000
0"
0$
#25135000
b1101100 +
1"
#25140000
0"
b1001110100 )
#25145000
b11011000 +
1"
#25150000
0"
#25155000
b10110001 +
1"
#25160000
0"
1$
#25165000
b10 !
b10 ,
b1100011 +
1"
#25170000
0"
0$
#25175000
b11000111 +
1"
#25180000
0"
b1001110101 )
#25185000
b10001111 +
1"
#25190000
0"
#25195000
b11110 +
1"
#25200000
0"
1$
#25205000
b11 !
b11 ,
b111100 +
1"
#25210000
0"
0$
#25215000
b1111001 +
1"
#25220000
0"
b1001110110 )
#25225000
b11110011 +
1"
#25230000
0"
#25235000
b11100111 +
1"
#25240000
0"
1$
#25245000
b100 !
b100 ,
b11001110 +
1"
#25250000
0"
0$
#25255000
b10011100 +
1"
#25260000
0"
b1001110111 )
#25265000
b111001 +
1"
#25270000
0"
#25275000
b1110011 +
1"
#25280000
0"
1$
#25285000
b11100110 +
1"
#25290000
0"
0$
#25295000
b11001100 +
1"
#25300000
0"
b1001111000 )
#25305000
b10011000 +
1"
#25310000
0"
#25315000
b110001 +
1"
#25320000
0"
1$
#25325000
b10 !
b10 ,
b1100010 +
1"
#25330000
0"
0$
#25335000
b11000101 +
1"
#25340000
0"
b1001111001 )
#25345000
b10001011 +
1"
#25350000
0"
#25355000
b10110 +
1"
#25360000
0"
1$
#25365000
b11 !
b11 ,
b101101 +
1"
#25370000
0"
0$
#25375000
b1011010 +
1"
#25380000
0"
b1001111010 )
#25385000
b10110100 +
1"
#25390000
0"
#25395000
b1101001 +
1"
#25400000
0"
1$
#25405000
b10 !
b10 ,
b11010010 +
1"
#25410000
0"
0$
#25415000
b10100100 +
1"
#25420000
0"
b1001111011 )
#25425000
b1001000 +
1"
#25430000
0"
#25435000
b10010001 +
1"
#25440000
0"
1$
#25445000
b100010 +
1"
#25450000
0"
0$
#25455000
b1000101 +
1"
#25460000
0"
b1001111100 )
#25465000
b10001010 +
1"
#25470000
0"
#25475000
b10100 +
1"
#25480000
0"
1$
#25485000
b1 !
b1 ,
b101001 +
1"
#25490000
0"
0$
#25495000
b1010010 +
1"
#25500000
0"
b1001111101 )
#25505000
b10100101 +
1"
#25510000
0"
#25515000
b1001010 +
1"
#25520000
0"
1$
#25525000
b11 !
b11 ,
b10010101 +
1"
#25530000
0"
0$
#25535000
b101010 +
1"
#25540000
0"
b1001111110 )
#25545000
b1010100 +
1"
#25550000
0"
#25555000
b10101001 +
1"
#25560000
0"
1$
#25565000
b10 !
b10 ,
b1010011 +
1"
#25570000
0"
0$
#25575000
b10100111 +
1"
#25580000
0"
b1001111111 )
#25585000
b1001110 +
1"
#25590000
0"
#25595000
b10011101 +
1"
#25600000
0"
1$
#25605000
b111011 +
1"
#25610000
0"
0$
#25615000
b1110111 +
1"
#25620000
0"
b1010000000 )
#25625000
b11101110 +
1"
#25630000
0"
#25635000
b11011101 +
1"
#25640000
0"
1$
#25645000
b10111011 +
1"
#25650000
0"
0$
#25655000
b1110110 +
1"
#25660000
0"
b1010000001 )
#25665000
b11101100 +
1"
#25670000
0"
#25675000
b11011001 +
1"
#25680000
0"
1$
#25685000
b10110011 +
1"
#25690000
0"
0$
#25695000
b1100111 +
1"
#25700000
0"
b1010000010 )
#25705000
b11001111 +
1"
#25710000
0"
#25715000
b10011110 +
1"
#25720000
0"
1$
#25725000
b11 !
b11 ,
b111101 +
1"
#25730000
0"
0$
#25735000
b1111011 +
1"
#25740000
0"
b1010000011 )
#25745000
b11110111 +
1"
#25750000
0"
#25755000
b11101111 +
1"
#25760000
0"
1$
#25765000
b100 !
b100 ,
b11011111 +
1"
#25770000
0"
0$
#25775000
b10111111 +
1"
#25780000
0"
b1010000100 )
#25785000
b1111110 +
1"
#25790000
0"
#25795000
b11111101 +
1"
#25800000
0"
1$
#25805000
b10 !
b10 ,
b11111010 +
1"
#25810000
0"
0$
#25815000
b11110100 +
1"
#25820000
0"
b1010000101 )
#25825000
b11101001 +
1"
#25830000
0"
#25835000
b11010011 +
1"
#25840000
0"
1$
#25845000
b100 !
b100 ,
b10100110 +
1"
#25850000
0"
0$
#25855000
b1001100 +
1"
#25860000
0"
b1010000110 )
#25865000
b10011001 +
1"
#25870000
0"
#25875000
b110011 +
1"
#25880000
0"
1$
#25885000
b1100110 +
1"
#25890000
0"
0$
#25895000
b11001101 +
1"
#25900000
0"
b1010000111 )
#25905000
b10011010 +
1"
#25910000
0"
#25915000
b110101 +
1"
#25920000
0"
1$
#25925000
b10 !
b10 ,
b1101010 +
1"
#25930000
0"
0$
#25935000
b11010100 +
1"
#25940000
0"
b1010001000 )
#25945000
b10101000 +
1"
#25950000
0"
#25955000
b1010001 +
1"
#25960000
0"
1$
#25965000
b10100011 +
1"
#25970000
0"
0$
#25975000
b1000110 +
1"
#25980000
0"
b1010001001 )
#25985000
b10001100 +
1"
#25990000
0"
#25995000
b11000 +
1"
#26000000
0"
1$
#26005000
b1 !
b1 ,
b110000 +
1"
#26010000
0"
0$
#26015000
b1100000 +
1"
#26020000
0"
b1010001010 )
#26025000
b11000001 +
1"
#26030000
0"
#26035000
b10000011 +
1"
#26040000
0"
1$
#26045000
b100 !
b100 ,
b111 +
1"
#26050000
0"
0$
#26055000
b1110 +
1"
#26060000
0"
b1010001011 )
#26065000
b11101 +
1"
#26070000
0"
#26075000
b111010 +
1"
#26080000
0"
1$
#26085000
b11 !
b11 ,
b1110101 +
1"
#26090000
0"
0$
#26095000
b11101010 +
1"
#26100000
0"
b1010001100 )
#26105000
b11010101 +
1"
#26110000
0"
#26115000
b10101010 +
1"
#26120000
0"
1$
#26125000
b1010101 +
1"
#26130000
0"
0$
#26135000
b10101011 +
1"
#26140000
0"
b1010001101 )
#26145000
b1010111 +
1"
#26150000
0"
#26155000
b10101111 +
1"
#26160000
0"
1$
#26165000
b100 !
b100 ,
b1011111 +
1"
#26170000
0"
0$
#26175000
b10111110 +
1"
#26180000
0"
b1010001110 )
#26185000
b1111100 +
1"
#26190000
0"
#26195000
b11111001 +
1"
#26200000
0"
1$
#26205000
b10 !
b10 ,
b11110010 +
1"
#26210000
0"
0$
#26215000
b11100101 +
1"
#26220000
0"
b1010001111 )
#26225000
b11001010 +
1"
#26230000
0"
#26235000
b10010100 +
1"
#26240000
0"
1$
#26245000
b1 !
b1 ,
b101000 +
1"
#26250000
0"
0$
#26255000
b1010000 +
1"
#26260000
0"
b1010010000 )
#26265000
b10100001 +
1"
#26270000
0"
#26275000
b1000010 +
1"
#26280000
0"
1$
#26285000
b11 !
b11 ,
b10000100 +
1"
#26290000
0"
0$
#26295000
b1001 +
1"
#26300000
0"
b1010010001 )
#26305000
b10011 +
1"
#26310000
0"
#26315000
b100111 +
1"
#26320000
0"
1$
#26325000
b100 !
b100 ,
b1001111 +
1"
#26330000
0"
0$
#26335000
b10011111 +
1"
#26340000
0"
b1010010010 )
#26345000
b111111 +
1"
#26350000
0"
#26355000
b1111111 +
1"
#26360000
0"
1$
#26365000
b11111111 +
1"
#26370000
0"
0$
#26375000
b11111110 +
1"
#26380000
0"
b1010010011 )
#26385000
b11111100 +
1"
#26390000
0"
#26395000
b11111000 +
1"
#26400000
0"
1$
#26405000
b1 !
b1 ,
b11110000 +
1"
#26410000
0"
0$
#26415000
b11100001 +
1"
#26420000
0"
b1010010100 )
#26425000
b11000010 +
1"
#26430000
0"
#26435000
b10000101 +
1"
#26440000
0"
1$
#26445000
b10 !
b10 ,
b1011 +
1"
#26450000
0"
0$
#26455000
b10111 +
1"
#26460000
0"
b1010010101 )
#26465000
b101111 +
1"
#26470000
0"
#26475000
b1011110 +
1"
#26480000
0"
1$
#26485000
b11 !
b11 ,
b10111100 +
1"
#26490000
0"
0$
#26495000
b1111000 +
1"
#26500000
0"
b1010010110 )
#26505000
b11110001 +
1"
#26510000
0"
#26515000
b11100011 +
1"
#26520000
0"
1$
#26525000
b100 !
b100 ,
b11000110 +
1"
#26530000
0"
0$
#26535000
b10001101 +
1"
#26540000
0"
b1010010111 )
#26545000
b11010 +
1"
#26550000
0"
#26555000
b110100 +
1"
#26560000
0"
1$
#26565000
b1 !
b1 ,
b1101000 +
1"
#26570000
0"
0$
#26575000
b11010000 +
1"
#26580000
0"
b1010011000 )
#26585000
b10100000 +
1"
#26590000
0"
#26595000
b1000000 +
1"
#26600000
0"
1$
#26605000
b10000000 +
1"
#26610000
0"
0$
#26615000
b1 +
1"
#26620000
0"
b1010011001 )
#26625000
b10 +
1"
#26630000
0"
#26635000
b100 +
1"
#26640000
0"
1$
#26645000
b1000 +
1"
#26650000
0"
0$
#26655000
b10001 +
1"
#26660000
0"
b1010011010 )
#26665000
b100011 +
1"
#26670000
0"
#26675000
b1000111 +
1"
#26680000
0"
1$
#26685000
b100 !
b100 ,
b10001110 +
1"
#26690000
0"
0$
#26695000
b11100 +
1"
#26700000
0"
b1010011011 )
#26705000
b111000 +
1"
#26710000
0"
#26715000
b1110001 +
1"
#26720000
0"
1$
#26725000
b10 !
b10 ,
b11100010 +
1"
#26730000
0"
0$
#26735000
b11000100 +
1"
#26740000
0"
b1010011100 )
#26745000
b10001001 +
1"
#26750000
0"
#26755000
b10010 +
1"
#26760000
0"
1$
#26765000
b11 !
b11 ,
b100101 +
1"
#26770000
0"
0$
#26775000
b1001011 +
1"
#26780000
0"
b1010011101 )
#26785000
b10010111 +
1"
#26790000
0"
#26795000
b101110 +
1"
#26800000
0"
1$
#26805000
b1011100 +
1"
#26810000
0"
0$
#26815000
b10111000 +
1"
#26820000
0"
b1010011110 )
#26825000
b1110000 +
1"
#26830000
0"
#26835000
b11100000 +
1"
#26840000
0"
1$
#26845000
b1 !
b1 ,
b11000000 +
1"
#26850000
0"
0$
#26855000
b10000001 +
1"
#26860000
0"
b1010011111 )
#26865000
b11 +
1"
#26870000
0"
#26875000
b110 +
1"
#26880000
0"
1$
#26885000
b11 !
b11 ,
b1100 +
1"
#26890000
0"
0$
#26895000
b11001 +
1"
#26900000
0"
b1010100000 )
#26905000
b110010 +
1"
#26910000
0"
#26915000
b1100100 +
1"
#26920000
0"
1$
#26925000
b1 !
b1 ,
b11001001 +
1"
#26930000
0"
0$
#26935000
b10010010 +
1"
#26940000
0"
b1010100001 )
#26945000
b100100 +
1"
#26950000
0"
#26955000
b1001001 +
1"
#26960000
0"
1$
#26965000
b10 !
b10 ,
b10010011 +
1"
#26970000
0"
0$
#26975000
b100110 +
1"
#26980000
0"
b1010100010 )
#26985000
b1001101 +
1"
#26990000
0"
#26995000
b10011011 +
1"
#27000000
0"
1$
#27005000
b100 !
b100 ,
b110111 +
1"
#27010000
0"
0$
#27015000
b1101110 +
1"
#27020000
0"
b1010100011 )
#27025000
b11011100 +
1"
#27030000
0"
#27035000
b10111001 +
1"
#27040000
0"
1$
#27045000
b10 !
b10 ,
b1110010 +
1"
#27050000
0"
0$
#27055000
b11100100 +
1"
#27060000
0"
b1010100100 )
#27065000
b11001000 +
1"
#27070000
0"
#27075000
b10010000 +
1"
#27080000
0"
1$
#27085000
b1 !
b1 ,
b100000 +
1"
#27090000
0"
0$
#27095000
b1000001 +
1"
#27100000
0"
b1010100101 )
#27105000
b10000010 +
1"
#27110000
0"
#27115000
b101 +
1"
#27120000
0"
1$
#27125000
b10 !
b10 ,
b1010 +
1"
#27130000
0"
0$
#27135000
b10101 +
1"
#27140000
0"
b1010100110 )
#27145000
b101011 +
1"
#27150000
0"
#27155000
b1010110 +
1"
#27160000
0"
1$
#27165000
b11 !
b11 ,
b10101101 +
1"
#27170000
0"
0$
#27175000
b1011011 +
1"
#27180000
0"
b1010100111 )
#27185000
b10110110 +
1"
#27190000
0"
#27195000
b1101101 +
1"
#27200000
0"
1$
#27205000
b10 !
b10 ,
b11011010 +
1"
#27210000
0"
0$
#27215000
b10110101 +
1"
#27220000
0"
b1010101000 )
#27225000
b1101011 +
1"
#27230000
0"
#27235000
b11010110 +
1"
#27240000
0"
1$
#27245000
b11 !
b11 ,
b10101100 +
1"
#27250000
0"
0$
#27255000
b1011001 +
1"
#27260000
0"
b1010101001 )
#27265000
b10110010 +
1"
#27270000
0"
#27275000
b1100101 +
1"
#27280000
0"
1$
#27285000
b10 !
b10 ,
b11001011 +
1"
#27290000
0"
0$
#27295000
b10010110 +
1"
#27300000
0"
b1010101010 )
#27305000
b101100 +
1"
#27310000
0"
#27315000
b1011000 +
1"
#27320000
0"
1$
#27325000
b1 !
b1 ,
b10110000 +
1"
#27330000
0"
0$
#27335000
b1100001 +
1"
#27340000
0"
b1010101011 )
#27345000
b11000011 +
1"
#27350000
0"
#27355000
b10000111 +
1"
#27360000
0"
1$
#27365000
b100 !
b100 ,
b1111 +
1"
#27370000
0"
0$
#27375000
b11111 +
1"
#27380000
0"
b1010101100 )
#27385000
b111110 +
1"
#27390000
0"
#27395000
b1111101 +
1"
#27400000
0"
1$
#27405000
b10 !
b10 ,
b11111011 +
1"
#27410000
0"
0$
#27415000
b11110110 +
1"
#27420000
0"
b1010101101 )
#27425000
b11101101 +
1"
#27430000
0"
#27435000
b11011011 +
1"
#27440000
0"
1$
#27445000
b100 !
b100 ,
b10110111 +
1"
#27450000
0"
0$
#27455000
b1101111 +
1"
#27460000
0"
b1010101110 )
#27465000
b11011110 +
1"
#27470000
0"
#27475000
b10111101 +
1"
#27480000
0"
1$
#27485000
b10 !
b10 ,
b1111010 +
1"
#27490000
0"
0$
#27495000
b11110101 +
1"
#27500000
0"
b1010101111 )
#27505000
b11101011 +
1"
#27510000
0"
#27515000
b11010111 +
1"
#27520000
0"
1$
#27525000
b100 !
b100 ,
b10101110 +
1"
#27530000
0"
0$
#27535000
b1011101 +
1"
#27540000
0"
b1010110000 )
#27545000
b10111010 +
1"
#27550000
0"
#27555000
b1110100 +
1"
#27560000
0"
1$
#27565000
b1 !
b1 ,
b11101000 +
1"
#27570000
0"
0$
#27575000
b11010001 +
1"
#27580000
0"
b1010110001 )
#27585000
b10100010 +
1"
#27590000
0"
#27595000
b1000100 +
1"
#27600000
0"
1$
#27605000
b10001000 +
1"
#27610000
0"
0$
#27615000
b10000 +
1"
#27620000
0"
b1010110010 )
#27625000
b100001 +
1"
#27630000
0"
#27635000
b1000011 +
1"
#27640000
0"
1$
#27645000
b100 !
b100 ,
b10000110 +
1"
#27650000
0"
0$
#27655000
b1101 +
1"
#27660000
0"
b1010110011 )
#27665000
b11011 +
1"
#27670000
0"
#27675000
b110110 +
1"
#27680000
0"
1$
#27685000
b11 !
b11 ,
b1101100 +
1"
#27690000
0"
0$
#27695000
b11011000 +
1"
#27700000
0"
b1010110100 )
#27705000
b10110001 +
1"
#27710000
0"
#27715000
b1100011 +
1"
#27720000
0"
1$
#27725000
b100 !
b100 ,
b11000111 +
1"
#27730000
0"
0$
#27735000
b10001111 +
1"
#27740000
0"
b1010110101 )
#27745000
b11110 +
1"
#27750000
0"
#27755000
b111100 +
1"
#27760000
0"
1$
#27765000
b1 !
b1 ,
b1111001 +
1"
#27770000
0"
0$
#27775000
b11110011 +
1"
#27780000
0"
b1010110110 )
#27785000
b11100111 +
1"
#27790000
0"
#27795000
b11001110 +
1"
#27800000
0"
1$
#27805000
b11 !
b11 ,
b10011100 +
1"
#27810000
0"
0$
#27815000
b111001 +
1"
#27820000
0"
b1010110111 )
#27825000
b1110011 +
1"
#27830000
0"
#27835000
b11100110 +
1"
#27840000
0"
1$
#27845000
b11001100 +
1"
#27850000
0"
0$
#27855000
b10011000 +
1"
#27860000
0"
b1010111000 )
#27865000
b110001 +
1"
#27870000
0"
#27875000
b1100010 +
1"
#27880000
0"
1$
#27885000
b11000101 +
1"
#27890000
0"
0$
#27895000
b10001011 +
1"
#27900000
0"
b1010111001 )
#27905000
b10110 +
1"
#27910000
0"
#27915000
b101101 +
1"
#27920000
0"
1$
#27925000
b10 !
b10 ,
b1011010 +
1"
#27930000
0"
0$
#27935000
b10110100 +
1"
#27940000
0"
b1010111010 )
#27945000
b1101001 +
1"
#27950000
0"
#27955000
b11010010 +
1"
#27960000
0"
1$
#27965000
b11 !
b11 ,
b10100100 +
1"
#27970000
0"
0$
#27975000
b1001000 +
1"
#27980000
0"
b1010111011 )
#27985000
b10010001 +
1"
#27990000
0"
#27995000
b100010 +
1"
#28000000
0"
1$
#28005000
b1000101 +
1"
#28010000
0"
0$
#28015000
b10001010 +
1"
#28020000
0"
b1010111100 )
#28025000
b10100 +
1"
#28030000
0"
#28035000
b101001 +
1"
#28040000
0"
1$
#28045000
b10 !
b10 ,
b1010010 +
1"
#28050000
0"
0$
#28055000
b10100101 +
1"
#28060000
0"
b1010111101 )
#28065000
b1001010 +
1"
#28070000
0"
#28075000
b10010101 +
1"
#28080000
0"
1$
#28085000
b101010 +
1"
#28090000
0"
0$
#28095000
b1010100 +
1"
#28100000
0"
b1010111110 )
#28105000
b10101001 +
1"
#28110000
0"
#28115000
b1010011 +
1"
#28120000
0"
1$
#28125000
b100 !
b100 ,
b10100111 +
1"
#28130000
0"
0$
#28135000
b1001110 +
1"
#28140000
0"
b1010111111 )
#28145000
b10011101 +
1"
#28150000
0"
#28155000
b111011 +
1"
#28160000
0"
1$
#28165000
b1110111 +
1"
#28170000
0"
0$
#28175000
b11101110 +
1"
#28180000
0"
b1011000000 )
#28185000
b11011101 +
1"
#28190000
0"
#28195000
b10111011 +
1"
#28200000
0"
1$
#28205000
b1110110 +
1"
#28210000
0"
0$
#28215000
b11101100 +
1"
#28220000
0"
b1011000001 )
#28225000
b11011001 +
1"
#28230000
0"
#28235000
b10110011 +
1"
#28240000
0"
1$
#28245000
b1100111 +
1"
#28250000
0"
0$
#28255000
b11001111 +
1"
#28260000
0"
b1011000010 )
#28265000
b10011110 +
1"
#28270000
0"
#28275000
b111101 +
1"
#28280000
0"
1$
#28285000
b10 !
b10 ,
b1111011 +
1"
#28290000
0"
0$
#28295000
b11110111 +
1"
#28300000
0"
b1011000011 )
#28305000
b11101111 +
1"
#28310000
0"
#28315000
b11011111 +
1"
#28320000
0"
1$
#28325000
b100 !
b100 ,
b10111111 +
1"
#28330000
0"
0$
#28335000
b1111110 +
1"
#28340000
0"
b1011000100 )
#28345000
b11111101 +
1"
#28350000
0"
#28355000
b11111010 +
1"
#28360000
0"
1$
#28365000
b11 !
b11 ,
b11110100 +
1"
#28370000
0"
0$
#28375000
b11101001 +
1"
#28380000
0"
b1011000101 )
#28385000
b11010011 +
1"
#28390000
0"
#28395000
b10100110 +
1"
#28400000
0"
1$
#28405000
b1001100 +
1"
#28410000
0"
0$
#28415000
b10011001 +
1"
#28420000
0"
b1011000110 )
#28425000
b110011 +
1"
#28430000
0"
#28435000
b1100110 +
1"
#28440000
0"
1$
#28445000
b11001101 +
1"
#28450000
0"
0$
#28455000
b10011010 +
1"
#28460000
0"
b1011000111 )
#28465000
b110101 +
1"
#28470000
0"
#28475000
b1101010 +
1"
#28480000
0"
1$
#28485000
b11010100 +
1"
#28490000
0"
0$
#28495000
b10101000 +
1"
#28500000
0"
b1011001000 )
#28505000
b1010001 +
1"
#28510000
0"
#28515000
b10100011 +
1"
#28520000
0"
1$
#28525000
b100 !
b100 ,
b1000110 +
1"
#28530000
0"
0$
#28535000
b10001100 +
1"
#28540000
0"
b1011001001 )
#28545000
b11000 +
1"
#28550000
0"
#28555000
b110000 +
1"
#28560000
0"
1$
#28565000
b1 !
b1 ,
b1100000 +
1"
#28570000
0"
0$
#28575000
b11000001 +
1"
#28580000
0"
b1011001010 )
#28585000
b10000011 +
1"
#28590000
0"
#28595000
b111 +
1"
#28600000
0"
1$
#28605000
b100 !
b100 ,
b1110 +
1"
#28610000
0"
0$
#28615000
b11101 +
1"
#28620000
0"
b1011001011 )
#28625000
b111010 +
1"
#28630000
0"
#28635000
b1110101 +
1"
#28640000
0"
1$
#28645000
b10 !
b10 ,
b11101010 +
1"
#28650000
0"
0$
#28655000
b11010101 +
1"
#28660000
0"
b1011001100 )
#28665000
b10101010 +
1"
#28670000
0"
#28675000
b1010101 +
1"
#28680000
0"
1$
#28685000
b10101011 +
1"
#28690000
0"
0$
#28695000
b1010111 +
1"
#28700000
0"
b1011001101 )
#28705000
b10101111 +
1"
#28710000
0"
#28715000
b1011111 +
1"
#28720000
0"
1$
#28725000
b100 !
b100 ,
b10111110 +
1"
#28730000
0"
0$
#28735000
b1111100 +
1"
#28740000
0"
b1011001110 )
#28745000
b11111001 +
1"
#28750000
0"
#28755000
b11110010 +
1"
#28760000
0"
1$
#28765000
b11 !
b11 ,
b11100101 +
1"
#28770000
0"
0$
#28775000
b11001010 +
1"
#28780000
0"
b1011001111 )
#28785000
b10010100 +
1"
#28790000
0"
#28795000
b101000 +
1"
#28800000
0"
1$
#28805000
b1 !
b1 ,
b1010000 +
1"
#28810000
0"
0$
#28815000
b10100001 +
1"
#28820000
0"
b1011010000 )
#28825000
b1000010 +
1"
#28830000
0"
#28835000
b10000100 +
1"
#28840000
0"
1$
#28845000
b1001 +
1"
#28850000
0"
0$
#28855000
b10011 +
1"
#28860000
0"
b1011010001 )
#28865000
b100111 +
1"
#28870000
0"
#28875000
b1001111 +
1"
#28880000
0"
1$
#28885000
b100 !
b100 ,
b10011111 +
1"
#28890000
0"
0$
#28895000
b111111 +
1"
#28900000
0"
b1011010010 )
#28905000
b1111111 +
1"
#28910000
0"
#28915000
b11111111 +
1"
#28920000
0"
1$
#28925000
b11111110 +
1"
#28930000
0"
0$
#28935000
b11111100 +
1"
#28940000
0"
b1011010011 )
#28945000
b11111000 +
1"
#28950000
0"
#28955000
b11110000 +
1"
#28960000
0"
1$
#28965000
b1 !
b1 ,
b11100001 +
1"
#28970000
0"
0$
#28975000
b11000010 +
1"
#28980000
0"
b1011010100 )
#28985000
b10000101 +
1"
#28990000
0"
#28995000
b1011 +
1"
#29000000
0"
1$
#29005000
b100 !
b100 ,
b10111 +
1"
#29010000
0"
0$
#29015000
b101111 +
1"
#29020000
0"
b1011010101 )
#29025000
b1011110 +
1"
#29030000
0"
#29035000
b10111100 +
1"
#29040000
0"
1$
#29045000
b1 !
b1 ,
b1111000 +
1"
#29050000
0"
0$
#29055000
b11110001 +
1"
#29060000
0"
b1011010110 )
#29065000
b11100011 +
1"
#29070000
0"
#29075000
b11000110 +
1"
#29080000
0"
1$
#29085000
b11 !
b11 ,
b10001101 +
1"
#29090000
0"
0$
#29095000
b11010 +
1"
#29100000
0"
b1011010111 )
#29105000
b110100 +
1"
#29110000
0"
#29115000
b1101000 +
1"
#29120000
0"
1$
#29125000
b1 !
b1 ,
b11010000 +
1"
#29130000
0"
0$
#29135000
b10100000 +
1"
#29140000
0"
b1011011000 )
#29145000
b1000000 +
1"
#29150000
0"
#29155000
b10000000 +
1"
#29160000
0"
1$
#29165000
b1 +
1"
#29170000
0"
0$
#29175000
b10 +
1"
#29180000
0"
b1011011001 )
#29185000
b100 +
1"
#29190000
0"
#29195000
b1000 +
1"
#29200000
0"
1$
#29205000
b10001 +
1"
#29210000
0"
0$
#29215000
b100011 +
1"
#29220000
0"
b1011011010 )
#29225000
b1000111 +
1"
#29230000
0"
#29235000
b10001110 +
1"
#29240000
0"
1$
#29245000
b11 !
b11 ,
b11100 +
1"
#29250000
0"
0$
#29255000
b111000 +
1"
#29260000
0"
b1011011011 )
#29265000
b1110001 +
1"
#29270000
0"
#29275000
b11100010 +
1"
#29280000
0"
1$
#29285000
b11000100 +
1"
#29290000
0"
0$
#29295000
b10001001 +
1"
#29300000
0"
b1011011100 )
#29305000
b10010 +
1"
#29310000
0"
#29315000
b100101 +
1"
#29320000
0"
1$
#29325000
b10 !
b10 ,
b1001011 +
1"
#29330000
0"
0$
#29335000
b10010111 +
1"
#29340000
0"
b1011011101 )
#29345000
b101110 +
1"
#29350000
0"
#29355000
b1011100 +
1"
#29360000
0"
1$
#29365000
b1 !
b1 ,
b10111000 +
1"
#29370000
0"
0$
#29375000
b1110000 +
1"
#29380000
0"
b1011011110 )
#29385000
b11100000 +
1"
#29390000
0"
#29395000
b11000000 +
1"
#29400000
0"
1$
#29405000
b10000001 +
1"
#29410000
0"
0$
#29415000
b11 +
1"
#29420000
0"
b1011011111 )
#29425000
b110 +
1"
#29430000
0"
#29435000
b1100 +
1"
#29440000
0"
1$
#29445000
b11001 +
1"
#29450000
0"
0$
#29455000
b110010 +
1"
#29460000
0"
b1011100000 )
#29465000
b1100100 +
1"
#29470000
0"
#29475000
b11001001 +
1"
#29480000
0"
1$
#29485000
b10 !
b10 ,
b10010010 +
1"
#29490000
0"
0$
#29495000
b100100 +
1"
#29500000
0"
b1011100001 )
#29505000
b1001001 +
1"
#29510000
0"
#29515000
b10010011 +
1"
#29520000
0"
1$
#29525000
b100 !
b100 ,
b100110 +
1"
#29530000
0"
0$
#29535000
b1001101 +
1"
#29540000
0"
b1011100010 )
#29545000
b10011011 +
1"
#29550000
0"
#29555000
b110111 +
1"
#29560000
0"
1$
#29565000
b1101110 +
1"
#29570000
0"
0$
#29575000
b11011100 +
1"
#29580000
0"
b1011100011 )
#29585000
b10111001 +
1"
#29590000
0"
#29595000
b1110010 +
1"
#29600000
0"
1$
#29605000
b11 !
b11 ,
b11100100 +
1"
#29610000
0"
0$
#29615000
b11001000 +
1"
#29620000
0"
b1011100100 )
#29625000
b10010000 +
1"
#29630000
0"
#29635000
b100000 +
1"
#29640000
0"
1$
#29645000
b1 !
b1 ,
b1000001 +
1"
#29650000
0"
0$
#29655000
b10000010 +
1"
#29660000
0"
b1011100101 )
#29665000
b101 +
1"
#29670000
0"
#29675000
b1010 +
1"
#29680000
0"
1$
#29685000
b11 !
b11 ,
b10101 +
1"
#29690000
0"
0$
#29695000
b101011 +
1"
#29700000
0"
b1011100110 )
#29705000
b1010110 +
1"
#29710000
0"
#29715000
b10101101 +
1"
#29720000
0"
1$
#29725000
b10 !
b10 ,
b1011011 +
1"
#29730000
0"
0$
#29735000
b10110110 +
1"
#29740000
0"
b1011100111 )
#29745000
b1101101 +
1"
#29750000
0"
#29755000
b11011010 +
1"
#29760000
0"
1$
#29765000
b11 !
b11 ,
b10110101 +
1"
#29770000
0"
0$
#29775000
b1101011 +
1"
#29780000
0"
b1011101000 )
#29785000
b11010110 +
1"
#29790000
0"
#29795000
b10101100 +
1"
#29800000
0"
1$
#29805000
b1 !
b1 ,
b1011001 +
1"
#29810000
0"
0$
#29815000
b10110010 +
1"
#29820000
0"
b1011101001 )
#29825000
b1100101 +
1"
#29830000
0"
#29835000
b11001011 +
1"
#29840000
0"
1$
#29845000
b100 !
b100 ,
b10010110 +
1"
#29850000
0"
0$
#29855000
b101100 +
1"
#29860000
0"
b1011101010 )
#29865000
b1011000 +
1"
#29870000
0"
#29875000
b10110000 +
1"
#29880000
0"
1$
#29885000
b1 !
b1 ,
b1100001 +
1"
#29890000
0"
0$
#29895000
b11000011 +
1"
#29900000
0"
b1011101011 )
#29905000
b10000111 +
1"
#29910000
0"
#29915000
b1111 +
1"
#29920000
0"
1$
#29925000
b100 !
b100 ,
b11111 +
1"
#29930000
0"
0$
#29935000
b111110 +
1"
#29940000
0"
b1011101100 )
#29945000
b1111101 +
1"
#29950000
0"
#29955000
b11111011 +
1"
#29960000
0"
1$
#29965000
b11110110 +
1"
#29970000
0"
0$
#29975000
b11101101 +
1"
#29980000
0"
b1011101101 )
#29985000
b11011011 +
1"
#29990000
0"
#29995000
b10110111 +
1"
#30000000
0"
1$
#30005000
b1101111 +
1"
#30010000
0"
0$
#30015000
b11011110 +
1"
#30020000
0"
b1011101110 )
#30025000
b10111101 +
1"
#30030000
0"
#30035000
b1111010 +
1"
#30040000
0"
1$
#30045000
b11 !
b11 ,
b11110101 +
1"
#30050000
0"
0$
#30055000
b11101011 +
1"
#30060000
0"
b1011101111 )
#30065000
b11010111 +
1"
#30070000
0"
#30075000
b10101110 +
1"
#30080000
0"
1$
#30085000
b1011101 +
1"
#30090000
0"
0$
#30095000
b10111010 +
1"
#30100000
0"
b1011110000 )
#30105000
b1110100 +
1"
#30110000
0"
#30115000
b11101000 +
1"
#30120000
0"
1$
#30125000
b1 !
b1 ,
b11010001 +
1"
#30130000
0"
0$
#30135000
b10100010 +
1"
#30140000
0"
b1011110001 )
#30145000
b1000100 +
1"
#30150000
0"
#30155000
b10001000 +
1"
#30160000
0"
1$
#30165000
b10000 +
1"
#30170000
0"
0$
#30175000
b100001 +
1"
#30180000
0"
b1011110010 )
#30185000
b1000011 +
1"
#30190000
0"
#30195000
b10000110 +
1"
#30200000
0"
1$
#30205000
b11 !
b11 ,
b1101 +
1"
#30210000
0"
0$
#30215000
b11011 +
1"
#30220000
0"
b1011110011 )
#30225000
b110110 +
1"
#30230000
0"
#30235000
b1101100 +
1"
#30240000
0"
1$
#30245000
b1 !
b1 ,
b11011000 +
1"
#30250000
0"
0$
#30255000
b10110001 +
1"
#30260000
0"
b1011110100 )
#30265000
b1100011 +
1"
#30270000
0"
#30275000
b11000111 +
1"
#30280000
0"
1$
#30285000
b100 !
b100 ,
b10001111 +
1"
#30290000
0"
0$
#30295000
b11110 +
1"
#30300000
0"
b1011110101 )
#30305000
b111100 +
1"
#30310000
0"
#30315000
b1111001 +
1"
#30320000
0"
1$
#30325000
b10 !
b10 ,
b11110011 +
1"
#30330000
0"
0$
#30335000
b11100111 +
1"
#30340000
0"
b1011110110 )
#30345000
b11001110 +
1"
#30350000
0"
#30355000
b10011100 +
1"
#30360000
0"
1$
#30365000
b1 !
b1 ,
b111001 +
1"
#30370000
0"
0$
#30375000
b1110011 +
1"
#30380000
0"
b1011110111 )
#30385000
b11100110 +
1"
#30390000
0"
#30395000
b11001100 +
1"
#30400000
0"
1$
#30405000
b10011000 +
1"
#30410000
0"
0$
#30415000
b110001 +
1"
#30420000
0"
b1011111000 )
#30425000
b1100010 +
1"
#30430000
0"
#30435000
b11000101 +
1"
#30440000
0"
1$
#30445000
b10 !
b10 ,
b10001011 +
1"
#30450000
0"
0$
#30455000
b10110 +
1"
#30460000
0"
b1011111001 )
#30465000
b101101 +
1"
#30470000
0"
#30475000
b1011010 +
1"
#30480000
0"
1$
#30485000
b11 !
b11 ,
b10110100 +
1"
#30490000
0"
0$
#30495000
b1101001 +
1"
#30500000
0"
b1011111010 )
#30505000
b11010010 +
1"
#30510000
0"
#30515000
b10100100 +
1"
#30520000
0"
1$
#30525000
b1 !
b1 ,
b1001000 +
1"
#30530000
0"
0$
#30535000
b10010001 +
1"
#30540000
0"
b1011111011 )
#30545000
b100010 +
1"
#30550000
0"
#30555000
b1000101 +
1"
#30560000
0"
1$
#30565000
b10 !
b10 ,
b10001010 +
1"
#30570000
0"
0$
#30575000
b10100 +
1"
#30580000
0"
b1011111100 )
#30585000
b101001 +
1"
#30590000
0"
#30595000
b1010010 +
1"
#30600000
0"
1$
#30605000
b11 !
b11 ,
b10100101 +
1"
#30610000
0"
0$
#30615000
b1001010 +
1"
#30620000
0"
b1011111101 )
#30625000
b10010101 +
1"
#30630000
0"
#30635000
b101010 +
1"
#30640000
0"
1$
#30645000
b1010100 +
1"
#30650000
0"
0$
#30655000
b10101001 +
1"
#30660000
0"
b1011111110 )
#30665000
b1010011 +
1"
#30670000
0"
#30675000
b10100111 +
1"
#30680000
0"
1$
#30685000
b100 !
b100 ,
b1001110 +
1"
#30690000
0"
0$
#30695000
b10011101 +
1"
#30700000
0"
b1011111111 )
#30705000
b111011 +
1"
#30710000
0"
#30715000
b1110111 +
1"
#30720000
0"
1$
#30725000
b11101110 +
1"
#30730000
0"
0$
#30735000
b11011101 +
1"
#30740000
0"
b1100000000 )
#30745000
b10111011 +
1"
#30750000
0"
#30755000
b1110110 +
1"
#30760000
0"
1$
#30765000
b11 !
b11 ,
b11101100 +
1"
#30770000
0"
0$
#30775000
b11011001 +
1"
#30780000
0"
b1100000001 )
#30785000
b10110011 +
1"
#30790000
0"
#30795000
b1100111 +
1"
#30800000
0"
1$
#30805000
b100 !
b100 ,
b11001111 +
1"
#30810000
0"
0$
#30815000
b10011110 +
1"
#30820000
0"
b1100000010 )
#30825000
b111101 +
1"
#30830000
0"
#30835000
b1111011 +
1"
#30840000
0"
1$
#30845000
b11110111 +
1"
#30850000
0"
0$
#30855000
b11101111 +
1"
#30860000
0"
b1100000011 )
#30865000
b11011111 +
1"
#30870000
0"
#30875000
b10111111 +
1"
#30880000
0"
1$
#30885000
b1111110 +
1"
#30890000
0"
0$
#30895000
b11111101 +
1"
#30900000
0"
b1100000100 )
#30905000
b11111010 +
1"
#30910000
0"
#30915000
b11110100 +
1"
#30920000
0"
1$
#30925000
b1 !
b1 ,
b11101001 +
1"
#30930000
0"
0$
#30935000
b11010011 +
1"
#30940000
0"
b1100000101 )
#30945000
b10100110 +
1"
#30950000
0"
#30955000
b1001100 +
1"
#30960000
0"
1$
#30965000
b10011001 +
1"
#30970000
0"
0$
#30975000
b110011 +
1"
#30980000
0"
b1100000110 )
#30985000
b1100110 +
1"
#30990000
0"
#30995000
b11001101 +
1"
#31000000
0"
1$
#31005000
b10 !
b10 ,
b10011010 +
1"
#31010000
0"
0$
#31015000
b110101 +
1"
#31020000
0"
b1100000111 )
#31025000
b1101010 +
1"
#31030000
0"
#31035000
b11010100 +
1"
#31040000
0"
1$
#31045000
b1 !
b1 ,
b10101000 +
1"
#31050000
0"
0$
#31055000
b1010001 +
1"
#31060000
0"
b1100001000 )
#31065000
b10100011 +
1"
#31070000
0"
#31075000
b1000110 +
1"
#31080000
0"
1$
#31085000
b11 !
b11 ,
b10001100 +
1"
#31090000
0"
0$
#31095000
b11000 +
1"
#31100000
0"
b1100001001 )
#31105000
b110000 +
1"
#31110000
0"
#31115000
b1100000 +
1"
#31120000
0"
1$
#31125000
b1 !
b1 ,
b11000001 +
1"
#31130000
0"
0$
#31135000
b10000011 +
1"
#31140000
0"
b1100001010 )
#31145000
b111 +
1"
#31150000
0"
#31155000
b1110 +
1"
#31160000
0"
1$
#31165000
b11 !
b11 ,
b11101 +
1"
#31170000
0"
0$
#31175000
b111010 +
1"
#31180000
0"
b1100001011 )
#31185000
b1110101 +
1"
#31190000
0"
#31195000
b11101010 +
1"
#31200000
0"
1$
#31205000
b11010101 +
1"
#31210000
0"
0$
#31215000
b10101010 +
1"
#31220000
0"
b1100001100 )
#31225000
b1010101 +
1"
#31230000
0"
#31235000
b10101011 +
1"
#31240000
0"
1$
#31245000
b100 !
b100 ,
b1010111 +
1"
#31250000
0"
0$
#31255000
b10101111 +
1"
#31260000
0"
b1100001101 )
#31265000
b1011111 +
1"
#31270000
0"
#31275000
b10111110 +
1"
#31280000
0"
1$
#31285000
b11 !
b11 ,
b1111100 +
1"
#31290000
0"
0$
#31295000
b11111001 +
1"
#31300000
0"
b1100001110 )
#31305000
b11110010 +
1"
#31310000
0"
#31315000
b11100101 +
1"
#31320000
0"
1$
#31325000
b10 !
b10 ,
b11001010 +
1"
#31330000
0"
0$
#31335000
b10010100 +
1"
#31340000
0"
b1100001111 )
#31345000
b101000 +
1"
#31350000
0"
#31355000
b1010000 +
1"
#31360000
0"
1$
#31365000
b1 !
b1 ,
b10100001 +
1"
#31370000
0"
0$
#31375000
b1000010 +
1"
#31380000
0"
b1100010000 )
#31385000
b10000100 +
1"
#31390000
0"
#31395000
b1001 +
1"
#31400000
0"
1$
#31405000
b10 !
b10 ,
b10011 +
1"
#31410000
0"
0$
#31415000
b100111 +
1"
#31420000
0"
b1100010001 )
#31425000
b1001111 +
1"
#31430000
0"
#31435000
b10011111 +
1"
#31440000
0"
1$
#31445000
b100 !
b100 ,
b111111 +
1"
#31450000
0"
0$
#31455000
b1111111 +
1"
#31460000
0"
b1100010010 )
#31465000
b11111111 +
1"
#31470000
0"
#31475000
b11111110 +
1"
#31480000
0"
1$
#31485000
b11 !
b11 ,
b11111100 +
1"
#31490000
0"
0$
#31495000
b11111000 +
1"
#31500000
0"
b1100010011 )
#31505000
b11110000 +
1"
#31510000
0"
#31515000
b11100001 +
1"
#31520000
0"
1$
#31525000
b10 !
b10 ,
b11000010 +
1"
#31530000
0"
0$
#31535000
b10000101 +
1"
#31540000
0"
b1100010100 )
#31545000
b1011 +
1"
#31550000
0"
#31555000
b10111 +
1"
#31560000
0"
1$
#31565000
b100 !
b100 ,
b101111 +
1"
#31570000
0"
0$
#31575000
b1011110 +
1"
#31580000
0"
b1100010101 )
#31585000
b10111100 +
1"
#31590000
0"
#31595000
b1111000 +
1"
#31600000
0"
1$
#31605000
b1 !
b1 ,
b11110001 +
1"
#31610000
0"
0$
#31615000
b11100011 +
1"
#31620000
0"
b1100010110 )
#31625000
b11000110 +
1"
#31630000
0"
#31635000
b10001101 +
1"
#31640000
0"
1$
#31645000
b10 !
b10 ,
b11010 +
1"
#31650000
0"
0$
#31655000
b110100 +
1"
#31660000
0"
b1100010111 )
#31665000
b1101000 +
1"
#31670000
0"
#31675000
b11010000 +
1"
#31680000
0"
1$
#31685000
b1 !
b1 ,
b10100000 +
1"
#31690000
0"
0$
#31695000
b1000000 +
1"
#31700000
0"
b1100011000 )
#31705000
b10000000 +
1"
#31710000
0"
#31715000
b1 +
1"
#31720000
0"
1$
#31725000
b10 !
b10 ,
b10 +
1"
#31730000
0"
0$
#31735000
b100 +
1"
#31740000
0"
b1100011001 )
#31745000
b1000 +
1"
#31750000
0"
#31755000
b10001 +
1"
#31760000
0"
1$
#31765000
b100011 +
1"
#31770000
0"
0$
#31775000
b1000111 +
1"
#31780000
0"
b1100011010 )
#31785000
b10001110 +
1"
#31790000
0"
#31795000
b11100 +
1"
#31800000
0"
1$
#31805000
b1 !
b1 ,
b111000 +
1"
#31810000
0"
0$
#31815000
b1110001 +
1"
#31820000
0"
b1100011011 )
#31825000
b11100010 +
1"
#31830000
0"
#31835000
b11000100 +
1"
#31840000
0"
1$
#31845000
b10001001 +
1"
#31850000
0"
0$
#31855000
b10010 +
1"
#31860000
0"
b1100011100 )
#31865000
b100101 +
1"
#31870000
0"
#31875000
b1001011 +
1"
#31880000
0"
1$
#31885000
b100 !
b100 ,
b10010111 +
1"
#31890000
0"
0$
#31895000
b101110 +
1"
#31900000
0"
b1100011101 )
#31905000
b1011100 +
1"
#31910000
0"
#31915000
b10111000 +
1"
#31920000
0"
1$
#31925000
b1 !
b1 ,
b1110000 +
1"
#31930000
0"
0$
#31935000
b11100000 +
1"
#31940000
0"
b1100011110 )
#31945000
b11000000 +
1"
#31950000
0"
#31955000
b10000001 +
1"
#31960000
0"
1$
#31965000
b10 !
b10 ,
b11 +
1"
#31970000
0"
0$
#31975000
b110 +
1"
#31980000
0"
b1100011111 )
#31985000
b1100 +
1"
#31990000
0"
#31995000
b11001 +
1"
#32000000
0"
1$
#32005000
b110010 +
1"
#32010000
0"
0$
#32015000
b1100100 +
1"
#32020000
0"
b1100100000 )
#32025000
b11001001 +
1"
#32030000
0"
#32035000
b10010010 +
1"
#32040000
0"
1$
#32045000
b11 !
b11 ,
b100100 +
1"
#32050000
0"
0$
#32055000
b1001001 +
1"
#32060000
0"
b1100100001 )
#32065000
b10010011 +
1"
#32070000
0"
#32075000
b100110 +
1"
#32080000
0"
1$
#32085000
b1001101 +
1"
#32090000
0"
0$
#32095000
b10011011 +
1"
#32100000
0"
b1100100010 )
#32105000
b110111 +
1"
#32110000
0"
#32115000
b1101110 +
1"
#32120000
0"
1$
#32125000
b11011100 +
1"
#32130000
0"
0$
#32135000
b10111001 +
1"
#32140000
0"
b1100100011 )
#32145000
b1110010 +
1"
#32150000
0"
#32155000
b11100100 +
1"
#32160000
0"
1$
#32165000
b1 !
b1 ,
b11001000 +
1"
#32170000
0"
0$
#32175000
b10010000 +
1"
#32180000
0"
b1100100100 )
#32185000
b100000 +
1"
#32190000
0"
#32195000
b1000001 +
1"
#32200000
0"
1$
#32205000
b10 !
b10 ,
b10000010 +
1"
#32210000
0"
0$
#32215000
b101 +
1"
#32220000
0"
b1100100101 )
#32225000
b1010 +
1"
#32230000
0"
#32235000
b10101 +
1"
#32240000
0"
1$
#32245000
b101011 +
1"
#32250000
0"
0$
#32255000
b1010110 +
1"
#32260000
0"
b1100100110 )
#32265000
b10101101 +
1"
#32270000
0"
#32275000
b1011011 +
1"
#32280000
0"
1$
#32285000
b100 !
b100 ,
b10110110 +
1"
#32290000
0"
0$
#32295000
b1101101 +
1"
#32300000
0"
b1100100111 )
#32305000
b11011010 +
1"
#32310000
0"
#32315000
b10110101 +
1"
#32320000
0"
1$
#32325000
b10 !
b10 ,
b1101011 +
1"
#32330000
0"
0$
#32335000
b11010110 +
1"
#32340000
0"
b1100101000 )
#32345000
b10101100 +
1"
#32350000
0"
#32355000
b1011001 +
1"
#32360000
0"
1$
#32365000
b10110010 +
1"
#32370000
0"
0$
#32375000
b1100101 +
1"
#32380000
0"
b1100101001 )
#32385000
b11001011 +
1"
#32390000
0"
#32395000
b10010110 +
1"
#32400000
0"
1$
#32405000
b11 !
b11 ,
b101100 +
1"
#32410000
0"
0$
#32415000
b1011000 +
1"
#32420000
0"
b1100101010 )
#32425000
b10110000 +
1"
#32430000
0"
#32435000
b1100001 +
1"
#32440000
0"
1$
#32445000
b10 !
b10 ,
b11000011 +
1"
#32450000
0"
0$
#32455000
b10000111 +
1"
#32460000
0"
b1100101011 )
#32465000
b1111 +
1"
#32470000
0"
#32475000
b11111 +
1"
#32480000
0"
1$
#32485000
b100 !
b100 ,
b111110 +
1"
#32490000
0"
0$
#32495000
b1111101 +
1"
#32500000
0"
b1100101100 )
#32505000
b11111011 +
1"
#32510000
0"
#32515000
b11110110 +
1"
#32520000
0"
1$
#32525000
b11 !
b11 ,
b11101101 +
1"
#32530000
0"
0$
#32535000
b11011011 +
1"
#32540000
0"
b1100101101 )
#32545000
b10110111 +
1"
#32550000
0"
#32555000
b1101111 +
1"
#32560000
0"
1$
#32565000
b100 !
b100 ,
b11011110 +
1"
#32570000
0"
0$
#32575000
b10111101 +
1"
#32580000
0"
b1100101110 )
#32585000
b1111010 +
1"
#32590000
0"
#32595000
b11110101 +
1"
#32600000
0"
1$
#32605000
b10 !
b10 ,
b11101011 +
1"
#32610000
0"
0$
#32615000
b11010111 +
1"
#32620000
0"
b1100101111 )
#32625000
b10101110 +
1"
#32630000
0"
#32635000
b1011101 +
1"
#32640000
0"
1$
#32645000
b10111010 +
1"
#32650000
0"
0$
#32655000
b1110100 +
1"
#32660000
0"
b1100110000 )
#32665000
b11101000 +
1"
#32670000
0"
#32675000
b11010001 +
1"
#32680000
0"
1$
#32685000
b10100010 +
1"
#32690000
0"
0$
#32695000
b1000100 +
1"
#32700000
0"
b1100110001 )
#32705000
b10001000 +
1"
#32710000
0"
#32715000
b10000 +
1"
#32720000
0"
1$
#32725000
b1 !
b1 ,
b100001 +
1"
#32730000
0"
0$
#32735000
b1000011 +
1"
#32740000
0"
b1100110010 )
#32745000
b10000110 +
1"
#32750000
0"
#32755000
b1101 +
1"
#32760000
0"
1$
#32765000
b10 !
b10 ,
b11011 +
1"
#32770000
0"
0$
#32775000
b110110 +
1"
#32780000
0"
b1100110011 )
#32785000
b1101100 +
1"
#32790000
0"
#32795000
b11011000 +
1"
#32800000
0"
1$
#32805000
b1 !
b1 ,
b10110001 +
1"
#32810000
0"
0$
#32815000
b1100011 +
1"
#32820000
0"
b1100110100 )
#32825000
b11000111 +
1"
#32830000
0"
#32835000
b10001111 +
1"
#32840000
0"
1$
#32845000
b100 !
b100 ,
b11110 +
1"
#32850000
0"
0$
#32855000
b111100 +
1"
#32860000
0"
b1100110101 )
#32865000
b1111001 +
1"
#32870000
0"
#32875000
b11110011 +
1"
#32880000
0"
1$
#32885000
b11100111 +
1"
#32890000
0"
0$
#32895000
b11001110 +
1"
#32900000
0"
b1100110110 )
#32905000
b10011100 +
1"
#32910000
0"
#32915000
b111001 +
1"
#32920000
0"
1$
#32925000
b10 !
b10 ,
b1110011 +
1"
#32930000
0"
0$
#32935000
b11100110 +
1"
#32940000
0"
b1100110111 )
#32945000
b11001100 +
1"
#32950000
0"
#32955000
b10011000 +
1"
#32960000
0"
1$
#32965000
b1 !
b1 ,
b110001 +
1"
#32970000
0"
0$
#32975000
b1100010 +
1"
#32980000
0"
b1100111000 )
#32985000
b11000101 +
1"
#32990000
0"
#32995000
b10001011 +
1"
#33000000
0"
1$
#33005000
b100 !
b100 ,
b10110 +
1"
#33010000
0"
0$
#33015000
b101101 +
1"
#33020000
0"
b1100111001 )
#33025000
b1011010 +
1"
#33030000
0"
#33035000
b10110100 +
1"
#33040000
0"
1$
#33045000
b1 !
b1 ,
b1101001 +
1"
#33050000
0"
0$
#33055000
b11010010 +
1"
#33060000
0"
b1100111010 )
#33065000
b10100100 +
1"
#33070000
0"
#33075000
b1001000 +
1"
#33080000
0"
1$
#33085000
b10010001 +
1"
#33090000
0"
0$
#33095000
b100010 +
1"
#33100000
0"
b1100111011 )
#33105000
b1000101 +
1"
#33110000
0"
#33115000
b10001010 +
1"
#33120000
0"
1$
#33125000
b11 !
b11 ,
b10100 +
1"
#33130000
0"
0$
#33135000
b101001 +
1"
#33140000
0"
b1100111100 )
#33145000
b1010010 +
1"
#33150000
0"
#33155000
b10100101 +
1"
#33160000
0"
1$
#33165000
b10 !
b10 ,
b1001010 +
1"
#33170000
0"
0$
#33175000
b10010101 +
1"
#33180000
0"
b1100111101 )
#33185000
b101010 +
1"
#33190000
0"
#33195000
b1010100 +
1"
#33200000
0"
1$
#33205000
b1 !
b1 ,
b10101001 +
1"
#33210000
0"
0$
#33215000
b1010011 +
1"
#33220000
0"
b1100111110 )
#33225000
b10100111 +
1"
#33230000
0"
#33235000
b1001110 +
1"
#33240000
0"
1$
#33245000
b11 !
b11 ,
b10011101 +
1"
#33250000
0"
0$
#33255000
b111011 +
1"
#33260000
0"
b1100111111 )
#33265000
b1110111 +
1"
#33270000
0"
#33275000
b11101110 +
1"
#33280000
0"
1$
#33285000
b11011101 +
1"
#33290000
0"
0$
#33295000
b10111011 +
1"
#33300000
0"
b1101000000 )
#33305000
b1110110 +
1"
#33310000
0"
#33315000
b11101100 +
1"
#33320000
0"
1$
#33325000
b1 !
b1 ,
b11011001 +
1"
#33330000
0"
0$
#33335000
b10110011 +
1"
#33340000
0"
b1101000001 )
#33345000
b1100111 +
1"
#33350000
0"
#33355000
b11001111 +
1"
#33360000
0"
1$
#33365000
b100 !
b100 ,
b10011110 +
1"
#33370000
0"
0$
#33375000
b111101 +
1"
#33380000
0"
b1101000010 )
#33385000
b1111011 +
1"
#33390000
0"
#33395000
b11110111 +
1"
#33400000
0"
1$
#33405000
b11101111 +
1"
#33410000
0"
0$
#33415000
b11011111 +
1"
#33420000
0"
b1101000011 )
#33425000
b10111111 +
1"
#33430000
0"
#33435000
b1111110 +
1"
#33440000
0"
1$
#33445000
b11 !
b11 ,
b11111101 +
1"
#33450000
0"
0$
#33455000
b11111010 +
1"
#33460000
0"
b1101000100 )
#33465000
b11110100 +
1"
#33470000
0"
#33475000
b11101001 +
1"
#33480000
0"
1$
#33485000
b10 !
b10 ,
b11010011 +
1"
#33490000
0"
0$
#33495000
b10100110 +
1"
#33500000
0"
b1101000101 )
#33505000
b1001100 +
1"
#33510000
0"
#33515000
b10011001 +
1"
#33520000
0"
1$
#33525000
b110011 +
1"
#33530000
0"
0$
#33535000
b1100110 +
1"
#33540000
0"
b1101000110 )
#33545000
b11001101 +
1"
#33550000
0"
#33555000
b10011010 +
1"
#33560000
0"
1$
#33565000
b11 !
b11 ,
b110101 +
1"
#33570000
0"
0$
#33575000
b1101010 +
1"
#33580000
0"
b1101000111 )
#33585000
b11010100 +
1"
#33590000
0"
#33595000
b10101000 +
1"
#33600000
0"
1$
#33605000
b1 !
b1 ,
b1010001 +
1"
#33610000
0"
0$
#33615000
b10100011 +
1"
#33620000
0"
b1101001000 )
#33625000
b1000110 +
1"
#33630000
0"
#33635000
b10001100 +
1"
#33640000
0"
1$
#33645000
b11000 +
1"
#33650000
0"
0$
#33655000
b110000 +
1"
#33660000
0"
b1101001001 )
#33665000
b1100000 +
1"
#33670000
0"
#33675000
b11000001 +
1"
#33680000
0"
1$
#33685000
b10 !
b10 ,
b10000011 +
1"
#33690000
0"
0$
#33695000
b111 +
1"
#33700000
0"
b1101001010 )
#33705000
b1110 +
1"
#33710000
0"
#33715000
b11101 +
1"
#33720000
0"
1$
#33725000
b111010 +
1"
#33730000
0"
0$
#33735000
b1110101 +
1"
#33740000
0"
b1101001011 )
#33745000
b11101010 +
1"
#33750000
0"
#33755000
b11010101 +
1"
#33760000
0"
1$
#33765000
b10101010 +
1"
#33770000
0"
0$
#33775000
b1010101 +
1"
#33780000
0"
b1101001100 )
#33785000
b10101011 +
1"
#33790000
0"
#33795000
b1010111 +
1"
#33800000
0"
1$
#33805000
b100 !
b100 ,
b10101111 +
1"
#33810000
0"
0$
#33815000
b1011111 +
1"
#33820000
0"
b1101001101 )
#33825000
b10111110 +
1"
#33830000
0"
#33835000
b1111100 +
1"
#33840000
0"
1$
#33845000
b1 !
b1 ,
b11111001 +
1"
#33850000
0"
0$
#33855000
b11110010 +
1"
#33860000
0"
b1101001110 )
#33865000
b11100101 +
1"
#33870000
0"
#33875000
b11001010 +
1"
#33880000
0"
1$
#33885000
b11 !
b11 ,
b10010100 +
1"
#33890000
0"
0$
#33895000
b101000 +
1"
#33900000
0"
b1101001111 )
#33905000
b1010000 +
1"
#33910000
0"
#33915000
b10100001 +
1"
#33920000
0"
1$
#33925000
b10 !
b10 ,
b1000010 +
1"
#33930000
0"
0$
#33935000
b10000100 +
1"
#33940000
0"
b1101010000 )
#33945000
b1001 +
1"
#33950000
0"
#33955000
b10011 +
1"
#33960000
0"
1$
#33965000
b100 !
b100 ,
b100111 +
1"
#33970000
0"
0$
#33975000
b1001111 +
1"
#33980000
0"
b1101010001 )
#33985000
b10011111 +
1"
#33990000
0"
#33995000
b111111 +
1"
#34000000
0"
1$
#34005000
b1111111 +
1"
#34010000
0"
0$
#34015000
b11111111 +
1"
#34020000
0"
b1101010010 )
#34025000
b11111110 +
1"
#34030000
0"
#34035000
b11111100 +
1"
#34040000
0"
1$
#34045000
b1 !
b1 ,
b11111000 +
1"
#34050000
0"
0$
#34055000
b11110000 +
1"
#34060000
0"
b1101010011 )
#34065000
b11100001 +
1"
#34070000
0"
#34075000
b11000010 +
1"
#34080000
0"
1$
#34085000
b11 !
b11 ,
b10000101 +
1"
#34090000
0"
0$
#34095000
b1011 +
1"
#34100000
0"
b1101010100 )
#34105000
b10111 +
1"
#34110000
0"
#34115000
b101111 +
1"
#34120000
0"
1$
#34125000
b100 !
b100 ,
b1011110 +
1"
#34130000
0"
0$
#34135000
b10111100 +
1"
#34140000
0"
b1101010101 )
#34145000
b1111000 +
1"
#34150000
0"
#34155000
b11110001 +
1"
#34160000
0"
1$
#34165000
b10 !
b10 ,
b11100011 +
1"
#34170000
0"
0$
#34175000
b11000110 +
1"
#34180000
0"
b1101010110 )
#34185000
b10001101 +
1"
#34190000
0"
#34195000
b11010 +
1"
#34200000
0"
1$
#34205000
b11 !
b11 ,
b110100 +
1"
#34210000
0"
0$
#34215000
b1101000 +
1"
#34220000
0"
b1101010111 )
#34225000
b11010000 +
1"
#34230000
0"
#34235000
b10100000 +
1"
#34240000
0"
1$
#34245000
b1 !
b1 ,
b1000000 +
1"
#34250000
0"
0$
#34255000
b10000000 +
1"
#34260000
0"
b1101011000 )
#34265000
b1 +
1"
#34270000
0"
#34275000
b10 +
1"
#34280000
0"
1$
#34285000
b11 !
b11 ,
b100 +
1"
#34290000
0"
0$
#34295000
b1000 +
1"
#34300000
0"
b1101011001 )
#34305000
b10001 +
1"
#34310000
0"
#34315000
b100011 +
1"
#34320000
0"
1$
#34325000
b100 !
b100 ,
b1000111 +
1"
#34330000
0"
0$
#34335000
b10001110 +
1"
#34340000
0"
b1101011010 )
#34345000
b11100 +
1"
#34350000
0"
#34355000
b111000 +
1"
#34360000
0"
1$
#34365000
b1 !
b1 ,
b1110001 +
1"
#34370000
0"
0$
#34375000
b11100010 +
1"
#34380000
0"
b1101011011 )
#34385000
b11000100 +
1"
#34390000
0"
#34395000
b10001001 +
1"
#34400000
0"
1$
#34405000
b10 !
b10 ,
b10010 +
1"
#34410000
0"
0$
#34415000
b100101 +
1"
#34420000
0"
b1101011100 )
#34425000
b1001011 +
1"
#34430000
0"
#34435000
b10010111 +
1"
#34440000
0"
1$
#34445000
b100 !
b100 ,
b101110 +
1"
#34450000
0"
0$
#34455000
b1011100 +
1"
#34460000
0"
b1101011101 )
#34465000
b10111000 +
1"
#34470000
0"
#34475000
b1110000 +
1"
#34480000
0"
1$
#34485000
b1 !
b1 ,
b11100000 +
1"
#34490000
0"
0$
#34495000
b11000000 +
1"
#34500000
0"
b1101011110 )
#34505000
b10000001 +
1"
#34510000
0"
#34515000
b11 +
1"
#34520000
0"
1$
#34525000
b100 !
b100 ,
b110 +
1"
#34530000
0"
0$
#34535000
b1100 +
1"
#34540000
0"
b1101011111 )
#34545000
b11001 +
1"
#34550000
0"
#34555000
b110010 +
1"
#34560000
0"
1$
#34565000
b11 !
b11 ,
b1100100 +
1"
#34570000
0"
0$
#34575000
b11001001 +
1"
#34580000
0"
b1101100000 )
#34585000
b10010010 +
1"
#34590000
0"
#34595000
b100100 +
1"
#34600000
0"
1$
#34605000
b1 !
b1 ,
b1001001 +
1"
#34610000
0"
0$
#34615000
b10010011 +
1"
#34620000
0"
b1101100001 )
#34625000
b100110 +
1"
#34630000
0"
#34635000
b1001101 +
1"
#34640000
0"
1$
#34645000
b10 !
b10 ,
b10011011 +
1"
#34650000
0"
0$
#34655000
b110111 +
1"
#34660000
0"
b1101100010 )
#34665000
b1101110 +
1"
#34670000
0"
#34675000
b11011100 +
1"
#34680000
0"
1$
#34685000
b1 !
b1 ,
b10111001 +
1"
#34690000
0"
0$
#34695000
b1110010 +
1"
#34700000
0"
b1101100011 )
#34705000
b11100100 +
1"
#34710000
0"
#34715000
b11001000 +
1"
#34720000
0"
1$
#34725000
b10010000 +
1"
#34730000
0"
0$
#34735000
b100000 +
1"
#34740000
0"
b1101100100 )
#34745000
b1000001 +
1"
#34750000
0"
#34755000
b10000010 +
1"
#34760000
0"
1$
#34765000
b11 !
b11 ,
b101 +
1"
#34770000
0"
0$
#34775000
b1010 +
1"
#34780000
0"
b1101100101 )
#34785000
b10101 +
1"
#34790000
0"
#34795000
b101011 +
1"
#34800000
0"
1$
#34805000
b100 !
b100 ,
b1010110 +
1"
#34810000
0"
0$
#34815000
b10101101 +
1"
#34820000
0"
b1101100110 )
#34825000
b1011011 +
1"
#34830000
0"
#34835000
b10110110 +
1"
#34840000
0"
1$
#34845000
b11 !
b11 ,
b1101101 +
1"
#34850000
0"
0$
#34855000
b11011010 +
1"
#34860000
0"
b1101100111 )
#34865000
b10110101 +
1"
#34870000
0"
#34875000
b1101011 +
1"
#34880000
0"
1$
#34885000
b100 !
b100 ,
b11010110 +
1"
#34890000
0"
0$
#34895000
b10101100 +
1"
#34900000
0"
b1101101000 )
#34905000
b1011001 +
1"
#34910000
0"
#34915000
b10110010 +
1"
#34920000
0"
1$
#34925000
b11 !
b11 ,
b1100101 +
1"
#34930000
0"
0$
#34935000
b11001011 +
1"
#34940000
0"
b1101101001 )
#34945000
b10010110 +
1"
#34950000
0"
#34955000
b101100 +
1"
#34960000
0"
1$
#34965000
b1 !
b1 ,
b1011000 +
1"
#34970000
0"
0$
#34975000
b10110000 +
1"
#34980000
0"
b1101101010 )
#34985000
b1100001 +
1"
#34990000
0"
#34995000
b11000011 +
1"
#35000000
0"
1$
#35005000
b100 !
b100 ,
b10000111 +
1"
#35010000
0"
0$
#35015000
b1111 +
1"
#35020000
0"
b1101101011 )
#35025000
b11111 +
1"
#35030000
0"
#35035000
b111110 +
1"
#35040000
0"
1$
#35045000
b11 !
b11 ,
b1111101 +
1"
#35050000
0"
0$
#35055000
b11111011 +
1"
#35060000
0"
b1101101100 )
#35065000
b11110110 +
1"
#35070000
0"
#35075000
b11101101 +
1"
#35080000
0"
1$
#35085000
b10 !
b10 ,
b11011011 +
1"
#35090000
0"
0$
#35095000
b10110111 +
1"
#35100000
0"
b1101101101 )
#35105000
b1101111 +
1"
#35110000
0"
#35115000
b11011110 +
1"
#35120000
0"
1$
#35125000
b11 !
b11 ,
b10111101 +
1"
#35130000
0"
0$
#35135000
b1111010 +
1"
#35140000
0"
b1101101110 )
#35145000
b11110101 +
1"
#35150000
0"
#35155000
b11101011 +
1"
#35160000
0"
1$
#35165000
b100 !
b100 ,
b11010111 +
1"
#35170000
0"
0$
#35175000
b10101110 +
1"
#35180000
0"
b1101101111 )
#35185000
b1011101 +
1"
#35190000
0"
#35195000
b10111010 +
1"
#35200000
0"
1$
#35205000
b11 !
b11 ,
b1110100 +
1"
#35210000
0"
0$
#35215000
b11101000 +
1"
#35220000
0"
b1101110000 )
#35225000
b11010001 +
1"
#35230000
0"
#35235000
b10100010 +
1"
#35240000
0"
1$
#35245000
b1000100 +
1"
#35250000
0"
0$
#35255000
b10001000 +
1"
#35260000
0"
b1101110001 )
#35265000
b10000 +
1"
#35270000
0"
#35275000
b100001 +
1"
#35280000
0"
1$
#35285000
b10 !
b10 ,
b1000011 +
1"
#35290000
0"
0$
#35295000
b10000110 +
1"
#35300000
0"
b1101110010 )
#35305000
b1101 +
1"
#35310000
0"
#35315000
b11011 +
1"
#35320000
0"
1$
#35325000
b100 !
b100 ,
b110110 +
1"
#35330000
0"
0$
#35335000
b1101100 +
1"
#35340000
0"
b1101110011 )
#35345000
b11011000 +
1"
#35350000
0"
#35355000
b10110001 +
1"
#35360000
0"
1$
#35365000
b10 !
b10 ,
b1100011 +
1"
#35370000
0"
0$
#35375000
b11000111 +
1"
#35380000
0"
b1101110100 )
#35385000
b10001111 +
1"
#35390000
0"
#35395000
b11110 +
1"
#35400000
0"
1$
#35405000
b11 !
b11 ,
b111100 +
1"
#35410000
0"
0$
#35415000
b1111001 +
1"
#35420000
0"
b1101110101 )
#35425000
b11110011 +
1"
#35430000
0"
#35435000
b11100111 +
1"
#35440000
0"
1$
#35445000
b100 !
b100 ,
b11001110 +
1"
#35450000
0"
0$
#35455000
b10011100 +
1"
#35460000
0"
b1101110110 )
#35465000
b111001 +
1"
#35470000
0"
#35475000
b1110011 +
1"
#35480000
0"
1$
#35485000
b11100110 +
1"
#35490000
0"
0$
#35495000
b11001100 +
1"
#35500000
0"
b1101110111 )
#35505000
b10011000 +
1"
#35510000
0"
#35515000
b110001 +
1"
#35520000
0"
1$
#35525000
b10 !
b10 ,
b1100010 +
1"
#35530000
0"
0$
#35535000
b11000101 +
1"
#35540000
0"
b1101111000 )
#35545000
b10001011 +
1"
#35550000
0"
#35555000
b10110 +
1"
#35560000
0"
1$
#35565000
b11 !
b11 ,
b101101 +
1"
#35570000
0"
0$
#35575000
b1011010 +
1"
#35580000
0"
b1101111001 )
#35585000
b10110100 +
1"
#35590000
0"
#35595000
b1101001 +
1"
#35600000
0"
1$
#35605000
b10 !
b10 ,
b11010010 +
1"
#35610000
0"
0$
#35615000
b10100100 +
1"
#35620000
0"
b1101111010 )
#35625000
b1001000 +
1"
#35630000
0"
#35635000
b10010001 +
1"
#35640000
0"
1$
#35645000
b100010 +
1"
#35650000
0"
0$
#35655000
b1000101 +
1"
#35660000
0"
b1101111011 )
#35665000
b10001010 +
1"
#35670000
0"
#35675000
b10100 +
1"
#35680000
0"
1$
#35685000
b1 !
b1 ,
b101001 +
1"
#35690000
0"
0$
#35695000
b1010010 +
1"
#35700000
0"
b1101111100 )
#35705000
b10100101 +
1"
#35710000
0"
#35715000
b1001010 +
1"
#35720000
0"
1$
#35725000
b11 !
b11 ,
b10010101 +
1"
#35730000
0"
0$
#35735000
b101010 +
1"
#35740000
0"
b1101111101 )
#35745000
b1010100 +
1"
#35750000
0"
#35755000
b10101001 +
1"
#35760000
0"
1$
#35765000
b10 !
b10 ,
b1010011 +
1"
#35770000
0"
0$
#35775000
b10100111 +
1"
#35780000
0"
b1101111110 )
#35785000
b1001110 +
1"
#35790000
0"
#35795000
b10011101 +
1"
#35800000
0"
1$
#35805000
b111011 +
1"
#35810000
0"
0$
#35815000
b1110111 +
1"
#35820000
0"
b1101111111 )
#35825000
b11101110 +
1"
#35830000
0"
#35835000
b11011101 +
1"
#35840000
0"
1$
#35845000
b10111011 +
1"
#35850000
0"
0$
#35855000
b1110110 +
1"
#35860000
0"
b1110000000 )
#35865000
b11101100 +
1"
#35870000
0"
#35875000
b11011001 +
1"
#35880000
0"
1$
#35885000
b10110011 +
1"
#35890000
0"
0$
#35895000
b1100111 +
1"
#35900000
0"
b1110000001 )
#35905000
b11001111 +
1"
#35910000
0"
#35915000
b10011110 +
1"
#35920000
0"
1$
#35925000
b11 !
b11 ,
b111101 +
1"
#35930000
0"
0$
#35935000
b1111011 +
1"
#35940000
0"
b1110000010 )
#35945000
b11110111 +
1"
#35950000
0"
#35955000
b11101111 +
1"
#35960000
0"
1$
#35965000
b100 !
b100 ,
b11011111 +
1"
#35970000
0"
0$
#35975000
b10111111 +
1"
#35980000
0"
b1110000011 )
#35985000
b1111110 +
1"
#35990000
0"
#35995000
b11111101 +
1"
#36000000
0"
1$
#36005000
b10 !
b10 ,
b11111010 +
1"
#36010000
0"
0$
#36015000
b11110100 +
1"
#36020000
0"
b1110000100 )
#36025000
b11101001 +
1"
#36030000
0"
#36035000
b11010011 +
1"
#36040000
0"
1$
#36045000
b100 !
b100 ,
b10100110 +
1"
#36050000
0"
0$
#36055000
b1001100 +
1"
#36060000
0"
b1110000101 )
#36065000
b10011001 +
1"
#36070000
0"
#36075000
b110011 +
1"
#36080000
0"
1$
#36085000
b1100110 +
1"
#36090000
0"
0$
#36095000
b11001101 +
1"
#36100000
0"
b1110000110 )
#36105000
b10011010 +
1"
#36110000
0"
#36115000
b110101 +
1"
#36120000
0"
1$
#36125000
b10 !
b10 ,
b1101010 +
1"
#36130000
0"
0$
#36135000
b11010100 +
1"
#36140000
0"
b1110000111 )
#36145000
b10101000 +
1"
#36150000
0"
#36155000
b1010001 +
1"
#36160000
0"
1$
#36165000
b10100011 +
1"
#36170000
0"
0$
#36175000
b1000110 +
1"
#36180000
0"
b1110001000 )
#36185000
b10001100 +
1"
#36190000
0"
#36195000
b11000 +
1"
#36200000
0"
1$
#36205000
b1 !
b1 ,
b110000 +
1"
#36210000
0"
0$
#36215000
b1100000 +
1"
#36220000
0"
b1110001001 )
#36225000
b11000001 +
1"
#36230000
0"
#36235000
b10000011 +
1"
#36240000
0"
1$
#36245000
b100 !
b100 ,
b111 +
1"
#36250000
0"
0$
#36255000
b1110 +
1"
#36260000
0"
b1110001010 )
#36265000
b11101 +
1"
#36270000
0"
#36275000
b111010 +
1"
#36280000
0"
1$
#36285000
b11 !
b11 ,
b1110101 +
1"
#36290000
0"
0$
#36295000
b11101010 +
1"
#36300000
0"
b1110001011 )
#36305000
b11010101 +
1"
#36310000
0"
#36315000
b10101010 +
1"
#36320000
0"
1$
#36325000
b1010101 +
1"
#36330000
0"
0$
#36335000
b10101011 +
1"
#36340000
0"
b1110001100 )
#36345000
b1010111 +
1"
#36350000
0"
#36355000
b10101111 +
1"
#36360000
0"
1$
#36365000
b100 !
b100 ,
b1011111 +
1"
#36370000
0"
0$
#36375000
b10111110 +
1"
#36380000
0"
b1110001101 )
#36385000
b1111100 +
1"
#36390000
0"
#36395000
b11111001 +
1"
#36400000
0"
1$
#36405000
b10 !
b10 ,
b11110010 +
1"
#36410000
0"
0$
#36415000
b11100101 +
1"
#36420000
0"
b1110001110 )
#36425000
b11001010 +
1"
#36430000
0"
#36435000
b10010100 +
1"
#36440000
0"
1$
#36445000
b1 !
b1 ,
b101000 +
1"
#36450000
0"
0$
#36455000
b1010000 +
1"
#36460000
0"
b1110001111 )
#36465000
b10100001 +
1"
#36470000
0"
#36475000
b1000010 +
1"
#36480000
0"
1$
#36485000
b11 !
b11 ,
b10000100 +
1"
#36490000
0"
0$
#36495000
b1001 +
1"
#36500000
0"
b1110010000 )
#36505000
b10011 +
1"
#36510000
0"
#36515000
b100111 +
1"
#36520000
0"
1$
#36525000
b100 !
b100 ,
b1001111 +
1"
#36530000
0"
0$
#36535000
b10011111 +
1"
#36540000
0"
b1110010001 )
#36545000
b111111 +
1"
#36550000
0"
#36555000
b1111111 +
1"
#36560000
0"
1$
#36565000
b11111111 +
1"
#36570000
0"
0$
#36575000
b11111110 +
1"
#36580000
0"
b1110010010 )
#36585000
b11111100 +
1"
#36590000
0"
#36595000
b11111000 +
1"
#36600000
0"
1$
#36605000
b1 !
b1 ,
b11110000 +
1"
#36610000
0"
0$
#36615000
b11100001 +
1"
#36620000
0"
b1110010011 )
#36625000
b11000010 +
1"
#36630000
0"
#36635000
b10000101 +
1"
#36640000
0"
1$
#36645000
b10 !
b10 ,
b1011 +
1"
#36650000
0"
0$
#36655000
b10111 +
1"
#36660000
0"
b1110010100 )
#36665000
b101111 +
1"
#36670000
0"
#36675000
b1011110 +
1"
#36680000
0"
1$
#36685000
b11 !
b11 ,
b10111100 +
1"
#36690000
0"
0$
#36695000
b1111000 +
1"
#36700000
0"
b1110010101 )
#36705000
b11110001 +
1"
#36710000
0"
#36715000
b11100011 +
1"
#36720000
0"
1$
#36725000
b100 !
b100 ,
b11000110 +
1"
#36730000
0"
0$
#36735000
b10001101 +
1"
#36740000
0"
b1110010110 )
#36745000
b11010 +
1"
#36750000
0"
#36755000
b110100 +
1"
#36760000
0"
1$
#36765000
b1 !
b1 ,
b1101000 +
1"
#36770000
0"
0$
#36775000
b11010000 +
1"
#36780000
0"
b1110010111 )
#36785000
b10100000 +
1"
#36790000
0"
#36795000
b1000000 +
1"
#36800000
0"
1$
#36805000
b10000000 +
1"
#36810000
0"
0$
#36815000
b1 +
1"
#36820000
0"
b1110011000 )
#36825000
b10 +
1"
#36830000
0"
#36835000
b100 +
1"
#36840000
0"
1$
#36845000
b1000 +
1"
#36850000
0"
0$
#36855000
b10001 +
1"
#36860000
0"
b1110011001 )
#36865000
b100011 +
1"
#36870000
0"
#36875000
b1000111 +
1"
#36880000
0"
1$
#36885000
b100 !
b100 ,
b10001110 +
1"
#36890000
0"
0$
#36895000
b11100 +
1"
#36900000
0"
b1110011010 )
#36905000
b111000 +
1"
#36910000
0"
#36915000
b1110001 +
1"
#36920000
0"
1$
#36925000
b10 !
b10 ,
b11100010 +
1"
#36930000
0"
0$
#36935000
b11000100 +
1"
#36940000
0"
b1110011011 )
#36945000
b10001001 +
1"
#36950000
0"
#36955000
b10010 +
1"
#36960000
0"
1$
#36965000
b11 !
b11 ,
b100101 +
1"
#36970000
0"
0$
#36975000
b1001011 +
1"
#36980000
0"
b1110011100 )
#36985000
b10010111 +
1"
#36990000
0"
#36995000
b101110 +
1"
#37000000
0"
1$
#37005000
b1011100 +
1"
#37010000
0"
0$
#37015000
b10111000 +
1"
#37020000
0"
b1110011101 )
#37025000
b1110000 +
1"
#37030000
0"
#37035000
b11100000 +
1"
#37040000
0"
1$
#37045000
b1 !
b1 ,
b11000000 +
1"
#37050000
0"
0$
#37055000
b10000001 +
1"
#37060000
0"
b1110011110 )
#37065000
b11 +
1"
#37070000
0"
#37075000
b110 +
1"
#37080000
0"
1$
#37085000
b11 !
b11 ,
b1100 +
1"
#37090000
0"
0$
#37095000
b11001 +
1"
#37100000
0"
b1110011111 )
#37105000
b110010 +
1"
#37110000
0"
#37115000
b1100100 +
1"
#37120000
0"
1$
#37125000
b1 !
b1 ,
b11001001 +
1"
#37130000
0"
0$
#37135000
b10010010 +
1"
#37140000
0"
b1110100000 )
#37145000
b100100 +
1"
#37150000
0"
#37155000
b1001001 +
1"
#37160000
0"
1$
#37165000
b10 !
b10 ,
b10010011 +
1"
#37170000
0"
0$
#37175000
b100110 +
1"
#37180000
0"
b1110100001 )
#37185000
b1001101 +
1"
#37190000
0"
#37195000
b10011011 +
1"
#37200000
0"
1$
#37205000
b100 !
b100 ,
b110111 +
1"
#37210000
0"
0$
#37215000
b1101110 +
1"
#37220000
0"
b1110100010 )
#37225000
b11011100 +
1"
#37230000
0"
#37235000
b10111001 +
1"
#37240000
0"
1$
#37245000
b10 !
b10 ,
b1110010 +
1"
#37250000
0"
0$
#37255000
b11100100 +
1"
#37260000
0"
b1110100011 )
#37265000
b11001000 +
1"
#37270000
0"
#37275000
b10010000 +
1"
#37280000
0"
1$
#37285000
b1 !
b1 ,
b100000 +
1"
#37290000
0"
0$
#37295000
b1000001 +
1"
#37300000
0"
b1110100100 )
#37305000
b10000010 +
1"
#37310000
0"
#37315000
b101 +
1"
#37320000
0"
1$
#37325000
b10 !
b10 ,
b1010 +
1"
#37330000
0"
0$
#37335000
b10101 +
1"
#37340000
0"
b1110100101 )
#37345000
b101011 +
1"
#37350000
0"
#37355000
b1010110 +
1"
#37360000
0"
1$
#37365000
b11 !
b11 ,
b10101101 +
1"
#37370000
0"
0$
#37375000
b1011011 +
1"
#37380000
0"
b1110100110 )
#37385000
b10110110 +
1"
#37390000
0"
#37395000
b1101101 +
1"
#37400000
0"
1$
#37405000
b10 !
b10 ,
b11011010 +
1"
#37410000
0"
0$
#37415000
b10110101 +
1"
#37420000
0"
b1110100111 )
#37425000
b1101011 +
1"
#37430000
0"
#37435000
b11010110 +
1"
#37440000
0"
1$
#37445000
b11 !
b11 ,
b10101100 +
1"
#37450000
0"
0$
#37455000
b1011001 +
1"
#37460000
0"
b1110101000 )
#37465000
b10110010 +
1"
#37470000
0"
#37475000
b1100101 +
1"
#37480000
0"
1$
#37485000
b10 !
b10 ,
b11001011 +
1"
#37490000
0"
0$
#37495000
b10010110 +
1"
#37500000
0"
b1110101001 )
#37505000
b101100 +
1"
#37510000
0"
#37515000
b1011000 +
1"
#37520000
0"
1$
#37525000
b1 !
b1 ,
b10110000 +
1"
#37530000
0"
0$
#37535000
b1100001 +
1"
#37540000
0"
b1110101010 )
#37545000
b11000011 +
1"
#37550000
0"
#37555000
b10000111 +
1"
#37560000
0"
1$
#37565000
b100 !
b100 ,
b1111 +
1"
#37570000
0"
0$
#37575000
b11111 +
1"
#37580000
0"
b1110101011 )
#37585000
b111110 +
1"
#37590000
0"
#37595000
b1111101 +
1"
#37600000
0"
1$
#37605000
b10 !
b10 ,
b11111011 +
1"
#37610000
0"
0$
#37615000
b11110110 +
1"
#37620000
0"
b1110101100 )
#37625000
b11101101 +
1"
#37630000
0"
#37635000
b11011011 +
1"
#37640000
0"
1$
#37645000
b100 !
b100 ,
b10110111 +
1"
#37650000
0"
0$
#37655000
b1101111 +
1"
#37660000
0"
b1110101101 )
#37665000
b11011110 +
1"
#37670000
0"
#37675000
b10111101 +
1"
#37680000
0"
1$
#37685000
b10 !
b10 ,
b1111010 +
1"
#37690000
0"
0$
#37695000
b11110101 +
1"
#37700000
0"
b1110101110 )
#37705000
b11101011 +
1"
#37710000
0"
#37715000
b11010111 +
1"
#37720000
0"
1$
#37725000
b100 !
b100 ,
b10101110 +
1"
#37730000
0"
0$
#37735000
b1011101 +
1"
#37740000
0"
b1110101111 )
#37745000
b10111010 +
1"
#37750000
0"
#37755000
b1110100 +
1"
#37760000
0"
1$
#37765000
b1 !
b1 ,
b11101000 +
1"
#37770000
0"
0$
#37775000
b11010001 +
1"
#37780000
0"
b1110110000 )
#37785000
b10100010 +
1"
#37790000
0"
#37795000
b1000100 +
1"
#37800000
0"
1$
#37805000
b10001000 +
1"
#37810000
0"
0$
#37815000
b10000 +
1"
#37820000
0"
b1110110001 )
#37825000
b100001 +
1"
#37830000
0"
#37835000
b1000011 +
1"
#37840000
0"
1$
#37845000
b100 !
b100 ,
b10000110 +
1"
#37850000
0"
0$
#37855000
b1101 +
1"
#37860000
0"
b1110110010 )
#37865000
b11011 +
1"
#37870000
0"
#37875000
b110110 +
1"
#37880000
0"
1$
#37885000
b11 !
b11 ,
b1101100 +
1"
#37890000
0"
0$
#37895000
b11011000 +
1"
#37900000
0"
b1110110011 )
#37905000
b10110001 +
1"
#37910000
0"
#37915000
b1100011 +
1"
#37920000
0"
1$
#37925000
b100 !
b100 ,
b11000111 +
1"
#37930000
0"
0$
#37935000
b10001111 +
1"
#37940000
0"
b1110110100 )
#37945000
b11110 +
1"
#37950000
0"
#37955000
b111100 +
1"
#37960000
0"
1$
#37965000
b1 !
b1 ,
b1111001 +
1"
#37970000
0"
0$
#37975000
b11110011 +
1"
#37980000
0"
b1110110101 )
#37985000
b11100111 +
1"
#37990000
0"
#37995000
b11001110 +
1"
#38000000
0"
1$
#38005000
b11 !
b11 ,
b10011100 +
1"
#38010000
0"
0$
#38015000
b111001 +
1"
#38020000
0"
b1110110110 )
#38025000
b1110011 +
1"
#38030000
0"
#38035000
b11100110 +
1"
#38040000
0"
1$
#38045000
b11001100 +
1"
#38050000
0"
0$
#38055000
b10011000 +
1"
#38060000
0"
b1110110111 )
#38065000
b110001 +
1"
#38070000
0"
#38075000
b1100010 +
1"
#38080000
0"
1$
#38085000
b11000101 +
1"
#38090000
0"
0$
#38095000
b10001011 +
1"
#38100000
0"
b1110111000 )
#38105000
b10110 +
1"
#38110000
0"
#38115000
b101101 +
1"
#38120000
0"
1$
#38125000
b10 !
b10 ,
b1011010 +
1"
#38130000
0"
0$
#38135000
b10110100 +
1"
#38140000
0"
b1110111001 )
#38145000
b1101001 +
1"
#38150000
0"
#38155000
b11010010 +
1"
#38160000
0"
1$
#38165000
b11 !
b11 ,
b10100100 +
1"
#38170000
0"
0$
#38175000
b1001000 +
1"
#38180000
0"
b1110111010 )
#38185000
b10010001 +
1"
#38190000
0"
#38195000
b100010 +
1"
#38200000
0"
1$
#38205000
b1000101 +
1"
#38210000
0"
0$
#38215000
b10001010 +
1"
#38220000
0"
b1110111011 )
#38225000
b10100 +
1"
#38230000
0"
#38235000
b101001 +
1"
#38240000
0"
1$
#38245000
b10 !
b10 ,
b1010010 +
1"
#38250000
0"
0$
#38255000
b10100101 +
1"
#38260000
0"
b1110111100 )
#38265000
b1001010 +
1"
#38270000
0"
#38275000
b10010101 +
1"
#38280000
0"
1$
#38285000
b101010 +
1"
#38290000
0"
0$
#38295000
b1010100 +
1"
#38300000
0"
b1110111101 )
#38305000
b10101001 +
1"
#38310000
0"
#38315000
b1010011 +
1"
#38320000
0"
1$
#38325000
b100 !
b100 ,
b10100111 +
1"
#38330000
0"
0$
#38335000
b1001110 +
1"
#38340000
0"
b1110111110 )
#38345000
b10011101 +
1"
#38350000
0"
#38355000
b111011 +
1"
#38360000
0"
1$
#38365000
b1110111 +
1"
#38370000
0"
0$
#38375000
b11101110 +
1"
#38380000
0"
b1110111111 )
#38385000
b11011101 +
1"
#38390000
0"
#38395000
b10111011 +
1"
#38400000
0"
1$
#38405000
b1110110 +
1"
#38410000
0"
0$
#38415000
b11101100 +
1"
#38420000
0"
b1111000000 )
#38425000
b11011001 +
1"
#38430000
0"
#38435000
b10110011 +
1"
#38440000
0"
1$
#38445000
b1100111 +
1"
#38450000
0"
0$
#38455000
b11001111 +
1"
#38460000
0"
b1111000001 )
#38465000
b10011110 +
1"
#38470000
0"
#38475000
b111101 +
1"
#38480000
0"
1$
#38485000
b10 !
b10 ,
b1111011 +
1"
#38490000
0"
0$
#38495000
b11110111 +
1"
#38500000
0"
b1111000010 )
#38505000
b11101111 +
1"
#38510000
0"
#38515000
b11011111 +
1"
#38520000
0"
1$
#38525000
b100 !
b100 ,
b10111111 +
1"
#38530000
0"
0$
#38535000
b1111110 +
1"
#38540000
0"
b1111000011 )
#38545000
b11111101 +
1"
#38550000
0"
#38555000
b11111010 +
1"
#38560000
0"
1$
#38565000
b11 !
b11 ,
b11110100 +
1"
#38570000
0"
0$
#38575000
b11101001 +
1"
#38580000
0"
b1111000100 )
#38585000
b11010011 +
1"
#38590000
0"
#38595000
b10100110 +
1"
#38600000
0"
1$
#38605000
b1001100 +
1"
#38610000
0"
0$
#38615000
b10011001 +
1"
#38620000
0"
b1111000101 )
#38625000
b110011 +
1"
#38630000
0"
#38635000
b1100110 +
1"
#38640000
0"
1$
#38645000
b11001101 +
1"
#38650000
0"
0$
#38655000
b10011010 +
1"
#38660000
0"
b1111000110 )
#38665000
b110101 +
1"
#38670000
0"
#38675000
b1101010 +
1"
#38680000
0"
1$
#38685000
b11010100 +
1"
#38690000
0"
0$
#38695000
b10101000 +
1"
#38700000
0"
b1111000111 )
#38705000
b1010001 +
1"
#38710000
0"
#38715000
b10100011 +
1"
#38720000
0"
1$
#38725000
b100 !
b100 ,
b1000110 +
1"
#38730000
0"
0$
#38735000
b10001100 +
1"
#38740000
0"
b1111001000 )
#38745000
b11000 +
1"
#38750000
0"
#38755000
b110000 +
1"
#38760000
0"
1$
#38765000
b1 !
b1 ,
b1100000 +
1"
#38770000
0"
0$
#38775000
b11000001 +
1"
#38780000
0"
b1111001001 )
#38785000
b10000011 +
1"
#38790000
0"
#38795000
b111 +
1"
#38800000
0"
1$
#38805000
b100 !
b100 ,
b1110 +
1"
#38810000
0"
0$
#38815000
b11101 +
1"
#38820000
0"
b1111001010 )
#38825000
b111010 +
1"
#38830000
0"
#38835000
b1110101 +
1"
#38840000
0"
1$
#38845000
b10 !
b10 ,
b11101010 +
1"
#38850000
0"
0$
#38855000
b11010101 +
1"
#38860000
0"
b1111001011 )
#38865000
b10101010 +
1"
#38870000
0"
#38875000
b1010101 +
1"
#38880000
0"
1$
#38885000
b10101011 +
1"
#38890000
0"
0$
#38895000
b1010111 +
1"
#38900000
0"
b1111001100 )
#38905000
b10101111 +
1"
#38910000
0"
#38915000
b1011111 +
1"
#38920000
0"
1$
#38925000
b100 !
b100 ,
b10111110 +
1"
#38930000
0"
0$
#38935000
b1111100 +
1"
#38940000
0"
b1111001101 )
#38945000
b11111001 +
1"
#38950000
0"
#38955000
b11110010 +
1"
#38960000
0"
1$
#38965000
b11 !
b11 ,
b11100101 +
1"
#38970000
0"
0$
#38975000
b11001010 +
1"
#38980000
0"
b1111001110 )
#38985000
b10010100 +
1"
#38990000
0"
#38995000
b101000 +
1"
#39000000
0"
1$
#39005000
b1 !
b1 ,
b1010000 +
1"
#39010000
0"
0$
#39015000
b10100001 +
1"
#39020000
0"
b1111001111 )
#39025000
b1000010 +
1"
#39030000
0"
#39035000
b10000100 +
1"
#39040000
0"
1$
#39045000
b1001 +
1"
#39050000
0"
0$
#39055000
b10011 +
1"
#39060000
0"
b1111010000 )
#39065000
b100111 +
1"
#39070000
0"
#39075000
b1001111 +
1"
#39080000
0"
1$
#39085000
b100 !
b100 ,
b10011111 +
1"
#39090000
0"
0$
#39095000
b111111 +
1"
#39100000
0"
b1111010001 )
#39105000
b1111111 +
1"
#39110000
0"
#39115000
b11111111 +
1"
#39120000
0"
1$
#39125000
b11111110 +
1"
#39130000
0"
0$
#39135000
b11111100 +
1"
#39140000
0"
b1111010010 )
#39145000
b11111000 +
1"
#39150000
0"
#39155000
b11110000 +
1"
#39160000
0"
1$
#39165000
b1 !
b1 ,
b11100001 +
1"
#39170000
0"
0$
#39175000
b11000010 +
1"
#39180000
0"
b1111010011 )
#39185000
b10000101 +
1"
#39190000
0"
#39195000
b1011 +
1"
#39200000
0"
1$
#39205000
b100 !
b100 ,
b10111 +
1"
#39210000
0"
0$
#39215000
b101111 +
1"
#39220000
0"
b1111010100 )
#39225000
b1011110 +
1"
#39230000
0"
#39235000
b10111100 +
1"
#39240000
0"
1$
#39245000
b1 !
b1 ,
b1111000 +
1"
#39250000
0"
0$
#39255000
b11110001 +
1"
#39260000
0"
b1111010101 )
#39265000
b11100011 +
1"
#39270000
0"
#39275000
b11000110 +
1"
#39280000
0"
1$
#39285000
b11 !
b11 ,
b10001101 +
1"
#39290000
0"
0$
#39295000
b11010 +
1"
#39300000
0"
b1111010110 )
#39305000
b110100 +
1"
#39310000
0"
#39315000
b1101000 +
1"
#39320000
0"
1$
#39325000
b1 !
b1 ,
b11010000 +
1"
#39330000
0"
0$
#39335000
b10100000 +
1"
#39340000
0"
b1111010111 )
#39345000
b1000000 +
1"
#39350000
0"
#39355000
b10000000 +
1"
#39360000
0"
1$
#39365000
b1 +
1"
#39370000
0"
0$
#39375000
b10 +
1"
#39380000
0"
b1111011000 )
#39385000
b100 +
1"
#39390000
0"
#39395000
b1000 +
1"
#39400000
0"
1$
#39405000
b10001 +
1"
#39410000
0"
0$
#39415000
b100011 +
1"
#39420000
0"
b1111011001 )
#39425000
b1000111 +
1"
#39430000
0"
#39435000
b10001110 +
1"
#39440000
0"
1$
#39445000
b11 !
b11 ,
b11100 +
1"
#39450000
0"
0$
#39455000
b111000 +
1"
#39460000
0"
b1111011010 )
#39465000
b1110001 +
1"
#39470000
0"
#39475000
b11100010 +
1"
#39480000
0"
1$
#39485000
b11000100 +
1"
#39490000
0"
0$
#39495000
b10001001 +
1"
#39500000
0"
b1111011011 )
#39505000
b10010 +
1"
#39510000
0"
#39515000
b100101 +
1"
#39520000
0"
1$
#39525000
b10 !
b10 ,
b1001011 +
1"
#39530000
0"
0$
#39535000
b10010111 +
1"
#39540000
0"
b1111011100 )
#39545000
b101110 +
1"
#39550000
0"
#39555000
b1011100 +
1"
#39560000
0"
1$
#39565000
b1 !
b1 ,
b10111000 +
1"
#39570000
0"
0$
#39575000
b1110000 +
1"
#39580000
0"
b1111011101 )
#39585000
b11100000 +
1"
#39590000
0"
#39595000
b11000000 +
1"
#39600000
0"
1$
#39605000
b10000001 +
1"
#39610000
0"
0$
#39615000
b11 +
1"
#39620000
0"
b1111011110 )
#39625000
b110 +
1"
#39630000
0"
#39635000
b1100 +
1"
#39640000
0"
1$
#39645000
b11001 +
1"
#39650000
0"
0$
#39655000
b110010 +
1"
#39660000
0"
b1111011111 )
#39665000
b1100100 +
1"
#39670000
0"
#39675000
b11001001 +
1"
#39680000
0"
1$
#39685000
b10 !
b10 ,
b10010010 +
1"
#39690000
0"
0$
#39695000
b100100 +
1"
#39700000
0"
b1111100000 )
#39705000
b1001001 +
1"
#39710000
0"
#39715000
b10010011 +
1"
#39720000
0"
1$
#39725000
b100 !
b100 ,
b100110 +
1"
#39730000
0"
0$
#39735000
b1001101 +
1"
#39740000
0"
b1111100001 )
#39745000
b10011011 +
1"
#39750000
0"
#39755000
b110111 +
1"
#39760000
0"
1$
#39765000
b1101110 +
1"
#39770000
0"
0$
#39775000
b11011100 +
1"
#39780000
0"
b1111100010 )
#39785000
b10111001 +
1"
#39790000
0"
#39795000
b1110010 +
1"
#39800000
0"
1$
#39805000
b11 !
b11 ,
b11100100 +
1"
#39810000
0"
0$
#39815000
b11001000 +
1"
#39820000
0"
b1111100011 )
#39825000
b10010000 +
1"
#39830000
0"
#39835000
b100000 +
1"
#39840000
0"
1$
#39845000
b1 !
b1 ,
b1000001 +
1"
#39850000
0"
0$
#39855000
b10000010 +
1"
#39860000
0"
b1111100100 )
#39865000
b101 +
1"
#39870000
0"
#39875000
b1010 +
1"
#39880000
0"
1$
#39885000
b11 !
b11 ,
b10101 +
1"
#39890000
0"
0$
#39895000
b101011 +
1"
#39900000
0"
b1111100101 )
#39905000
b1010110 +
1"
#39910000
0"
#39915000
b10101101 +
1"
#39920000
0"
1$
#39925000
b10 !
b10 ,
b1011011 +
1"
#39930000
0"
0$
#39935000
b10110110 +
1"
#39940000
0"
b1111100110 )
#39945000
b1101101 +
1"
#39950000
0"
#39955000
b11011010 +
1"
#39960000
0"
1$
#39965000
b11 !
b11 ,
b10110101 +
1"
#39970000
0"
0$
#39975000
b1101011 +
1"
#39980000
0"
b1111100111 )
#39985000
b11010110 +
1"
#39990000
0"
#39995000
b10101100 +
1"
#40000000
0"
1$
#40005000
b1 !
b1 ,
b1011001 +
1"
#40010000
0"
0$
#40015000
b10110010 +
1"
#40020000
0"
b1 #
b1 *
b1 (
b0 )
#40025000
b1100101 +
1"
#40030000
0"
#40035000
b11001011 +
1"
#40040000
0"
1$
#40045000
b110 !
b110 ,
b10010110 +
1"
#40050000
0"
0$
#40055000
b101100 +
1"
#40060000
0"
b1 )
#40065000
b1011000 +
1"
#40070000
0"
#40075000
b10110000 +
1"
#40080000
0"
1$
#40085000
b11 !
b11 ,
b1100001 +
1"
#40090000
0"
0$
#40095000
b11000011 +
1"
#40100000
0"
b10 )
#40105000
b10000111 +
1"
#40110000
0"
#40115000
b1111 +
1"
#40120000
0"
1$
#40125000
b100 !
b100 ,
b11111 +
1"
#40130000
0"
0$
#40135000
b111110 +
1"
#40140000
0"
b11 )
#40145000
b1111101 +
1"
#40150000
0"
#40155000
b11111011 +
1"
#40160000
0"
1$
#40165000
b110 !
b110 ,
b11110110 +
1"
#40170000
0"
0$
#40175000
b11101101 +
1"
#40180000
0"
b100 )
#40185000
b11011011 +
1"
#40190000
0"
#40195000
b10110111 +
1"
#40200000
0"
1$
#40205000
b100 !
b100 ,
b1101111 +
1"
#40210000
0"
0$
#40215000
b11011110 +
1"
#40220000
0"
b101 )
#40225000
b10111101 +
1"
#40230000
0"
#40235000
b1111010 +
1"
#40240000
0"
1$
#40245000
b11 !
b11 ,
b11110101 +
1"
#40250000
0"
0$
#40255000
b11101011 +
1"
#40260000
0"
b110 )
#40265000
b11010111 +
1"
#40270000
0"
#40275000
b10101110 +
1"
#40280000
0"
1$
#40285000
b1 !
b1 ,
b1011101 +
1"
#40290000
0"
0$
#40295000
b10111010 +
1"
#40300000
0"
b111 )
#40305000
b1110100 +
1"
#40310000
0"
#40315000
b11101000 +
1"
#40320000
0"
1$
#40325000
b101 !
b101 ,
b11010001 +
1"
#40330000
0"
0$
#40335000
b10100010 +
1"
#40340000
0"
b1000 )
#40345000
b1000100 +
1"
#40350000
0"
#40355000
b10001000 +
1"
#40360000
0"
1$
#40365000
b10000 +
1"
#40370000
0"
0$
#40375000
b100001 +
1"
#40380000
0"
b1001 )
#40385000
b1000011 +
1"
#40390000
0"
#40395000
b10000110 +
1"
#40400000
0"
1$
#40405000
b11 !
b11 ,
b1101 +
1"
#40410000
0"
0$
#40415000
b11011 +
1"
#40420000
0"
b1010 )
#40425000
b110110 +
1"
#40430000
0"
#40435000
b1101100 +
1"
#40440000
0"
1$
#40445000
b1 !
b1 ,
b11011000 +
1"
#40450000
0"
0$
#40455000
b10110001 +
1"
#40460000
0"
b1011 )
#40465000
b1100011 +
1"
#40470000
0"
#40475000
b11000111 +
1"
#40480000
0"
1$
#40485000
b10 !
b10 ,
b10001111 +
1"
#40490000
0"
0$
#40495000
b11110 +
1"
#40500000
0"
b1100 )
#40505000
b111100 +
1"
#40510000
0"
#40515000
b1111001 +
1"
#40520000
0"
1$
#40525000
b11110011 +
1"
#40530000
0"
0$
#40535000
b11100111 +
1"
#40540000
0"
b1101 )
#40545000
b11001110 +
1"
#40550000
0"
#40555000
b10011100 +
1"
#40560000
0"
1$
#40565000
b1 !
b1 ,
b111001 +
1"
#40570000
0"
0$
#40575000
b1110011 +
1"
#40580000
0"
b1110 )
#40585000
b11100110 +
1"
#40590000
0"
#40595000
b11001100 +
1"
#40600000
0"
1$
#40605000
b10011000 +
1"
#40610000
0"
0$
#40615000
b110001 +
1"
#40620000
0"
b1111 )
#40625000
b1100010 +
1"
#40630000
0"
#40635000
b11000101 +
1"
#40640000
0"
1$
#40645000
b110 !
b110 ,
b10001011 +
1"
#40650000
0"
0$
#40655000
b10110 +
1"
#40660000
0"
b10000 )
#40665000
b101101 +
1"
#40670000
0"
#40675000
b1011010 +
1"
#40680000
0"
1$
#40685000
b1 !
b1 ,
b10110100 +
1"
#40690000
0"
0$
#40695000
b1101001 +
1"
#40700000
0"
b10001 )
#40705000
b11010010 +
1"
#40710000
0"
#40715000
b10100100 +
1"
#40720000
0"
1$
#40725000
b11 !
b11 ,
b1001000 +
1"
#40730000
0"
0$
#40735000
b10010001 +
1"
#40740000
0"
b10010 )
#40745000
b100010 +
1"
#40750000
0"
#40755000
b1000101 +
1"
#40760000
0"
1$
#40765000
b100 !
b100 ,
b10001010 +
1"
#40770000
0"
0$
#40775000
b10100 +
1"
#40780000
0"
b10011 )
#40785000
b101001 +
1"
#40790000
0"
#40795000
b1010010 +
1"
#40800000
0"
1$
#40805000
b101 !
b101 ,
b10100101 +
1"
#40810000
0"
0$
#40815000
b1001010 +
1"
#40820000
0"
b10100 )
#40825000
b10010101 +
1"
#40830000
0"
#40835000
b101010 +
1"
#40840000
0"
1$
#40845000
b1 !
b1 ,
b1010100 +
1"
#40850000
0"
0$
#40855000
b10101001 +
1"
#40860000
0"
b10101 )
#40865000
b1010011 +
1"
#40870000
0"
#40875000
b10100111 +
1"
#40880000
0"
1$
#40885000
b110 !
b110 ,
b1001110 +
1"
#40890000
0"
0$
#40895000
b10011101 +
1"
#40900000
0"
b10110 )
#40905000
b111011 +
1"
#40910000
0"
#40915000
b1110111 +
1"
#40920000
0"
1$
#40925000
b11101110 +
1"
#40930000
0"
0$
#40935000
b11011101 +
1"
#40940000
0"
b10111 )
#40945000
b10111011 +
1"
#40950000
0"
#40955000
b1110110 +
1"
#40960000
0"
1$
#40965000
b101 !
b101 ,
b11101100 +
1"
#40970000
0"
0$
#40975000
b11011001 +
1"
#40980000
0"
b11000 )
#40985000
b10110011 +
1"
#40990000
0"
#40995000
b1100111 +
1"
#41000000
0"
1$
#41005000
b10 !
b10 ,
b11001111 +
1"
#41010000
0"
0$
#41015000
b10011110 +
1"
#41020000
0"
b11001 )
#41025000
b111101 +
1"
#41030000
0"
#41035000
b1111011 +
1"
#41040000
0"
1$
#41045000
b100 !
b100 ,
b11110111 +
1"
#41050000
0"
0$
#41055000
b11101111 +
1"
#41060000
0"
b11010 )
#41065000
b11011111 +
1"
#41070000
0"
#41075000
b10111111 +
1"
#41080000
0"
1$
#41085000
b110 !
b110 ,
b1111110 +
1"
#41090000
0"
0$
#41095000
b11111101 +
1"
#41100000
0"
b11011 )
#41105000
b11111010 +
1"
#41110000
0"
#41115000
b11110100 +
1"
#41120000
0"
1$
#41125000
b101 !
b101 ,
b11101001 +
1"
#41130000
0"
0$
#41135000
b11010011 +
1"
#41140000
0"
b11100 )
#41145000
b10100110 +
1"
#41150000
0"
#41155000
b1001100 +
1"
#41160000
0"
1$
#41165000
b10011001 +
1"
#41170000
0"
0$
#41175000
b110011 +
1"
#41180000
0"
b11101 )
#41185000
b1100110 +
1"
#41190000
0"
#41195000
b11001101 +
1"
#41200000
0"
1$
#41205000
b10 !
b10 ,
b10011010 +
1"
#41210000
0"
0$
#41215000
b110101 +
1"
#41220000
0"
b11110 )
#41225000
b1101010 +
1"
#41230000
0"
#41235000
b11010100 +
1"
#41240000
0"
1$
#41245000
b11 !
b11 ,
b10101000 +
1"
#41250000
0"
0$
#41255000
b1010001 +
1"
#41260000
0"
b11111 )
#41265000
b10100011 +
1"
#41270000
0"
#41275000
b1000110 +
1"
#41280000
0"
1$
#41285000
b101 !
b101 ,
b10001100 +
1"
#41290000
0"
0$
#41295000
b11000 +
1"
#41300000
0"
b100000 )
#41305000
b110000 +
1"
#41310000
0"
#41315000
b1100000 +
1"
#41320000
0"
1$
#41325000
b1 !
b1 ,
b11000001 +
1"
#41330000
0"
0$
#41335000
b10000011 +
1"
#41340000
0"
b100001 )
#41345000
b111 +
1"
#41350000
0"
#41355000
b1110 +
1"
#41360000
0"
1$
#41365000
b11 !
b11 ,
b11101 +
1"
#41370000
0"
0$
#41375000
b111010 +
1"
#41380000
0"
b100010 )
#41385000
b1110101 +
1"
#41390000
0"
#41395000
b11101010 +
1"
#41400000
0"
1$
#41405000
b1 !
b1 ,
b11010101 +
1"
#41410000
0"
0$
#41415000
b10101010 +
1"
#41420000
0"
b100011 )
#41425000
b1010101 +
1"
#41430000
0"
#41435000
b10101011 +
1"
#41440000
0"
1$
#41445000
b100 !
b100 ,
b1010111 +
1"
#41450000
0"
0$
#41455000
b10101111 +
1"
#41460000
0"
b100100 )
#41465000
b1011111 +
1"
#41470000
0"
#41475000
b10111110 +
1"
#41480000
0"
1$
#41485000
b101 !
b101 ,
b1111100 +
1"
#41490000
0"
0$
#41495000
b11111001 +
1"
#41500000
0"
b100101 )
#41505000
b11110010 +
1"
#41510000
0"
#41515000
b11100101 +
1"
#41520000
0"
1$
#41525000
b10 !
b10 ,
b11001010 +
1"
#41530000
0"
0$
#41535000
b10010100 +
1"
#41540000
0"
b100110 )
#41545000
b101000 +
1"
#41550000
0"
#41555000
b1010000 +
1"
#41560000
0"
1$
#41565000
b11 !
b11 ,
b10100001 +
1"
#41570000
0"
0$
#41575000
b1000010 +
1"
#41580000
0"
b100111 )
#41585000
b10000100 +
1"
#41590000
0"
#41595000
b1001 +
1"
#41600000
0"
1$
#41605000
b100 !
b100 ,
b10011 +
1"
#41610000
0"
0$
#41615000
b100111 +
1"
#41620000
0"
b101000 )
#41625000
b1001111 +
1"
#41630000
0"
#41635000
b10011111 +
1"
#41640000
0"
1$
#41645000
b111111 +
1"
#41650000
0"
0$
#41655000
b1111111 +
1"
#41660000
0"
b101001 )
#41665000
b11111111 +
1"
#41670000
0"
#41675000
b11111110 +
1"
#41680000
0"
1$
#41685000
b11 !
b11 ,
b11111100 +
1"
#41690000
0"
0$
#41695000
b11111000 +
1"
#41700000
0"
b101010 )
#41705000
b11110000 +
1"
#41710000
0"
#41715000
b11100001 +
1"
#41720000
0"
1$
#41725000
b100 !
b100 ,
b11000010 +
1"
#41730000
0"
0$
#41735000
b10000101 +
1"
#41740000
0"
b101011 )
#41745000
b1011 +
1"
#41750000
0"
#41755000
b10111 +
1"
#41760000
0"
1$
#41765000
b110 !
b110 ,
b101111 +
1"
#41770000
0"
0$
#41775000
b1011110 +
1"
#41780000
0"
b101100 )
#41785000
b10111100 +
1"
#41790000
0"
#41795000
b1111000 +
1"
#41800000
0"
1$
#41805000
b1 !
b1 ,
b11110001 +
1"
#41810000
0"
0$
#41815000
b11100011 +
1"
#41820000
0"
b101101 )
#41825000
b11000110 +
1"
#41830000
0"
#41835000
b10001101 +
1"
#41840000
0"
1$
#41845000
b100 !
b100 ,
b11010 +
1"
#41850000
0"
0$
#41855000
b110100 +
1"
#41860000
0"
b101110 )
#41865000
b1101000 +
1"
#41870000
0"
#41875000
b11010000 +
1"
#41880000
0"
1$
#41885000
b101 !
b101 ,
b10100000 +
1"
#41890000
0"
0$
#41895000
b1000000 +
1"
#41900000
0"
b101111 )
#41905000
b10000000 +
1"
#41910000
0"
#41915000
b1 +
1"
#41920000
0"
1$
#41925000
b10 !
b10 ,
b10 +
1"
#41930000
0"
0$
#41935000
b100 +
1"
#41940000
0"
b110000 )
#41945000
b1000 +
1"
#41950000
0"
#41955000
b10001 +
1"
#41960000
0"
1$
#41965000
b110 !
b110 ,
b100011 +
1"
#41970000
0"
0$
#41975000
b1000111 +
1"
#41980000
0"
b110001 )
#41985000
b10001110 +
1"
#41990000
0"
#41995000
b11100 +
1"
#42000000
0"
1$
#42005000
b101 !
b101 ,
b111000 +
1"
#42010000
0"
0$
#42015000
b1110001 +
1"
#42020000
0"
b110010 )
#42025000
b11100010 +
1"
#42030000
0"
#42035000
b11000100 +
1"
#42040000
0"
1$
#42045000
b10001001 +
1"
#42050000
0"
0$
#42055000
b10010 +
1"
#42060000
0"
b110011 )
#42065000
b100101 +
1"
#42070000
0"
#42075000
b1001011 +
1"
#42080000
0"
1$
#42085000
b100 !
b100 ,
b10010111 +
1"
#42090000
0"
0$
#42095000
b101110 +
1"
#42100000
0"
b110100 )
#42105000
b1011100 +
1"
#42110000
0"
#42115000
b10111000 +
1"
#42120000
0"
1$
#42125000
b101 !
b101 ,
b1110000 +
1"
#42130000
0"
0$
#42135000
b11100000 +
1"
#42140000
0"
b110101 )
#42145000
b11000000 +
1"
#42150000
0"
#42155000
b10000001 +
1"
#42160000
0"
1$
#42165000
b100 !
b100 ,
b11 +
1"
#42170000
0"
0$
#42175000
b110 +
1"
#42180000
0"
b110110 )
#42185000
b1100 +
1"
#42190000
0"
#42195000
b11001 +
1"
#42200000
0"
1$
#42205000
b10 !
b10 ,
b110010 +
1"
#42210000
0"
0$
#42215000
b1100100 +
1"
#42220000
0"
b110111 )
#42225000
b11001001 +
1"
#42230000
0"
#42235000
b10010010 +
1"
#42240000
0"
1$
#42245000
b11 !
b11 ,
b100100 +
1"
#42250000
0"
0$
#42255000
b1001001 +
1"
#42260000
0"
b111000 )
#42265000
b10010011 +
1"
#42270000
0"
#42275000
b100110 +
1"
#42280000
0"
1$
#42285000
b1001101 +
1"
#42290000
0"
0$
#42295000
b10011011 +
1"
#42300000
0"
b111001 )
#42305000
b110111 +
1"
#42310000
0"
#42315000
b1101110 +
1"
#42320000
0"
1$
#42325000
b11011100 +
1"
#42330000
0"
0$
#42335000
b10111001 +
1"
#42340000
0"
b111010 )
#42345000
b1110010 +
1"
#42350000
0"
#42355000
b11100100 +
1"
#42360000
0"
1$
#42365000
b1 !
b1 ,
b11001000 +
1"
#42370000
0"
0$
#42375000
b10010000 +
1"
#42380000
0"
b111011 )
#42385000
b100000 +
1"
#42390000
0"
#42395000
b1000001 +
1"
#42400000
0"
1$
#42405000
b110 !
b110 ,
b10000010 +
1"
#42410000
0"
0$
#42415000
b101 +
1"
#42420000
0"
b111100 )
#42425000
b1010 +
1"
#42430000
0"
#42435000
b10101 +
1"
#42440000
0"
1$
#42445000
b100 !
b100 ,
b101011 +
1"
#42450000
0"
0$
#42455000
b1010110 +
1"
#42460000
0"
b111101 )
#42465000
b10101101 +
1"
#42470000
0"
#42475000
b1011011 +
1"
#42480000
0"
1$
#42485000
b10 !
b10 ,
b10110110 +
1"
#42490000
0"
0$
#42495000
b1101101 +
1"
#42500000
0"
b111110 )
#42505000
b11011010 +
1"
#42510000
0"
#42515000
b10110101 +
1"
#42520000
0"
1$
#42525000
b1101011 +
1"
#42530000
0"
0$
#42535000
b11010110 +
1"
#42540000
0"
b111111 )
#42545000
b10101100 +
1"
#42550000
0"
#42555000
b1011001 +
1"
#42560000
0"
1$
#42565000
b110 !
b110 ,
b10110010 +
1"
#42570000
0"
0$
#42575000
b1100101 +
1"
#42580000
0"
b1000000 )
#42585000
b11001011 +
1"
#42590000
0"
#42595000
b10010110 +
1"
#42600000
0"
1$
#42605000
b1 !
b1 ,
b101100 +
1"
#42610000
0"
0$
#42615000
b1011000 +
1"
#42620000
0"
b1000001 )
#42625000
b10110000 +
1"
#42630000
0"
#42635000
b1100001 +
1"
#42640000
0"
1$
#42645000
b10 !
b10 ,
b11000011 +
1"
#42650000
0"
0$
#42655000
b10000111 +
1"
#42660000
0"
b1000010 )
#42665000
b1111 +
1"
#42670000
0"
#42675000
b11111 +
1"
#42680000
0"
1$
#42685000
b111110 +
1"
#42690000
0"
0$
#42695000
b1111101 +
1"
#42700000
0"
b1000011 )
#42705000
b11111011 +
1"
#42710000
0"
#42715000
b11110110 +
1"
#42720000
0"
1$
#42725000
b1 !
b1 ,
b11101101 +
1"
#42730000
0"
0$
#42735000
b11011011 +
1"
#42740000
0"
b1000100 )
#42745000
b10110111 +
1"
#42750000
0"
#42755000
b1101111 +
1"
#42760000
0"
1$
#42765000
b100 !
b100 ,
b11011110 +
1"
#42770000
0"
0$
#42775000
b10111101 +
1"
#42780000
0"
b1000101 )
#42785000
b1111010 +
1"
#42790000
0"
#42795000
b11110101 +
1"
#42800000
0"
1$
#42805000
b110 !
b110 ,
b11101011 +
1"
#42810000
0"
0$
#42815000
b11010111 +
1"
#42820000
0"
b1000110 )
#42825000
b10101110 +
1"
#42830000
0"
#42835000
b1011101 +
1"
#42840000
0"
1$
#42845000
b100 !
b100 ,
b10111010 +
1"
#42850000
0"
0$
#42855000
b1110100 +
1"
#42860000
0"
b1000111 )
#42865000
b11101000 +
1"
#42870000
0"
#42875000
b11010001 +
1"
#42880000
0"
1$
#42885000
b110 !
b110 ,
b10100010 +
1"
#42890000
0"
0$
#42895000
b1000100 +
1"
#42900000
0"
b1001000 )
#42905000
b10001000 +
1"
#42910000
0"
#42915000
b10000 +
1"
#42920000
0"
1$
#42925000
b101 !
b101 ,
b100001 +
1"
#42930000
0"
0$
#42935000
b1000011 +
1"
#42940000
0"
b1001001 )
#42945000
b10000110 +
1"
#42950000
0"
#42955000
b1101 +
1"
#42960000
0"
1$
#42965000
b10 !
b10 ,
b11011 +
1"
#42970000
0"
0$
#42975000
b110110 +
1"
#42980000
0"
b1001010 )
#42985000
b1101100 +
1"
#42990000
0"
#42995000
b11011000 +
1"
#43000000
0"
1$
#43005000
b1 !
b1 ,
b10110001 +
1"
#43010000
0"
0$
#43015000
b1100011 +
1"
#43020000
0"
b1001011 )
#43025000
b11000111 +
1"
#43030000
0"
#43035000
b10001111 +
1"
#43040000
0"
1$
#43045000
b110 !
b110 ,
b11110 +
1"
#43050000
0"
0$
#43055000
b111100 +
1"
#43060000
0"
b1001100 )
#43065000
b1111001 +
1"
#43070000
0"
#43075000
b11110011 +
1"
#43080000
0"
1$
#43085000
b100 !
b100 ,
b11100111 +
1"
#43090000
0"
0$
#43095000
b11001110 +
1"
#43100000
0"
b1001101 )
#43105000
b10011100 +
1"
#43110000
0"
#43115000
b111001 +
1"
#43120000
0"
1$
#43125000
b1110011 +
1"
#43130000
0"
0$
#43135000
b11100110 +
1"
#43140000
0"
b1001110 )
#43145000
b11001100 +
1"
#43150000
0"
#43155000
b10011000 +
1"
#43160000
0"
1$
#43165000
b11 !
b11 ,
b110001 +
1"
#43170000
0"
0$
#43175000
b1100010 +
1"
#43180000
0"
b1001111 )
#43185000
b11000101 +
1"
#43190000
0"
#43195000
b10001011 +
1"
#43200000
0"
1$
#43205000
b10 !
b10 ,
b10110 +
1"
#43210000
0"
0$
#43215000
b101101 +
1"
#43220000
0"
b1010000 )
#43225000
b1011010 +
1"
#43230000
0"
#43235000
b10110100 +
1"
#43240000
0"
1$
#43245000
b1 !
b1 ,
b1101001 +
1"
#43250000
0"
0$
#43255000
b11010010 +
1"
#43260000
0"
b1010001 )
#43265000
b10100100 +
1"
#43270000
0"
#43275000
b1001000 +
1"
#43280000
0"
1$
#43285000
b10010001 +
1"
#43290000
0"
0$
#43295000
b100010 +
1"
#43300000
0"
b1010010 )
#43305000
b1000101 +
1"
#43310000
0"
#43315000
b10001010 +
1"
#43320000
0"
1$
#43325000
b10100 +
1"
#43330000
0"
0$
#43335000
b101001 +
1"
#43340000
0"
b1010011 )
#43345000
b1010010 +
1"
#43350000
0"
#43355000
b10100101 +
1"
#43360000
0"
1$
#43365000
b100 !
b100 ,
b1001010 +
1"
#43370000
0"
0$
#43375000
b10010101 +
1"
#43380000
0"
b1010100 )
#43385000
b101010 +
1"
#43390000
0"
#43395000
b1010100 +
1"
#43400000
0"
1$
#43405000
b1 !
b1 ,
b10101001 +
1"
#43410000
0"
0$
#43415000
b1010011 +
1"
#43420000
0"
b1010101 )
#43425000
b10100111 +
1"
#43430000
0"
#43435000
b1001110 +
1"
#43440000
0"
1$
#43445000
b10011101 +
1"
#43450000
0"
0$
#43455000
b111011 +
1"
#43460000
0"
b1010110 )
#43465000
b1110111 +
1"
#43470000
0"
#43475000
b11101110 +
1"
#43480000
0"
1$
#43485000
b101 !
b101 ,
b11011101 +
1"
#43490000
0"
0$
#43495000
b10111011 +
1"
#43500000
0"
b1010111 )
#43505000
b1110110 +
1"
#43510000
0"
#43515000
b11101100 +
1"
#43520000
0"
1$
#43525000
b11 !
b11 ,
b11011001 +
1"
#43530000
0"
0$
#43535000
b10110011 +
1"
#43540000
0"
b1011000 )
#43545000
b1100111 +
1"
#43550000
0"
#43555000
b11001111 +
1"
#43560000
0"
1$
#43565000
b100 !
b100 ,
b10011110 +
1"
#43570000
0"
0$
#43575000
b111101 +
1"
#43580000
0"
b1011001 )
#43585000
b1111011 +
1"
#43590000
0"
#43595000
b11110111 +
1"
#43600000
0"
1$
#43605000
b10 !
b10 ,
b11101111 +
1"
#43610000
0"
0$
#43615000
b11011111 +
1"
#43620000
0"
b1011010 )
#43625000
b10111111 +
1"
#43630000
0"
#43635000
b1111110 +
1"
#43640000
0"
1$
#43645000
b1 !
b1 ,
b11111101 +
1"
#43650000
0"
0$
#43655000
b11111010 +
1"
#43660000
0"
b1011011 )
#43665000
b11110100 +
1"
#43670000
0"
#43675000
b11101001 +
1"
#43680000
0"
1$
#43685000
b110 !
b110 ,
b11010011 +
1"
#43690000
0"
0$
#43695000
b10100110 +
1"
#43700000
0"
b1011100 )
#43705000
b1001100 +
1"
#43710000
0"
#43715000
b10011001 +
1"
#43720000
0"
1$
#43725000
b100 !
b100 ,
b110011 +
1"
#43730000
0"
0$
#43735000
b1100110 +
1"
#43740000
0"
b1011101 )
#43745000
b11001101 +
1"
#43750000
0"
#43755000
b10011010 +
1"
#43760000
0"
1$
#43765000
b101 !
b101 ,
b110101 +
1"
#43770000
0"
0$
#43775000
b1101010 +
1"
#43780000
0"
b1011110 )
#43785000
b11010100 +
1"
#43790000
0"
#43795000
b10101000 +
1"
#43800000
0"
1$
#43805000
b1 !
b1 ,
b1010001 +
1"
#43810000
0"
0$
#43815000
b10100011 +
1"
#43820000
0"
b1011111 )
#43825000
b1000110 +
1"
#43830000
0"
#43835000
b10001100 +
1"
#43840000
0"
1$
#43845000
b11 !
b11 ,
b11000 +
1"
#43850000
0"
0$
#43855000
b110000 +
1"
#43860000
0"
b1100000 )
#43865000
b1100000 +
1"
#43870000
0"
#43875000
b11000001 +
1"
#43880000
0"
1$
#43885000
b10 !
b10 ,
b10000011 +
1"
#43890000
0"
0$
#43895000
b111 +
1"
#43900000
0"
b1100001 )
#43905000
b1110 +
1"
#43910000
0"
#43915000
b11101 +
1"
#43920000
0"
1$
#43925000
b110 !
b110 ,
b111010 +
1"
#43930000
0"
0$
#43935000
b1110101 +
1"
#43940000
0"
b1100010 )
#43945000
b11101010 +
1"
#43950000
0"
#43955000
b11010101 +
1"
#43960000
0"
1$
#43965000
b100 !
b100 ,
b10101010 +
1"
#43970000
0"
0$
#43975000
b1010101 +
1"
#43980000
0"
b1100011 )
#43985000
b10101011 +
1"
#43990000
0"
#43995000
b1010111 +
1"
#44000000
0"
1$
#44005000
b10101111 +
1"
#44010000
0"
0$
#44015000
b1011111 +
1"
#44020000
0"
b1100100 )
#44025000
b10111110 +
1"
#44030000
0"
#44035000
b1111100 +
1"
#44040000
0"
1$
#44045000
b101 !
b101 ,
b11111001 +
1"
#44050000
0"
0$
#44055000
b11110010 +
1"
#44060000
0"
b1100101 )
#44065000
b11100101 +
1"
#44070000
0"
#44075000
b11001010 +
1"
#44080000
0"
1$
#44085000
b10010100 +
1"
#44090000
0"
0$
#44095000
b101000 +
1"
#44100000
0"
b1100110 )
#44105000
b1010000 +
1"
#44110000
0"
#44115000
b10100001 +
1"
#44120000
0"
1$
#44125000
b110 !
b110 ,
b1000010 +
1"
#44130000
0"
0$
#44135000
b10000100 +
1"
#44140000
0"
b1100111 )
#44145000
b1001 +
1"
#44150000
0"
#44155000
b10011 +
1"
#44160000
0"
1$
#44165000
b10 !
b10 ,
b100111 +
1"
#44170000
0"
0$
#44175000
b1001111 +
1"
#44180000
0"
b1101000 )
#44185000
b10011111 +
1"
#44190000
0"
#44195000
b111111 +
1"
#44200000
0"
1$
#44205000
b100 !
b100 ,
b1111111 +
1"
#44210000
0"
0$
#44215000
b11111111 +
1"
#44220000
0"
b1101001 )
#44225000
b11111110 +
1"
#44230000
0"
#44235000
b11111100 +
1"
#44240000
0"
1$
#44245000
b1 !
b1 ,
b11111000 +
1"
#44250000
0"
0$
#44255000
b11110000 +
1"
#44260000
0"
b1101010 )
#44265000
b11100001 +
1"
#44270000
0"
#44275000
b11000010 +
1"
#44280000
0"
1$
#44285000
b11 !
b11 ,
b10000101 +
1"
#44290000
0"
0$
#44295000
b1011 +
1"
#44300000
0"
b1101011 )
#44305000
b10111 +
1"
#44310000
0"
#44315000
b101111 +
1"
#44320000
0"
1$
#44325000
b110 !
b110 ,
b1011110 +
1"
#44330000
0"
0$
#44335000
b10111100 +
1"
#44340000
0"
b1101100 )
#44345000
b1111000 +
1"
#44350000
0"
#44355000
b11110001 +
1"
#44360000
0"
1$
#44365000
b10 !
b10 ,
b11100011 +
1"
#44370000
0"
0$
#44375000
b11000110 +
1"
#44380000
0"
b1101101 )
#44385000
b10001101 +
1"
#44390000
0"
#44395000
b11010 +
1"
#44400000
0"
1$
#44405000
b11 !
b11 ,
b110100 +
1"
#44410000
0"
0$
#44415000
b1101000 +
1"
#44420000
0"
b1101110 )
#44425000
b11010000 +
1"
#44430000
0"
#44435000
b10100000 +
1"
#44440000
0"
1$
#44445000
b101 !
b101 ,
b1000000 +
1"
#44450000
0"
0$
#44455000
b10000000 +
1"
#44460000
0"
b1101111 )
#44465000
b1 +
1"
#44470000
0"
#44475000
b10 +
1"
#44480000
0"
1$
#44485000
b11 !
b11 ,
b100 +
1"
#44490000
0"
0$
#44495000
b1000 +
1"
#44500000
0"
b1110000 )
#44505000
b10001 +
1"
#44510000
0"
#44515000
b100011 +
1"
#44520000
0"
1$
#44525000
b110 !
b110 ,
b1000111 +
1"
#44530000
0"
0$
#44535000
b10001110 +
1"
#44540000
0"
b1110001 )
#44545000
b11100 +
1"
#44550000
0"
#44555000
b111000 +
1"
#44560000
0"
1$
#44565000
b11 !
b11 ,
b1110001 +
1"
#44570000
0"
0$
#44575000
b11100010 +
1"
#44580000
0"
b1110010 )
#44585000
b11000100 +
1"
#44590000
0"
#44595000
b10001001 +
1"
#44600000
0"
1$
#44605000
b110 !
b110 ,
b10010 +
1"
#44610000
0"
0$
#44615000
b100101 +
1"
#44620000
0"
b1110011 )
#44625000
b1001011 +
1"
#44630000
0"
#44635000
b10010111 +
1"
#44640000
0"
1$
#44645000
b10 !
b10 ,
b101110 +
1"
#44650000
0"
0$
#44655000
b1011100 +
1"
#44660000
0"
b1110100 )
#44665000
b10111000 +
1"
#44670000
0"
#44675000
b1110000 +
1"
#44680000
0"
1$
#44685000
b101 !
b101 ,
b11100000 +
1"
#44690000
0"
0$
#44695000
b11000000 +
1"
#44700000
0"
b1110101 )
#44705000
b10000001 +
1"
#44710000
0"
#44715000
b11 +
1"
#44720000
0"
1$
#44725000
b100 !
b100 ,
b110 +
1"
#44730000
0"
0$
#44735000
b1100 +
1"
#44740000
0"
b1110110 )
#44745000
b11001 +
1"
#44750000
0"
#44755000
b110010 +
1"
#44760000
0"
1$
#44765000
b11 !
b11 ,
b1100100 +
1"
#44770000
0"
0$
#44775000
b11001001 +
1"
#44780000
0"
b1110111 )
#44785000
b10010010 +
1"
#44790000
0"
#44795000
b100100 +
1"
#44800000
0"
1$
#44805000
b1 !
b1 ,
b1001001 +
1"
#44810000
0"
0$
#44815000
b10010011 +
1"
#44820000
0"
b1111000 )
#44825000
b100110 +
1"
#44830000
0"
#44835000
b1001101 +
1"
#44840000
0"
1$
#44845000
b110 !
b110 ,
b10011011 +
1"
#44850000
0"
0$
#44855000
b110111 +
1"
#44860000
0"
b1111001 )
#44865000
b1101110 +
1"
#44870000
0"
#44875000
b11011100 +
1"
#44880000
0"
1$
#44885000
b101 !
b101 ,
b10111001 +
1"
#44890000
0"
0$
#44895000
b1110010 +
1"
#44900000
0"
b1111010 )
#44905000
b11100100 +
1"
#44910000
0"
#44915000
b11001000 +
1"
#44920000
0"
1$
#44925000
b11 !
b11 ,
b10010000 +
1"
#44930000
0"
0$
#44935000
b100000 +
1"
#44940000
0"
b1111011 )
#44945000
b1000001 +
1"
#44950000
0"
#44955000
b10000010 +
1"
#44960000
0"
1$
#44965000
b101 !
b101 ,
b101 +
1"
#44970000
0"
0$
#44975000
b1010 +
1"
#44980000
0"
b1111100 )
#44985000
b10101 +
1"
#44990000
0"
#44995000
b101011 +
1"
#45000000
0"
1$
#45005000
b10 !
b10 ,
b1010110 +
1"
#45010000
0"
0$
#45015000
b10101101 +
1"
#45020000
0"
b1111101 )
#45025000
b1011011 +
1"
#45030000
0"
#45035000
b10110110 +
1"
#45040000
0"
1$
#45045000
b11 !
b11 ,
b1101101 +
1"
#45050000
0"
0$
#45055000
b11011010 +
1"
#45060000
0"
b1111110 )
#45065000
b10110101 +
1"
#45070000
0"
#45075000
b1101011 +
1"
#45080000
0"
1$
#45085000
b110 !
b110 ,
b11010110 +
1"
#45090000
0"
0$
#45095000
b10101100 +
1"
#45100000
0"
b1111111 )
#45105000
b1011001 +
1"
#45110000
0"
#45115000
b10110010 +
1"
#45120000
0"
1$
#45125000
b101 !
b101 ,
b1100101 +
1"
#45130000
0"
0$
#45135000
b11001011 +
1"
#45140000
0"
b10000000 )
#45145000
b10010110 +
1"
#45150000
0"
#45155000
b101100 +
1"
#45160000
0"
1$
#45165000
b11 !
b11 ,
b1011000 +
1"
#45170000
0"
0$
#45175000
b10110000 +
1"
#45180000
0"
b10000001 )
#45185000
b1100001 +
1"
#45190000
0"
#45195000
b11000011 +
1"
#45200000
0"
1$
#45205000
b100 !
b100 ,
b10000111 +
1"
#45210000
0"
0$
#45215000
b1111 +
1"
#45220000
0"
b10000010 )
#45225000
b11111 +
1"
#45230000
0"
#45235000
b111110 +
1"
#45240000
0"
1$
#45245000
b11 !
b11 ,
b1111101 +
1"
#45250000
0"
0$
#45255000
b11111011 +
1"
#45260000
0"
b10000011 )
#45265000
b11110110 +
1"
#45270000
0"
#45275000
b11101101 +
1"
#45280000
0"
1$
#45285000
b100 !
b100 ,
b11011011 +
1"
#45290000
0"
0$
#45295000
b10110111 +
1"
#45300000
0"
b10000100 )
#45305000
b1101111 +
1"
#45310000
0"
#45315000
b11011110 +
1"
#45320000
0"
1$
#45325000
b1 !
b1 ,
b10111101 +
1"
#45330000
0"
0$
#45335000
b1111010 +
1"
#45340000
0"
b10000101 )
#45345000
b11110101 +
1"
#45350000
0"
#45355000
b11101011 +
1"
#45360000
0"
1$
#45365000
b10 !
b10 ,
b11010111 +
1"
#45370000
0"
0$
#45375000
b10101110 +
1"
#45380000
0"
b10000110 )
#45385000
b1011101 +
1"
#45390000
0"
#45395000
b10111010 +
1"
#45400000
0"
1$
#45405000
b1 !
b1 ,
b1110100 +
1"
#45410000
0"
0$
#45415000
b11101000 +
1"
#45420000
0"
b10000111 )
#45425000
b11010001 +
1"
#45430000
0"
#45435000
b10100010 +
1"
#45440000
0"
1$
#45445000
b1000100 +
1"
#45450000
0"
0$
#45455000
b10001000 +
1"
#45460000
0"
b10001000 )
#45465000
b10000 +
1"
#45470000
0"
#45475000
b100001 +
1"
#45480000
0"
1$
#45485000
b100 !
b100 ,
b1000011 +
1"
#45490000
0"
0$
#45495000
b10000110 +
1"
#45500000
0"
b10001001 )
#45505000
b1101 +
1"
#45510000
0"
#45515000
b11011 +
1"
#45520000
0"
1$
#45525000
b110110 +
1"
#45530000
0"
0$
#45535000
b1101100 +
1"
#45540000
0"
b10001010 )
#45545000
b11011000 +
1"
#45550000
0"
#45555000
b10110001 +
1"
#45560000
0"
1$
#45565000
b1100011 +
1"
#45570000
0"
0$
#45575000
b11000111 +
1"
#45580000
0"
b10001011 )
#45585000
b10001111 +
1"
#45590000
0"
#45595000
b11110 +
1"
#45600000
0"
1$
#45605000
b1 !
b1 ,
b111100 +
1"
#45610000
0"
0$
#45615000
b1111001 +
1"
#45620000
0"
b10001100 )
#45625000
b11110011 +
1"
#45630000
0"
#45635000
b11100111 +
1"
#45640000
0"
1$
#45645000
b100 !
b100 ,
b11001110 +
1"
#45650000
0"
0$
#45655000
b10011100 +
1"
#45660000
0"
b10001101 )
#45665000
b111001 +
1"
#45670000
0"
#45675000
b1110011 +
1"
#45680000
0"
1$
#45685000
b10 !
b10 ,
b11100110 +
1"
#45690000
0"
0$
#45695000
b11001100 +
1"
#45700000
0"
b10001110 )
#45705000
b10011000 +
1"
#45710000
0"
#45715000
b110001 +
1"
#45720000
0"
1$
#45725000
b1100010 +
1"
#45730000
0"
0$
#45735000
b11000101 +
1"
#45740000
0"
b10001111 )
#45745000
b10001011 +
1"
#45750000
0"
#45755000
b10110 +
1"
#45760000
0"
1$
#45765000
b101 !
b101 ,
b101101 +
1"
#45770000
0"
0$
#45775000
b1011010 +
1"
#45780000
0"
b10010000 )
#45785000
b10110100 +
1"
#45790000
0"
#45795000
b1101001 +
1"
#45800000
0"
1$
#45805000
b100 !
b100 ,
b11010010 +
1"
#45810000
0"
0$
#45815000
b10100100 +
1"
#45820000
0"
b10010001 )
#45825000
b1001000 +
1"
#45830000
0"
#45835000
b10010001 +
1"
#45840000
0"
1$
#45845000
b10 !
b10 ,
b100010 +
1"
#45850000
0"
0$
#45855000
b1000101 +
1"
#45860000
0"
b10010010 )
#45865000
b10001010 +
1"
#45870000
0"
#45875000
b10100 +
1"
#45880000
0"
1$
#45885000
b11 !
b11 ,
b101001 +
1"
#45890000
0"
0$
#45895000
b1010010 +
1"
#45900000
0"
b10010011 )
#45905000
b10100101 +
1"
#45910000
0"
#45915000
b1001010 +
1"
#45920000
0"
1$
#45925000
b10010101 +
1"
#45930000
0"
0$
#45935000
b101010 +
1"
#45940000
0"
b10010100 )
#45945000
b1010100 +
1"
#45950000
0"
#45955000
b10101001 +
1"
#45960000
0"
1$
#45965000
b10 !
b10 ,
b1010011 +
1"
#45970000
0"
0$
#45975000
b10100111 +
1"
#45980000
0"
b10010101 )
#45985000
b1001110 +
1"
#45990000
0"
#45995000
b10011101 +
1"
#46000000
0"
1$
#46005000
b111011 +
1"
#46010000
0"
0$
#46015000
b1110111 +
1"
#46020000
0"
b10010110 )
#46025000
b11101110 +
1"
#46030000
0"
#46035000
b11011101 +
1"
#46040000
0"
1$
#46045000
b110 !
b110 ,
b10111011 +
1"
#46050000
0"
0$
#46055000
b1110110 +
1"
#46060000
0"
b10010111 )
#46065000
b11101100 +
1"
#46070000
0"
#46075000
b11011001 +
1"
#46080000
0"
1$
#46085000
b10 !
b10 ,
b10110011 +
1"
#46090000
0"
0$
#46095000
b1100111 +
1"
#46100000
0"
b10011000 )
#46105000
b11001111 +
1"
#46110000
0"
#46115000
b10011110 +
1"
#46120000
0"
1$
#46125000
b11 !
b11 ,
b111101 +
1"
#46130000
0"
0$
#46135000
b1111011 +
1"
#46140000
0"
b10011001 )
#46145000
b11110111 +
1"
#46150000
0"
#46155000
b11101111 +
1"
#46160000
0"
1$
#46165000
b110 !
b110 ,
b11011111 +
1"
#46170000
0"
0$
#46175000
b10111111 +
1"
#46180000
0"
b10011010 )
#46185000
b1111110 +
1"
#46190000
0"
#46195000
b11111101 +
1"
#46200000
0"
1$
#46205000
b10 !
b10 ,
b11111010 +
1"
#46210000
0"
0$
#46215000
b11110100 +
1"
#46220000
0"
b10011011 )
#46225000
b11101001 +
1"
#46230000
0"
#46235000
b11010011 +
1"
#46240000
0"
1$
#46245000
b10100110 +
1"
#46250000
0"
0$
#46255000
b1001100 +
1"
#46260000
0"
b10011100 )
#46265000
b10011001 +
1"
#46270000
0"
#46275000
b110011 +
1"
#46280000
0"
1$
#46285000
b100 !
b100 ,
b1100110 +
1"
#46290000
0"
0$
#46295000
b11001101 +
1"
#46300000
0"
b10011101 )
#46305000
b10011010 +
1"
#46310000
0"
#46315000
b110101 +
1"
#46320000
0"
1$
#46325000
b110 !
b110 ,
b1101010 +
1"
#46330000
0"
0$
#46335000
b11010100 +
1"
#46340000
0"
b10011110 )
#46345000
b10101000 +
1"
#46350000
0"
#46355000
b1010001 +
1"
#46360000
0"
1$
#46365000
b100 !
b100 ,
b10100011 +
1"
#46370000
0"
0$
#46375000
b1000110 +
1"
#46380000
0"
b10011111 )
#46385000
b10001100 +
1"
#46390000
0"
#46395000
b11000 +
1"
#46400000
0"
1$
#46405000
b1 !
b1 ,
b110000 +
1"
#46410000
0"
0$
#46415000
b1100000 +
1"
#46420000
0"
b10100000 )
#46425000
b11000001 +
1"
#46430000
0"
#46435000
b10000011 +
1"
#46440000
0"
1$
#46445000
b110 !
b110 ,
b111 +
1"
#46450000
0"
0$
#46455000
b1110 +
1"
#46460000
0"
b10100001 )
#46465000
b11101 +
1"
#46470000
0"
#46475000
b111010 +
1"
#46480000
0"
1$
#46485000
b101 !
b101 ,
b1110101 +
1"
#46490000
0"
0$
#46495000
b11101010 +
1"
#46500000
0"
b10100010 )
#46505000
b11010101 +
1"
#46510000
0"
#46515000
b10101010 +
1"
#46520000
0"
1$
#46525000
b11 !
b11 ,
b1010101 +
1"
#46530000
0"
0$
#46535000
b10101011 +
1"
#46540000
0"
b10100011 )
#46545000
b1010111 +
1"
#46550000
0"
#46555000
b10101111 +
1"
#46560000
0"
1$
#46565000
b10 !
b10 ,
b1011111 +
1"
#46570000
0"
0$
#46575000
b10111110 +
1"
#46580000
0"
b10100100 )
#46585000
b1111100 +
1"
#46590000
0"
#46595000
b11111001 +
1"
#46600000
0"
1$
#46605000
b100 !
b100 ,
b11110010 +
1"
#46610000
0"
0$
#46615000
b11100101 +
1"
#46620000
0"
b10100101 )
#46625000
b11001010 +
1"
#46630000
0"
#46635000
b10010100 +
1"
#46640000
0"
1$
#46645000
b101 !
b101 ,
b101000 +
1"
#46650000
0"
0$
#46655000
b1010000 +
1"
#46660000
0"
b10100110 )
#46665000
b10100001 +
1"
#46670000
0"
#46675000
b1000010 +
1"
#46680000
0"
1$
#46685000
b1 !
b1 ,
b10000100 +
1"
#46690000
0"
0$
#46695000
b1001 +
1"
#46700000
0"
b10100111 )
#46705000
b10011 +
1"
#46710000
0"
#46715000
b100111 +
1"
#46720000
0"
1$
#46725000
b100 !
b100 ,
b1001111 +
1"
#46730000
0"
0$
#46735000
b10011111 +
1"
#46740000
0"
b10101000 )
#46745000
b111111 +
1"
#46750000
0"
#46755000
b1111111 +
1"
#46760000
0"
1$
#46765000
b10 !
b10 ,
b11111111 +
1"
#46770000
0"
0$
#46775000
b11111110 +
1"
#46780000
0"
b10101001 )
#46785000
b11111100 +
1"
#46790000
0"
#46795000
b11111000 +
1"
#46800000
0"
1$
#46805000
b11 !
b11 ,
b11110000 +
1"
#46810000
0"
0$
#46815000
b11100001 +
1"
#46820000
0"
b10101010 )
#46825000
b11000010 +
1"
#46830000
0"
#46835000
b10000101 +
1"
#46840000
0"
1$
#46845000
b10 !
b10 ,
b1011 +
1"
#46850000
0"
0$
#46855000
b10111 +
1"
#46860000
0"
b10101011 )
#46865000
b101111 +
1"
#46870000
0"
#46875000
b1011110 +
1"
#46880000
0"
1$
#46885000
b101 !
b101 ,
b10111100 +
1"
#46890000
0"
0$
#46895000
b1111000 +
1"
#46900000
0"
b10101100 )
#46905000
b11110001 +
1"
#46910000
0"
#46915000
b11100011 +
1"
#46920000
0"
1$
#46925000
b110 !
b110 ,
b11000110 +
1"
#46930000
0"
0$
#46935000
b10001101 +
1"
#46940000
0"
b10101101 )
#46945000
b11010 +
1"
#46950000
0"
#46955000
b110100 +
1"
#46960000
0"
1$
#46965000
b101 !
b101 ,
b1101000 +
1"
#46970000
0"
0$
#46975000
b11010000 +
1"
#46980000
0"
b10101110 )
#46985000
b10100000 +
1"
#46990000
0"
#46995000
b1000000 +
1"
#47000000
0"
1$
#47005000
b10000000 +
1"
#47010000
0"
0$
#47015000
b1 +
1"
#47020000
0"
b10101111 )
#47025000
b10 +
1"
#47030000
0"
#47035000
b100 +
1"
#47040000
0"
1$
#47045000
b1000 +
1"
#47050000
0"
0$
#47055000
b10001 +
1"
#47060000
0"
b10110000 )
#47065000
b100011 +
1"
#47070000
0"
#47075000
b1000111 +
1"
#47080000
0"
1$
#47085000
b110 !
b110 ,
b10001110 +
1"
#47090000
0"
0$
#47095000
b11100 +
1"
#47100000
0"
b10110001 )
#47105000
b111000 +
1"
#47110000
0"
#47115000
b1110001 +
1"
#47120000
0"
1$
#47125000
b11100010 +
1"
#47130000
0"
0$
#47135000
b11000100 +
1"
#47140000
0"
b10110010 )
#47145000
b10001001 +
1"
#47150000
0"
#47155000
b10010 +
1"
#47160000
0"
1$
#47165000
b1 !
b1 ,
b100101 +
1"
#47170000
0"
0$
#47175000
b1001011 +
1"
#47180000
0"
b10110011 )
#47185000
b10010111 +
1"
#47190000
0"
#47195000
b101110 +
1"
#47200000
0"
1$
#47205000
b101 !
b101 ,
b1011100 +
1"
#47210000
0"
0$
#47215000
b10111000 +
1"
#47220000
0"
b10110100 )
#47225000
b1110000 +
1"
#47230000
0"
#47235000
b11100000 +
1"
#47240000
0"
1$
#47245000
b11 !
b11 ,
b11000000 +
1"
#47250000
0"
0$
#47255000
b10000001 +
1"
#47260000
0"
b10110101 )
#47265000
b11 +
1"
#47270000
0"
#47275000
b110 +
1"
#47280000
0"
1$
#47285000
b1 !
b1 ,
b1100 +
1"
#47290000
0"
0$
#47295000
b11001 +
1"
#47300000
0"
b10110110 )
#47305000
b110010 +
1"
#47310000
0"
#47315000
b1100100 +
1"
#47320000
0"
1$
#47325000
b101 !
b101 ,
b11001001 +
1"
#47330000
0"
0$
#47335000
b10010010 +
1"
#47340000
0"
b10110111 )
#47345000
b100100 +
1"
#47350000
0"
#47355000
b1001001 +
1"
#47360000
0"
1$
#47365000
b10 !
b10 ,
b10010011 +
1"
#47370000
0"
0$
#47375000
b100110 +
1"
#47380000
0"
b10111000 )
#47385000
b1001101 +
1"
#47390000
0"
#47395000
b10011011 +
1"
#47400000
0"
1$
#47405000
b110 !
b110 ,
b110111 +
1"
#47410000
0"
0$
#47415000
b1101110 +
1"
#47420000
0"
b10111001 )
#47425000
b11011100 +
1"
#47430000
0"
#47435000
b10111001 +
1"
#47440000
0"
1$
#47445000
b1110010 +
1"
#47450000
0"
0$
#47455000
b11100100 +
1"
#47460000
0"
b10111010 )
#47465000
b11001000 +
1"
#47470000
0"
#47475000
b10010000 +
1"
#47480000
0"
1$
#47485000
b1 !
b1 ,
b100000 +
1"
#47490000
0"
0$
#47495000
b1000001 +
1"
#47500000
0"
b10111011 )
#47505000
b10000010 +
1"
#47510000
0"
#47515000
b101 +
1"
#47520000
0"
1$
#47525000
b110 !
b110 ,
b1010 +
1"
#47530000
0"
0$
#47535000
b10101 +
1"
#47540000
0"
b10111100 )
#47545000
b101011 +
1"
#47550000
0"
#47555000
b1010110 +
1"
#47560000
0"
1$
#47565000
b11 !
b11 ,
b10101101 +
1"
#47570000
0"
0$
#47575000
b1011011 +
1"
#47580000
0"
b10111101 )
#47585000
b10110110 +
1"
#47590000
0"
#47595000
b1101101 +
1"
#47600000
0"
1$
#47605000
b10 !
b10 ,
b11011010 +
1"
#47610000
0"
0$
#47615000
b10110101 +
1"
#47620000
0"
b10111110 )
#47625000
b1101011 +
1"
#47630000
0"
#47635000
b11010110 +
1"
#47640000
0"
1$
#47645000
b101 !
b101 ,
b10101100 +
1"
#47650000
0"
0$
#47655000
b1011001 +
1"
#47660000
0"
b10111111 )
#47665000
b10110010 +
1"
#47670000
0"
#47675000
b1100101 +
1"
#47680000
0"
1$
#47685000
b110 !
b110 ,
b11001011 +
1"
#47690000
0"
0$
#47695000
b10010110 +
1"
#47700000
0"
b11000000 )
#47705000
b101100 +
1"
#47710000
0"
#47715000
b1011000 +
1"
#47720000
0"
1$
#47725000
b101 !
b101 ,
b10110000 +
1"
#47730000
0"
0$
#47735000
b1100001 +
1"
#47740000
0"
b11000001 )
#47745000
b11000011 +
1"
#47750000
0"
#47755000
b10000111 +
1"
#47760000
0"
1$
#47765000
b100 !
b100 ,
b1111 +
1"
#47770000
0"
0$
#47775000
b11111 +
1"
#47780000
0"
b11000010 )
#47785000
b111110 +
1"
#47790000
0"
#47795000
b1111101 +
1"
#47800000
0"
1$
#47805000
b110 !
b110 ,
b11111011 +
1"
#47810000
0"
0$
#47815000
b11110110 +
1"
#47820000
0"
b11000011 )
#47825000
b11101101 +
1"
#47830000
0"
#47835000
b11011011 +
1"
#47840000
0"
1$
#47845000
b100 !
b100 ,
b10110111 +
1"
#47850000
0"
0$
#47855000
b1101111 +
1"
#47860000
0"
b11000100 )
#47865000
b11011110 +
1"
#47870000
0"
#47875000
b10111101 +
1"
#47880000
0"
1$
#47885000
b1111010 +
1"
#47890000
0"
0$
#47895000
b11110101 +
1"
#47900000
0"
b11000101 )
#47905000
b11101011 +
1"
#47910000
0"
#47915000
b11010111 +
1"
#47920000
0"
1$
#47925000
b110 !
b110 ,
b10101110 +
1"
#47930000
0"
0$
#47935000
b1011101 +
1"
#47940000
0"
b11000110 )
#47945000
b10111010 +
1"
#47950000
0"
#47955000
b1110100 +
1"
#47960000
0"
1$
#47965000
b11 !
b11 ,
b11101000 +
1"
#47970000
0"
0$
#47975000
b11010001 +
1"
#47980000
0"
b11000111 )
#47985000
b10100010 +
1"
#47990000
0"
#47995000
b1000100 +
1"
#48000000
0"
1$
#48005000
b10001000 +
1"
#48010000
0"
0$
#48015000
b10000 +
1"
#48020000
0"
b11001000 )
#48025000
b100001 +
1"
#48030000
0"
#48035000
b1000011 +
1"
#48040000
0"
1$
#48045000
b10 !
b10 ,
b10000110 +
1"
#48050000
0"
0$
#48055000
b1101 +
1"
#48060000
0"
b11001001 )
#48065000
b11011 +
1"
#48070000
0"
#48075000
b110110 +
1"
#48080000
0"
1$
#48085000
b1 !
b1 ,
b1101100 +
1"
#48090000
0"
0$
#48095000
b11011000 +
1"
#48100000
0"
b11001010 )
#48105000
b10110001 +
1"
#48110000
0"
#48115000
b1100011 +
1"
#48120000
0"
1$
#48125000
b100 !
b100 ,
b11000111 +
1"
#48130000
0"
0$
#48135000
b10001111 +
1"
#48140000
0"
b11001011 )
#48145000
b11110 +
1"
#48150000
0"
#48155000
b111100 +
1"
#48160000
0"
1$
#48165000
b1 !
b1 ,
b1111001 +
1"
#48170000
0"
0$
#48175000
b11110011 +
1"
#48180000
0"
b11001100 )
#48185000
b11100111 +
1"
#48190000
0"
#48195000
b11001110 +
1"
#48200000
0"
1$
#48205000
b11 !
b11 ,
b10011100 +
1"
#48210000
0"
0$
#48215000
b111001 +
1"
#48220000
0"
b11001101 )
#48225000
b1110011 +
1"
#48230000
0"
#48235000
b11100110 +
1"
#48240000
0"
1$
#48245000
b11001100 +
1"
#48250000
0"
0$
#48255000
b10011000 +
1"
#48260000
0"
b11001110 )
#48265000
b110001 +
1"
#48270000
0"
#48275000
b1100010 +
1"
#48280000
0"
1$
#48285000
b11000101 +
1"
#48290000
0"
0$
#48295000
b10001011 +
1"
#48300000
0"
b11001111 )
#48305000
b10110 +
1"
#48310000
0"
#48315000
b101101 +
1"
#48320000
0"
1$
#48325000
b100 !
b100 ,
b1011010 +
1"
#48330000
0"
0$
#48335000
b10110100 +
1"
#48340000
0"
b11010000 )
#48345000
b1101001 +
1"
#48350000
0"
#48355000
b11010010 +
1"
#48360000
0"
1$
#48365000
b1 !
b1 ,
b10100100 +
1"
#48370000
0"
0$
#48375000
b1001000 +
1"
#48380000
0"
b11010001 )
#48385000
b10010001 +
1"
#48390000
0"
#48395000
b100010 +
1"
#48400000
0"
1$
#48405000
b101 !
b101 ,
b1000101 +
1"
#48410000
0"
0$
#48415000
b10001010 +
1"
#48420000
0"
b11010010 )
#48425000
b10100 +
1"
#48430000
0"
#48435000
b101001 +
1"
#48440000
0"
1$
#48445000
b110 !
b110 ,
b1010010 +
1"
#48450000
0"
0$
#48455000
b10100101 +
1"
#48460000
0"
b11010011 )
#48465000
b1001010 +
1"
#48470000
0"
#48475000
b10010101 +
1"
#48480000
0"
1$
#48485000
b101010 +
1"
#48490000
0"
0$
#48495000
b1010100 +
1"
#48500000
0"
b11010100 )
#48505000
b10101001 +
1"
#48510000
0"
#48515000
b1010011 +
1"
#48520000
0"
1$
#48525000
b10100111 +
1"
#48530000
0"
0$
#48535000
b1001110 +
1"
#48540000
0"
b11010101 )
#48545000
b10011101 +
1"
#48550000
0"
#48555000
b111011 +
1"
#48560000
0"
1$
#48565000
b1110111 +
1"
#48570000
0"
0$
#48575000
b11101110 +
1"
#48580000
0"
b11010110 )
#48585000
b11011101 +
1"
#48590000
0"
#48595000
b10111011 +
1"
#48600000
0"
1$
#48605000
b10 !
b10 ,
b1110110 +
1"
#48610000
0"
0$
#48615000
b11101100 +
1"
#48620000
0"
b11010111 )
#48625000
b11011001 +
1"
#48630000
0"
#48635000
b10110011 +
1"
#48640000
0"
1$
#48645000
b110 !
b110 ,
b1100111 +
1"
#48650000
0"
0$
#48655000
b11001111 +
1"
#48660000
0"
b11011000 )
#48665000
b10011110 +
1"
#48670000
0"
#48675000
b111101 +
1"
#48680000
0"
1$
#48685000
b10 !
b10 ,
b1111011 +
1"
#48690000
0"
0$
#48695000
b11110111 +
1"
#48700000
0"
b11011001 )
#48705000
b11101111 +
1"
#48710000
0"
#48715000
b11011111 +
1"
#48720000
0"
1$
#48725000
b10111111 +
1"
#48730000
0"
0$
#48735000
b1111110 +
1"
#48740000
0"
b11011010 )
#48745000
b11111101 +
1"
#48750000
0"
#48755000
b11111010 +
1"
#48760000
0"
1$
#48765000
b101 !
b101 ,
b11110100 +
1"
#48770000
0"
0$
#48775000
b11101001 +
1"
#48780000
0"
b11011011 )
#48785000
b11010011 +
1"
#48790000
0"
#48795000
b10100110 +
1"
#48800000
0"
1$
#48805000
b1001100 +
1"
#48810000
0"
0$
#48815000
b10011001 +
1"
#48820000
0"
b11011100 )
#48825000
b110011 +
1"
#48830000
0"
#48835000
b1100110 +
1"
#48840000
0"
1$
#48845000
b1 !
b1 ,
b11001101 +
1"
#48850000
0"
0$
#48855000
b10011010 +
1"
#48860000
0"
b11011101 )
#48865000
b110101 +
1"
#48870000
0"
#48875000
b1101010 +
1"
#48880000
0"
1$
#48885000
b101 !
b101 ,
b11010100 +
1"
#48890000
0"
0$
#48895000
b10101000 +
1"
#48900000
0"
b11011110 )
#48905000
b1010001 +
1"
#48910000
0"
#48915000
b10100011 +
1"
#48920000
0"
1$
#48925000
b10 !
b10 ,
b1000110 +
1"
#48930000
0"
0$
#48935000
b10001100 +
1"
#48940000
0"
b11011111 )
#48945000
b11000 +
1"
#48950000
0"
#48955000
b110000 +
1"
#48960000
0"
1$
#48965000
b1 !
b1 ,
b1100000 +
1"
#48970000
0"
0$
#48975000
b11000001 +
1"
#48980000
0"
b11100000 )
#48985000
b10000011 +
1"
#48990000
0"
#48995000
b111 +
1"
#49000000
0"
1$
#49005000
b10 !
b10 ,
b1110 +
1"
#49010000
0"
0$
#49015000
b11101 +
1"
#49020000
0"
b11100001 )
#49025000
b111010 +
1"
#49030000
0"
#49035000
b1110101 +
1"
#49040000
0"
1$
#49045000
b100 !
b100 ,
b11101010 +
1"
#49050000
0"
0$
#49055000
b11010101 +
1"
#49060000
0"
b11100010 )
#49065000
b10101010 +
1"
#49070000
0"
#49075000
b1010101 +
1"
#49080000
0"
1$
#49085000
b10 !
b10 ,
b10101011 +
1"
#49090000
0"
0$
#49095000
b1010111 +
1"
#49100000
0"
b11100011 )
#49105000
b10101111 +
1"
#49110000
0"
#49115000
b1011111 +
1"
#49120000
0"
1$
#49125000
b110 !
b110 ,
b10111110 +
1"
#49130000
0"
0$
#49135000
b1111100 +
1"
#49140000
0"
b11100100 )
#49145000
b11111001 +
1"
#49150000
0"
#49155000
b11110010 +
1"
#49160000
0"
1$
#49165000
b11 !
b11 ,
b11100101 +
1"
#49170000
0"
0$
#49175000
b11001010 +
1"
#49180000
0"
b11100101 )
#49185000
b10010100 +
1"
#49190000
0"
#49195000
b101000 +
1"
#49200000
0"
1$
#49205000
b101 !
b101 ,
b1010000 +
1"
#49210000
0"
0$
#49215000
b10100001 +
1"
#49220000
0"
b11100110 )
#49225000
b1000010 +
1"
#49230000
0"
#49235000
b10000100 +
1"
#49240000
0"
1$
#49245000
b1 !
b1 ,
b1001 +
1"
#49250000
0"
0$
#49255000
b10011 +
1"
#49260000
0"
b11100111 )
#49265000
b100111 +
1"
#49270000
0"
#49275000
b1001111 +
1"
#49280000
0"
1$
#49285000
b10 !
b10 ,
b10011111 +
1"
#49290000
0"
0$
#49295000
b111111 +
1"
#49300000
0"
b11101000 )
#49305000
b1111111 +
1"
#49310000
0"
#49315000
b11111111 +
1"
#49320000
0"
1$
#49325000
b100 !
b100 ,
b11111110 +
1"
#49330000
0"
0$
#49335000
b11111100 +
1"
#49340000
0"
b11101001 )
#49345000
b11111000 +
1"
#49350000
0"
#49355000
b11110000 +
1"
#49360000
0"
1$
#49365000
b1 !
b1 ,
b11100001 +
1"
#49370000
0"
0$
#49375000
b11000010 +
1"
#49380000
0"
b11101010 )
#49385000
b10000101 +
1"
#49390000
0"
#49395000
b1011 +
1"
#49400000
0"
1$
#49405000
b110 !
b110 ,
b10111 +
1"
#49410000
0"
0$
#49415000
b101111 +
1"
#49420000
0"
b11101011 )
#49425000
b1011110 +
1"
#49430000
0"
#49435000
b10111100 +
1"
#49440000
0"
1$
#49445000
b11 !
b11 ,
b1111000 +
1"
#49450000
0"
0$
#49455000
b11110001 +
1"
#49460000
0"
b11101100 )
#49465000
b11100011 +
1"
#49470000
0"
#49475000
b11000110 +
1"
#49480000
0"
1$
#49485000
b1 !
b1 ,
b10001101 +
1"
#49490000
0"
0$
#49495000
b11010 +
1"
#49500000
0"
b11101101 )
#49505000
b110100 +
1"
#49510000
0"
#49515000
b1101000 +
1"
#49520000
0"
1$
#49525000
b11 !
b11 ,
b11010000 +
1"
#49530000
0"
0$
#49535000
b10100000 +
1"
#49540000
0"
b11101110 )
#49545000
b1000000 +
1"
#49550000
0"
#49555000
b10000000 +
1"
#49560000
0"
1$
#49565000
b1 +
1"
#49570000
0"
0$
#49575000
b10 +
1"
#49580000
0"
b11101111 )
#49585000
b100 +
1"
#49590000
0"
#49595000
b1000 +
1"
#49600000
0"
1$
#49605000
b10001 +
1"
#49610000
0"
0$
#49615000
b100011 +
1"
#49620000
0"
b11110000 )
#49625000
b1000111 +
1"
#49630000
0"
#49635000
b10001110 +
1"
#49640000
0"
1$
#49645000
b101 !
b101 ,
b11100 +
1"
#49650000
0"
0$
#49655000
b111000 +
1"
#49660000
0"
b11110001 )
#49665000
b1110001 +
1"
#49670000
0"
#49675000
b11100010 +
1"
#49680000
0"
1$
#49685000
b11000100 +
1"
#49690000
0"
0$
#49695000
b10001001 +
1"
#49700000
0"
b11110010 )
#49705000
b10010 +
1"
#49710000
0"
#49715000
b100101 +
1"
#49720000
0"
1$
#49725000
b10 !
b10 ,
b1001011 +
1"
#49730000
0"
0$
#49735000
b10010111 +
1"
#49740000
0"
b11110011 )
#49745000
b101110 +
1"
#49750000
0"
#49755000
b1011100 +
1"
#49760000
0"
1$
#49765000
b11 !
b11 ,
b10111000 +
1"
#49770000
0"
0$
#49775000
b1110000 +
1"
#49780000
0"
b11110100 )
#49785000
b11100000 +
1"
#49790000
0"
#49795000
b11000000 +
1"
#49800000
0"
1$
#49805000
b1 !
b1 ,
b10000001 +
1"
#49810000
0"
0$
#49815000
b11 +
1"
#49820000
0"
b11110101 )
#49825000
b110 +
1"
#49830000
0"
#49835000
b1100 +
1"
#49840000
0"
1$
#49845000
b11001 +
1"
#49850000
0"
0$
#49855000
b110010 +
1"
#49860000
0"
b11110110 )
#49865000
b1100100 +
1"
#49870000
0"
#49875000
b11001001 +
1"
#49880000
0"
1$
#49885000
b100 !
b100 ,
b10010010 +
1"
#49890000
0"
0$
#49895000
b100100 +
1"
#49900000
0"
b11110111 )
#49905000
b1001001 +
1"
#49910000
0"
#49915000
b10010011 +
1"
#49920000
0"
1$
#49925000
b100110 +
1"
#49930000
0"
0$
#49935000
b1001101 +
1"
#49940000
0"
b11111000 )
#49945000
b10011011 +
1"
#49950000
0"
#49955000
b110111 +
1"
#49960000
0"
1$
#49965000
b10 !
b10 ,
b1101110 +
1"
#49970000
0"
0$
#49975000
b11011100 +
1"
#49980000
0"
b11111001 )
#49985000
b10111001 +
1"
#49990000
0"
#49995000
b1110010 +
1"
#50000000
0"
1$
#50005000
b1 !
b1 ,
b11100100 +
1"
#50010000
0"
0$
#50015000
b11001000 +
1"
#50020000
0"
b11111010 )
#50025000
b10010000 +
1"
#50030000
0"
#50035000
b100000 +
1"
#50040000
0"
1$
#50045000
b11 !
b11 ,
b1000001 +
1"
#50050000
0"
0$
#50055000
b10000010 +
1"
#50060000
0"
b11111011 )
#50065000
b101 +
1"
#50070000
0"
#50075000
b1010 +
1"
#50080000
0"
1$
#50085000
b101 !
b101 ,
b10101 +
1"
#50090000
0"
0$
#50095000
b101011 +
1"
#50100000
0"
b11111100 )
#50105000
b1010110 +
1"
#50110000
0"
#50115000
b10101101 +
1"
#50120000
0"
1$
#50125000
b110 !
b110 ,
b1011011 +
1"
#50130000
0"
0$
#50135000
b10110110 +
1"
#50140000
0"
b11111101 )
#50145000
b1101101 +
1"
#50150000
0"
#50155000
b11011010 +
1"
#50160000
0"
1$
#50165000
b11 !
b11 ,
b10110101 +
1"
#50170000
0"
0$
#50175000
b1101011 +
1"
#50180000
0"
b11111110 )
#50185000
b11010110 +
1"
#50190000
0"
#50195000
b10101100 +
1"
#50200000
0"
1$
#50205000
b101 !
b101 ,
b1011001 +
1"
#50210000
0"
0$
#50215000
b10110010 +
1"
#50220000
0"
b11111111 )
#50225000
b1100101 +
1"
#50230000
0"
#50235000
b11001011 +
1"
#50240000
0"
1$
#50245000
b110 !
b110 ,
b10010110 +
1"
#50250000
0"
0$
#50255000
b101100 +
1"
#50260000
0"
b100000000 )
#50265000
b1011000 +
1"
#50270000
0"
#50275000
b10110000 +
1"
#50280000
0"
1$
#50285000
b11 !
b11 ,
b1100001 +
1"
#50290000
0"
0$
#50295000
b11000011 +
1"
#50300000
0"
b100000001 )
#50305000
b10000111 +
1"
#50310000
0"
#50315000
b1111 +
1"
#50320000
0"
1$
#50325000
b100 !
b100 ,
b11111 +
1"
#50330000
0"
0$
#50335000
b111110 +
1"
#50340000
0"
b100000010 )
#50345000
b1111101 +
1"
#50350000
0"
#50355000
b11111011 +
1"
#50360000
0"
1$
#50365000
b110 !
b110 ,
b11110110 +
1"
#50370000
0"
0$
#50375000
b11101101 +
1"
#50380000
0"
b100000011 )
#50385000
b11011011 +
1"
#50390000
0"
#50395000
b10110111 +
1"
#50400000
0"
1$
#50405000
b100 !
b100 ,
b1101111 +
1"
#50410000
0"
0$
#50415000
b11011110 +
1"
#50420000
0"
b100000100 )
#50425000
b10111101 +
1"
#50430000
0"
#50435000
b1111010 +
1"
#50440000
0"
1$
#50445000
b11 !
b11 ,
b11110101 +
1"
#50450000
0"
0$
#50455000
b11101011 +
1"
#50460000
0"
b100000101 )
#50465000
b11010111 +
1"
#50470000
0"
#50475000
b10101110 +
1"
#50480000
0"
1$
#50485000
b1 !
b1 ,
b1011101 +
1"
#50490000
0"
0$
#50495000
b10111010 +
1"
#50500000
0"
b100000110 )
#50505000
b1110100 +
1"
#50510000
0"
#50515000
b11101000 +
1"
#50520000
0"
1$
#50525000
b101 !
b101 ,
b11010001 +
1"
#50530000
0"
0$
#50535000
b10100010 +
1"
#50540000
0"
b100000111 )
#50545000
b1000100 +
1"
#50550000
0"
#50555000
b10001000 +
1"
#50560000
0"
1$
#50565000
b10000 +
1"
#50570000
0"
0$
#50575000
b100001 +
1"
#50580000
0"
b100001000 )
#50585000
b1000011 +
1"
#50590000
0"
#50595000
b10000110 +
1"
#50600000
0"
1$
#50605000
b11 !
b11 ,
b1101 +
1"
#50610000
0"
0$
#50615000
b11011 +
1"
#50620000
0"
b100001001 )
#50625000
b110110 +
1"
#50630000
0"
#50635000
b1101100 +
1"
#50640000
0"
1$
#50645000
b1 !
b1 ,
b11011000 +
1"
#50650000
0"
0$
#50655000
b10110001 +
1"
#50660000
0"
b100001010 )
#50665000
b1100011 +
1"
#50670000
0"
#50675000
b11000111 +
1"
#50680000
0"
1$
#50685000
b10 !
b10 ,
b10001111 +
1"
#50690000
0"
0$
#50695000
b11110 +
1"
#50700000
0"
b100001011 )
#50705000
b111100 +
1"
#50710000
0"
#50715000
b1111001 +
1"
#50720000
0"
1$
#50725000
b11110011 +
1"
#50730000
0"
0$
#50735000
b11100111 +
1"
#50740000
0"
b100001100 )
#50745000
b11001110 +
1"
#50750000
0"
#50755000
b10011100 +
1"
#50760000
0"
1$
#50765000
b1 !
b1 ,
b111001 +
1"
#50770000
0"
0$
#50775000
b1110011 +
1"
#50780000
0"
b100001101 )
#50785000
b11100110 +
1"
#50790000
0"
#50795000
b11001100 +
1"
#50800000
0"
1$
#50805000
b10011000 +
1"
#50810000
0"
0$
#50815000
b110001 +
1"
#50820000
0"
b100001110 )
#50825000
b1100010 +
1"
#50830000
0"
#50835000
b11000101 +
1"
#50840000
0"
1$
#50845000
b110 !
b110 ,
b10001011 +
1"
#50850000
0"
0$
#50855000
b10110 +
1"
#50860000
0"
b100001111 )
#50865000
b101101 +
1"
#50870000
0"
#50875000
b1011010 +
1"
#50880000
0"
1$
#50885000
b1 !
b1 ,
b10110100 +
1"
#50890000
0"
0$
#50895000
b1101001 +
1"
#50900000
0"
b100010000 )
#50905000
b11010010 +
1"
#50910000
0"
#50915000
b10100100 +
1"
#50920000
0"
1$
#50925000
b11 !
b11 ,
b1001000 +
1"
#50930000
0"
0$
#50935000
b10010001 +
1"
#50940000
0"
b100010001 )
#50945000
b100010 +
1"
#50950000
0"
#50955000
b1000101 +
1"
#50960000
0"
1$
#50965000
b100 !
b100 ,
b10001010 +
1"
#50970000
0"
0$
#50975000
b10100 +
1"
#50980000
0"
b100010010 )
#50985000
b101001 +
1"
#50990000
0"
#50995000
b1010010 +
1"
#51000000
0"
1$
#51005000
b101 !
b101 ,
b10100101 +
1"
#51010000
0"
0$
#51015000
b1001010 +
1"
#51020000
0"
b100010011 )
#51025000
b10010101 +
1"
#51030000
0"
#51035000
b101010 +
1"
#51040000
0"
1$
#51045000
b1 !
b1 ,
b1010100 +
1"
#51050000
0"
0$
#51055000
b10101001 +
1"
#51060000
0"
b100010100 )
#51065000
b1010011 +
1"
#51070000
0"
#51075000
b10100111 +
1"
#51080000
0"
1$
#51085000
b110 !
b110 ,
b1001110 +
1"
#51090000
0"
0$
#51095000
b10011101 +
1"
#51100000
0"
b100010101 )
#51105000
b111011 +
1"
#51110000
0"
#51115000
b1110111 +
1"
#51120000
0"
1$
#51125000
b11101110 +
1"
#51130000
0"
0$
#51135000
b11011101 +
1"
#51140000
0"
b100010110 )
#51145000
b10111011 +
1"
#51150000
0"
#51155000
b1110110 +
1"
#51160000
0"
1$
#51165000
b101 !
b101 ,
b11101100 +
1"
#51170000
0"
0$
#51175000
b11011001 +
1"
#51180000
0"
b100010111 )
#51185000
b10110011 +
1"
#51190000
0"
#51195000
b1100111 +
1"
#51200000
0"
1$
#51205000
b10 !
b10 ,
b11001111 +
1"
#51210000
0"
0$
#51215000
b10011110 +
1"
#51220000
0"
b100011000 )
#51225000
b111101 +
1"
#51230000
0"
#51235000
b1111011 +
1"
#51240000
0"
1$
#51245000
b100 !
b100 ,
b11110111 +
1"
#51250000
0"
0$
#51255000
b11101111 +
1"
#51260000
0"
b100011001 )
#51265000
b11011111 +
1"
#51270000
0"
#51275000
b10111111 +
1"
#51280000
0"
1$
#51285000
b110 !
b110 ,
b1111110 +
1"
#51290000
0"
0$
#51295000
b11111101 +
1"
#51300000
0"
b100011010 )
#51305000
b11111010 +
1"
#51310000
0"
#51315000
b11110100 +
1"
#51320000
0"
1$
#51325000
b101 !
b101 ,
b11101001 +
1"
#51330000
0"
0$
#51335000
b11010011 +
1"
#51340000
0"
b100011011 )
#51345000
b10100110 +
1"
#51350000
0"
#51355000
b1001100 +
1"
#51360000
0"
1$
#51365000
b10011001 +
1"
#51370000
0"
0$
#51375000
b110011 +
1"
#51380000
0"
b100011100 )
#51385000
b1100110 +
1"
#51390000
0"
#51395000
b11001101 +
1"
#51400000
0"
1$
#51405000
b10 !
b10 ,
b10011010 +
1"
#51410000
0"
0$
#51415000
b110101 +
1"
#51420000
0"
b100011101 )
#51425000
b1101010 +
1"
#51430000
0"
#51435000
b11010100 +
1"
#51440000
0"
1$
#51445000
b11 !
b11 ,
b10101000 +
1"
#51450000
0"
0$
#51455000
b1010001 +
1"
#51460000
0"
b100011110 )
#51465000
b10100011 +
1"
#51470000
0"
#51475000
b1000110 +
1"
#51480000
0"
1$
#51485000
b101 !
b101 ,
b10001100 +
1"
#51490000
0"
0$
#51495000
b11000 +
1"
#51500000
0"
b100011111 )
#51505000
b110000 +
1"
#51510000
0"
#51515000
b1100000 +
1"
#51520000
0"
1$
#51525000
b1 !
b1 ,
b11000001 +
1"
#51530000
0"
0$
#51535000
b10000011 +
1"
#51540000
0"
b100100000 )
#51545000
b111 +
1"
#51550000
0"
#51555000
b1110 +
1"
#51560000
0"
1$
#51565000
b11 !
b11 ,
b11101 +
1"
#51570000
0"
0$
#51575000
b111010 +
1"
#51580000
0"
b100100001 )
#51585000
b1110101 +
1"
#51590000
0"
#51595000
b11101010 +
1"
#51600000
0"
1$
#51605000
b1 !
b1 ,
b11010101 +
1"
#51610000
0"
0$
#51615000
b10101010 +
1"
#51620000
0"
b100100010 )
#51625000
b1010101 +
1"
#51630000
0"
#51635000
b10101011 +
1"
#51640000
0"
1$
#51645000
b100 !
b100 ,
b1010111 +
1"
#51650000
0"
0$
#51655000
b10101111 +
1"
#51660000
0"
b100100011 )
#51665000
b1011111 +
1"
#51670000
0"
#51675000
b10111110 +
1"
#51680000
0"
1$
#51685000
b101 !
b101 ,
b1111100 +
1"
#51690000
0"
0$
#51695000
b11111001 +
1"
#51700000
0"
b100100100 )
#51705000
b11110010 +
1"
#51710000
0"
#51715000
b11100101 +
1"
#51720000
0"
1$
#51725000
b10 !
b10 ,
b11001010 +
1"
#51730000
0"
0$
#51735000
b10010100 +
1"
#51740000
0"
b100100101 )
#51745000
b101000 +
1"
#51750000
0"
#51755000
b1010000 +
1"
#51760000
0"
1$
#51765000
b11 !
b11 ,
b10100001 +
1"
#51770000
0"
0$
#51775000
b1000010 +
1"
#51780000
0"
b100100110 )
#51785000
b10000100 +
1"
#51790000
0"
#51795000
b1001 +
1"
#51800000
0"
1$
#51805000
b100 !
b100 ,
b10011 +
1"
#51810000
0"
0$
#51815000
b100111 +
1"
#51820000
0"
b100100111 )
#51825000
b1001111 +
1"
#51830000
0"
#51835000
b10011111 +
1"
#51840000
0"
1$
#51845000
b111111 +
1"
#51850000
0"
0$
#51855000
b1111111 +
1"
#51860000
0"
b100101000 )
#51865000
b11111111 +
1"
#51870000
0"
#51875000
b11111110 +
1"
#51880000
0"
1$
#51885000
b11 !
b11 ,
b11111100 +
1"
#51890000
0"
0$
#51895000
b11111000 +
1"
#51900000
0"
b100101001 )
#51905000
b11110000 +
1"
#51910000
0"
#51915000
b11100001 +
1"
#51920000
0"
1$
#51925000
b100 !
b100 ,
b11000010 +
1"
#51930000
0"
0$
#51935000
b10000101 +
1"
#51940000
0"
b100101010 )
#51945000
b1011 +
1"
#51950000
0"
#51955000
b10111 +
1"
#51960000
0"
1$
#51965000
b110 !
b110 ,
b101111 +
1"
#51970000
0"
0$
#51975000
b1011110 +
1"
#51980000
0"
b100101011 )
#51985000
b10111100 +
1"
#51990000
0"
#51995000
b1111000 +
1"
#52000000
0"
1$
#52005000
b1 !
b1 ,
b11110001 +
1"
#52010000
0"
0$
#52015000
b11100011 +
1"
#52020000
0"
b100101100 )
#52025000
b11000110 +
1"
#52030000
0"
#52035000
b10001101 +
1"
#52040000
0"
1$
#52045000
b100 !
b100 ,
b11010 +
1"
#52050000
0"
0$
#52055000
b110100 +
1"
#52060000
0"
b100101101 )
#52065000
b1101000 +
1"
#52070000
0"
#52075000
b11010000 +
1"
#52080000
0"
1$
#52085000
b101 !
b101 ,
b10100000 +
1"
#52090000
0"
0$
#52095000
b1000000 +
1"
#52100000
0"
b100101110 )
#52105000
b10000000 +
1"
#52110000
0"
#52115000
b1 +
1"
#52120000
0"
1$
#52125000
b10 !
b10 ,
b10 +
1"
#52130000
0"
0$
#52135000
b100 +
1"
#52140000
0"
b100101111 )
#52145000
b1000 +
1"
#52150000
0"
#52155000
b10001 +
1"
#52160000
0"
1$
#52165000
b110 !
b110 ,
b100011 +
1"
#52170000
0"
0$
#52175000
b1000111 +
1"
#52180000
0"
b100110000 )
#52185000
b10001110 +
1"
#52190000
0"
#52195000
b11100 +
1"
#52200000
0"
1$
#52205000
b101 !
b101 ,
b111000 +
1"
#52210000
0"
0$
#52215000
b1110001 +
1"
#52220000
0"
b100110001 )
#52225000
b11100010 +
1"
#52230000
0"
#52235000
b11000100 +
1"
#52240000
0"
1$
#52245000
b10001001 +
1"
#52250000
0"
0$
#52255000
b10010 +
1"
#52260000
0"
b100110010 )
#52265000
b100101 +
1"
#52270000
0"
#52275000
b1001011 +
1"
#52280000
0"
1$
#52285000
b100 !
b100 ,
b10010111 +
1"
#52290000
0"
0$
#52295000
b101110 +
1"
#52300000
0"
b100110011 )
#52305000
b1011100 +
1"
#52310000
0"
#52315000
b10111000 +
1"
#52320000
0"
1$
#52325000
b101 !
b101 ,
b1110000 +
1"
#52330000
0"
0$
#52335000
b11100000 +
1"
#52340000
0"
b100110100 )
#52345000
b11000000 +
1"
#52350000
0"
#52355000
b10000001 +
1"
#52360000
0"
1$
#52365000
b100 !
b100 ,
b11 +
1"
#52370000
0"
0$
#52375000
b110 +
1"
#52380000
0"
b100110101 )
#52385000
b1100 +
1"
#52390000
0"
#52395000
b11001 +
1"
#52400000
0"
1$
#52405000
b10 !
b10 ,
b110010 +
1"
#52410000
0"
0$
#52415000
b1100100 +
1"
#52420000
0"
b100110110 )
#52425000
b11001001 +
1"
#52430000
0"
#52435000
b10010010 +
1"
#52440000
0"
1$
#52445000
b11 !
b11 ,
b100100 +
1"
#52450000
0"
0$
#52455000
b1001001 +
1"
#52460000
0"
b100110111 )
#52465000
b10010011 +
1"
#52470000
0"
#52475000
b100110 +
1"
#52480000
0"
1$
#52485000
b1001101 +
1"
#52490000
0"
0$
#52495000
b10011011 +
1"
#52500000
0"
b100111000 )
#52505000
b110111 +
1"
#52510000
0"
#52515000
b1101110 +
1"
#52520000
0"
1$
#52525000
b11011100 +
1"
#52530000
0"
0$
#52535000
b10111001 +
1"
#52540000
0"
b100111001 )
#52545000
b1110010 +
1"
#52550000
0"
#52555000
b11100100 +
1"
#52560000
0"
1$
#52565000
b1 !
b1 ,
b11001000 +
1"
#52570000
0"
0$
#52575000
b10010000 +
1"
#52580000
0"
b100111010 )
#52585000
b100000 +
1"
#52590000
0"
#52595000
b1000001 +
1"
#52600000
0"
1$
#52605000
b110 !
b110 ,
b10000010 +
1"
#52610000
0"
0$
#52615000
b101 +
1"
#52620000
0"
b100111011 )
#52625000
b1010 +
1"
#52630000
0"
#52635000
b10101 +
1"
#52640000
0"
1$
#52645000
b100 !
b100 ,
b101011 +
1"
#52650000
0"
0$
#52655000
b1010110 +
1"
#52660000
0"
b100111100 )
#52665000
b10101101 +
1"
#52670000
0"
#52675000
b1011011 +
1"
#52680000
0"
1$
#52685000
b10 !
b10 ,
b10110110 +
1"
#52690000
0"
0$
#52695000
b1101101 +
1"
#52700000
0"
b100111101 )
#52705000
b11011010 +
1"
#52710000
0"
#52715000
b10110101 +
1"
#52720000
0"
1$
#52725000
b1101011 +
1"
#52730000
0"
0$
#52735000
b11010110 +
1"
#52740000
0"
b100111110 )
#52745000
b10101100 +
1"
#52750000
0"
#52755000
b1011001 +
1"
#52760000
0"
1$
#52765000
b110 !
b110 ,
b10110010 +
1"
#52770000
0"
0$
#52775000
b1100101 +
1"
#52780000
0"
b100111111 )
#52785000
b11001011 +
1"
#52790000
0"
#52795000
b10010110 +
1"
#52800000
0"
1$
#52805000
b1 !
b1 ,
b101100 +
1"
#52810000
0"
0$
#52815000
b1011000 +
1"
#52820000
0"
b101000000 )
#52825000
b10110000 +
1"
#52830000
0"
#52835000
b1100001 +
1"
#52840000
0"
1$
#52845000
b10 !
b10 ,
b11000011 +
1"
#52850000
0"
0$
#52855000
b10000111 +
1"
#52860000
0"
b101000001 )
#52865000
b1111 +
1"
#52870000
0"
#52875000
b11111 +
1"
#52880000
0"
1$
#52885000
b111110 +
1"
#52890000
0"
0$
#52895000
b1111101 +
1"
#52900000
0"
b101000010 )
#52905000
b11111011 +
1"
#52910000
0"
#52915000
b11110110 +
1"
#52920000
0"
1$
#52925000
b1 !
b1 ,
b11101101 +
1"
#52930000
0"
0$
#52935000
b11011011 +
1"
#52940000
0"
b101000011 )
#52945000
b10110111 +
1"
#52950000
0"
#52955000
b1101111 +
1"
#52960000
0"
1$
#52965000
b100 !
b100 ,
b11011110 +
1"
#52970000
0"
0$
#52975000
b10111101 +
1"
#52980000
0"
b101000100 )
#52985000
b1111010 +
1"
#52990000
0"
#52995000
b11110101 +
1"
#53000000
0"
1$
#53005000
b110 !
b110 ,
b11101011 +
1"
#53010000
0"
0$
#53015000
b11010111 +
1"
#53020000
0"
b101000101 )
#53025000
b10101110 +
1"
#53030000
0"
#53035000
b1011101 +
1"
#53040000
0"
1$
#53045000
b100 !
b100 ,
b10111010 +
1"
#53050000
0"
0$
#53055000
b1110100 +
1"
#53060000
0"
b101000110 )
#53065000
b11101000 +
1"
#53070000
0"
#53075000
b11010001 +
1"
#53080000
0"
1$
#53085000
b110 !
b110 ,
b10100010 +
1"
#53090000
0"
0$
#53095000
b1000100 +
1"
#53100000
0"
b101000111 )
#53105000
b10001000 +
1"
#53110000
0"
#53115000
b10000 +
1"
#53120000
0"
1$
#53125000
b101 !
b101 ,
b100001 +
1"
#53130000
0"
0$
#53135000
b1000011 +
1"
#53140000
0"
b101001000 )
#53145000
b10000110 +
1"
#53150000
0"
#53155000
b1101 +
1"
#53160000
0"
1$
#53165000
b10 !
b10 ,
b11011 +
1"
#53170000
0"
0$
#53175000
b110110 +
1"
#53180000
0"
b101001001 )
#53185000
b1101100 +
1"
#53190000
0"
#53195000
b11011000 +
1"
#53200000
0"
1$
#53205000
b1 !
b1 ,
b10110001 +
1"
#53210000
0"
0$
#53215000
b1100011 +
1"
#53220000
0"
b101001010 )
#53225000
b11000111 +
1"
#53230000
0"
#53235000
b10001111 +
1"
#53240000
0"
1$
#53245000
b110 !
b110 ,
b11110 +
1"
#53250000
0"
0$
#53255000
b111100 +
1"
#53260000
0"
b101001011 )
#53265000
b1111001 +
1"
#53270000
0"
#53275000
b11110011 +
1"
#53280000
0"
1$
#53285000
b100 !
b100 ,
b11100111 +
1"
#53290000
0"
0$
#53295000
b11001110 +
1"
#53300000
0"
b101001100 )
#53305000
b10011100 +
1"
#53310000
0"
#53315000
b111001 +
1"
#53320000
0"
1$
#53325000
b1110011 +
1"
#53330000
0"
0$
#53335000
b11100110 +
1"
#53340000
0"
b101001101 )
#53345000
b11001100 +
1"
#53350000
0"
#53355000
b10011000 +
1"
#53360000
0"
1$
#53365000
b11 !
b11 ,
b110001 +
1"
#53370000
0"
0$
#53375000
b1100010 +
1"
#53380000
0"
b101001110 )
#53385000
b11000101 +
1"
#53390000
0"
#53395000
b10001011 +
1"
#53400000
0"
1$
#53405000
b10 !
b10 ,
b10110 +
1"
#53410000
0"
0$
#53415000
b101101 +
1"
#53420000
0"
b101001111 )
#53425000
b1011010 +
1"
#53430000
0"
#53435000
b10110100 +
1"
#53440000
0"
1$
#53445000
b1 !
b1 ,
b1101001 +
1"
#53450000
0"
0$
#53455000
b11010010 +
1"
#53460000
0"
b101010000 )
#53465000
b10100100 +
1"
#53470000
0"
#53475000
b1001000 +
1"
#53480000
0"
1$
#53485000
b10010001 +
1"
#53490000
0"
0$
#53495000
b100010 +
1"
#53500000
0"
b101010001 )
#53505000
b1000101 +
1"
#53510000
0"
#53515000
b10001010 +
1"
#53520000
0"
1$
#53525000
b10100 +
1"
#53530000
0"
0$
#53535000
b101001 +
1"
#53540000
0"
b101010010 )
#53545000
b1010010 +
1"
#53550000
0"
#53555000
b10100101 +
1"
#53560000
0"
1$
#53565000
b100 !
b100 ,
b1001010 +
1"
#53570000
0"
0$
#53575000
b10010101 +
1"
#53580000
0"
b101010011 )
#53585000
b101010 +
1"
#53590000
0"
#53595000
b1010100 +
1"
#53600000
0"
1$
#53605000
b1 !
b1 ,
b10101001 +
1"
#53610000
0"
0$
#53615000
b1010011 +
1"
#53620000
0"
b101010100 )
#53625000
b10100111 +
1"
#53630000
0"
#53635000
b1001110 +
1"
#53640000
0"
1$
#53645000
b10011101 +
1"
#53650000
0"
0$
#53655000
b111011 +
1"
#53660000
0"
b101010101 )
#53665000
b1110111 +
1"
#53670000
0"
#53675000
b11101110 +
1"
#53680000
0"
1$
#53685000
b101 !
b101 ,
b11011101 +
1"
#53690000
0"
0$
#53695000
b10111011 +
1"
#53700000
0"
b101010110 )
#53705000
b1110110 +
1"
#53710000
0"
#53715000
b11101100 +
1"
#53720000
0"
1$
#53725000
b11 !
b11 ,
b11011001 +
1"
#53730000
0"
0$
#53735000
b10110011 +
1"
#53740000
0"
b101010111 )
#53745000
b1100111 +
1"
#53750000
0"
#53755000
b11001111 +
1"
#53760000
0"
1$
#53765000
b100 !
b100 ,
b10011110 +
1"
#53770000
0"
0$
#53775000
b111101 +
1"
#53780000
0"
b101011000 )
#53785000
b1111011 +
1"
#53790000
0"
#53795000
b11110111 +
1"
#53800000
0"
1$
#53805000
b10 !
b10 ,
b11101111 +
1"
#53810000
0"
0$
#53815000
b11011111 +
1"
#53820000
0"
b101011001 )
#53825000
b10111111 +
1"
#53830000
0"
#53835000
b1111110 +
1"
#53840000
0"
1$
#53845000
b1 !
b1 ,
b11111101 +
1"
#53850000
0"
0$
#53855000
b11111010 +
1"
#53860000
0"
b101011010 )
#53865000
b11110100 +
1"
#53870000
0"
#53875000
b11101001 +
1"
#53880000
0"
1$
#53885000
b110 !
b110 ,
b11010011 +
1"
#53890000
0"
0$
#53895000
b10100110 +
1"
#53900000
0"
b101011011 )
#53905000
b1001100 +
1"
#53910000
0"
#53915000
b10011001 +
1"
#53920000
0"
1$
#53925000
b100 !
b100 ,
b110011 +
1"
#53930000
0"
0$
#53935000
b1100110 +
1"
#53940000
0"
b101011100 )
#53945000
b11001101 +
1"
#53950000
0"
#53955000
b10011010 +
1"
#53960000
0"
1$
#53965000
b101 !
b101 ,
b110101 +
1"
#53970000
0"
0$
#53975000
b1101010 +
1"
#53980000
0"
b101011101 )
#53985000
b11010100 +
1"
#53990000
0"
#53995000
b10101000 +
1"
#54000000
0"
1$
#54005000
b1 !
b1 ,
b1010001 +
1"
#54010000
0"
0$
#54015000
b10100011 +
1"
#54020000
0"
b101011110 )
#54025000
b1000110 +
1"
#54030000
0"
#54035000
b10001100 +
1"
#54040000
0"
1$
#54045000
b11 !
b11 ,
b11000 +
1"
#54050000
0"
0$
#54055000
b110000 +
1"
#54060000
0"
b101011111 )
#54065000
b1100000 +
1"
#54070000
0"
#54075000
b11000001 +
1"
#54080000
0"
1$
#54085000
b10 !
b10 ,
b10000011 +
1"
#54090000
0"
0$
#54095000
b111 +
1"
#54100000
0"
b101100000 )
#54105000
b1110 +
1"
#54110000
0"
#54115000
b11101 +
1"
#54120000
0"
1$
#54125000
b110 !
b110 ,
b111010 +
1"
#54130000
0"
0$
#54135000
b1110101 +
1"
#54140000
0"
b101100001 )
#54145000
b11101010 +
1"
#54150000
0"
#54155000
b11010101 +
1"
#54160000
0"
1$
#54165000
b100 !
b100 ,
b10101010 +
1"
#54170000
0"
0$
#54175000
b1010101 +
1"
#54180000
0"
b101100010 )
#54185000
b10101011 +
1"
#54190000
0"
#54195000
b1010111 +
1"
#54200000
0"
1$
#54205000
b10101111 +
1"
#54210000
0"
0$
#54215000
b1011111 +
1"
#54220000
0"
b101100011 )
#54225000
b10111110 +
1"
#54230000
0"
#54235000
b1111100 +
1"
#54240000
0"
1$
#54245000
b101 !
b101 ,
b11111001 +
1"
#54250000
0"
0$
#54255000
b11110010 +
1"
#54260000
0"
b101100100 )
#54265000
b11100101 +
1"
#54270000
0"
#54275000
b11001010 +
1"
#54280000
0"
1$
#54285000
b10010100 +
1"
#54290000
0"
0$
#54295000
b101000 +
1"
#54300000
0"
b101100101 )
#54305000
b1010000 +
1"
#54310000
0"
#54315000
b10100001 +
1"
#54320000
0"
1$
#54325000
b110 !
b110 ,
b1000010 +
1"
#54330000
0"
0$
#54335000
b10000100 +
1"
#54340000
0"
b101100110 )
#54345000
b1001 +
1"
#54350000
0"
#54355000
b10011 +
1"
#54360000
0"
1$
#54365000
b10 !
b10 ,
b100111 +
1"
#54370000
0"
0$
#54375000
b1001111 +
1"
#54380000
0"
b101100111 )
#54385000
b10011111 +
1"
#54390000
0"
#54395000
b111111 +
1"
#54400000
0"
1$
#54405000
b100 !
b100 ,
b1111111 +
1"
#54410000
0"
0$
#54415000
b11111111 +
1"
#54420000
0"
b101101000 )
#54425000
b11111110 +
1"
#54430000
0"
#54435000
b11111100 +
1"
#54440000
0"
1$
#54445000
b1 !
b1 ,
b11111000 +
1"
#54450000
0"
0$
#54455000
b11110000 +
1"
#54460000
0"
b101101001 )
#54465000
b11100001 +
1"
#54470000
0"
#54475000
b11000010 +
1"
#54480000
0"
1$
#54485000
b11 !
b11 ,
b10000101 +
1"
#54490000
0"
0$
#54495000
b1011 +
1"
#54500000
0"
b101101010 )
#54505000
b10111 +
1"
#54510000
0"
#54515000
b101111 +
1"
#54520000
0"
1$
#54525000
b110 !
b110 ,
b1011110 +
1"
#54530000
0"
0$
#54535000
b10111100 +
1"
#54540000
0"
b101101011 )
#54545000
b1111000 +
1"
#54550000
0"
#54555000
b11110001 +
1"
#54560000
0"
1$
#54565000
b10 !
b10 ,
b11100011 +
1"
#54570000
0"
0$
#54575000
b11000110 +
1"
#54580000
0"
b101101100 )
#54585000
b10001101 +
1"
#54590000
0"
#54595000
b11010 +
1"
#54600000
0"
1$
#54605000
b11 !
b11 ,
b110100 +
1"
#54610000
0"
0$
#54615000
b1101000 +
1"
#54620000
0"
b101101101 )
#54625000
b11010000 +
1"
#54630000
0"
#54635000
b10100000 +
1"
#54640000
0"
1$
#54645000
b101 !
b101 ,
b1000000 +
1"
#54650000
0"
0$
#54655000
b10000000 +
1"
#54660000
0"
b101101110 )
#54665000
b1 +
1"
#54670000
0"
#54675000
b10 +
1"
#54680000
0"
1$
#54685000
b11 !
b11 ,
b100 +
1"
#54690000
0"
0$
#54695000
b1000 +
1"
#54700000
0"
b101101111 )
#54705000
b10001 +
1"
#54710000
0"
#54715000
b100011 +
1"
#54720000
0"
1$
#54725000
b110 !
b110 ,
b1000111 +
1"
#54730000
0"
0$
#54735000
b10001110 +
1"
#54740000
0"
b101110000 )
#54745000
b11100 +
1"
#54750000
0"
#54755000
b111000 +
1"
#54760000
0"
1$
#54765000
b11 !
b11 ,
b1110001 +
1"
#54770000
0"
0$
#54775000
b11100010 +
1"
#54780000
0"
b101110001 )
#54785000
b11000100 +
1"
#54790000
0"
#54795000
b10001001 +
1"
#54800000
0"
1$
#54805000
b110 !
b110 ,
b10010 +
1"
#54810000
0"
0$
#54815000
b100101 +
1"
#54820000
0"
b101110010 )
#54825000
b1001011 +
1"
#54830000
0"
#54835000
b10010111 +
1"
#54840000
0"
1$
#54845000
b10 !
b10 ,
b101110 +
1"
#54850000
0"
0$
#54855000
b1011100 +
1"
#54860000
0"
b101110011 )
#54865000
b10111000 +
1"
#54870000
0"
#54875000
b1110000 +
1"
#54880000
0"
1$
#54885000
b101 !
b101 ,
b11100000 +
1"
#54890000
0"
0$
#54895000
b11000000 +
1"
#54900000
0"
b101110100 )
#54905000
b10000001 +
1"
#54910000
0"
#54915000
b11 +
1"
#54920000
0"
1$
#54925000
b100 !
b100 ,
b110 +
1"
#54930000
0"
0$
#54935000
b1100 +
1"
#54940000
0"
b101110101 )
#54945000
b11001 +
1"
#54950000
0"
#54955000
b110010 +
1"
#54960000
0"
1$
#54965000
b11 !
b11 ,
b1100100 +
1"
#54970000
0"
0$
#54975000
b11001001 +
1"
#54980000
0"
b101110110 )
#54985000
b10010010 +
1"
#54990000
0"
#54995000
b100100 +
1"
#55000000
0"
1$
#55005000
b1 !
b1 ,
b1001001 +
1"
#55010000
0"
0$
#55015000
b10010011 +
1"
#55020000
0"
b101110111 )
#55025000
b100110 +
1"
#55030000
0"
#55035000
b1001101 +
1"
#55040000
0"
1$
#55045000
b110 !
b110 ,
b10011011 +
1"
#55050000
0"
0$
#55055000
b110111 +
1"
#55060000
0"
b101111000 )
#55065000
b1101110 +
1"
#55070000
0"
#55075000
b11011100 +
1"
#55080000
0"
1$
#55085000
b101 !
b101 ,
b10111001 +
1"
#55090000
0"
0$
#55095000
b1110010 +
1"
#55100000
0"
b101111001 )
#55105000
b11100100 +
1"
#55110000
0"
#55115000
b11001000 +
1"
#55120000
0"
1$
#55125000
b11 !
b11 ,
b10010000 +
1"
#55130000
0"
0$
#55135000
b100000 +
1"
#55140000
0"
b101111010 )
#55145000
b1000001 +
1"
#55150000
0"
#55155000
b10000010 +
1"
#55160000
0"
1$
#55165000
b101 !
b101 ,
b101 +
1"
#55170000
0"
0$
#55175000
b1010 +
1"
#55180000
0"
b101111011 )
#55185000
b10101 +
1"
#55190000
0"
#55195000
b101011 +
1"
#55200000
0"
1$
#55205000
b10 !
b10 ,
b1010110 +
1"
#55210000
0"
0$
#55215000
b10101101 +
1"
#55220000
0"
b101111100 )
#55225000
b1011011 +
1"
#55230000
0"
#55235000
b10110110 +
1"
#55240000
0"
1$
#55245000
b11 !
b11 ,
b1101101 +
1"
#55250000
0"
0$
#55255000
b11011010 +
1"
#55260000
0"
b101111101 )
#55265000
b10110101 +
1"
#55270000
0"
#55275000
b1101011 +
1"
#55280000
0"
1$
#55285000
b110 !
b110 ,
b11010110 +
1"
#55290000
0"
0$
#55295000
b10101100 +
1"
#55300000
0"
b101111110 )
#55305000
b1011001 +
1"
#55310000
0"
#55315000
b10110010 +
1"
#55320000
0"
1$
#55325000
b101 !
b101 ,
b1100101 +
1"
#55330000
0"
0$
#55335000
b11001011 +
1"
#55340000
0"
b101111111 )
#55345000
b10010110 +
1"
#55350000
0"
#55355000
b101100 +
1"
#55360000
0"
1$
#55365000
b11 !
b11 ,
b1011000 +
1"
#55370000
0"
0$
#55375000
b10110000 +
1"
#55380000
0"
b110000000 )
#55385000
b1100001 +
1"
#55390000
0"
#55395000
b11000011 +
1"
#55400000
0"
1$
#55405000
b100 !
b100 ,
b10000111 +
1"
#55410000
0"
0$
#55415000
b1111 +
1"
#55420000
0"
b110000001 )
#55425000
b11111 +
1"
#55430000
0"
#55435000
b111110 +
1"
#55440000
0"
1$
#55445000
b11 !
b11 ,
b1111101 +
1"
#55450000
0"
0$
#55455000
b11111011 +
1"
#55460000
0"
b110000010 )
#55465000
b11110110 +
1"
#55470000
0"
#55475000
b11101101 +
1"
#55480000
0"
1$
#55485000
b100 !
b100 ,
b11011011 +
1"
#55490000
0"
0$
#55495000
b10110111 +
1"
#55500000
0"
b110000011 )
#55505000
b1101111 +
1"
#55510000
0"
#55515000
b11011110 +
1"
#55520000
0"
1$
#55525000
b1 !
b1 ,
b10111101 +
1"
#55530000
0"
0$
#55535000
b1111010 +
1"
#55540000
0"
b110000100 )
#55545000
b11110101 +
1"
#55550000
0"
#55555000
b11101011 +
1"
#55560000
0"
1$
#55565000
b10 !
b10 ,
b11010111 +
1"
#55570000
0"
0$
#55575000
b10101110 +
1"
#55580000
0"
b110000101 )
#55585000
b1011101 +
1"
#55590000
0"
#55595000
b10111010 +
1"
#55600000
0"
1$
#55605000
b1 !
b1 ,
b1110100 +
1"
#55610000
0"
0$
#55615000
b11101000 +
1"
#55620000
0"
b110000110 )
#55625000
b11010001 +
1"
#55630000
0"
#55635000
b10100010 +
1"
#55640000
0"
1$
#55645000
b1000100 +
1"
#55650000
0"
0$
#55655000
b10001000 +
1"
#55660000
0"
b110000111 )
#55665000
b10000 +
1"
#55670000
0"
#55675000
b100001 +
1"
#55680000
0"
1$
#55685000
b100 !
b100 ,
b1000011 +
1"
#55690000
0"
0$
#55695000
b10000110 +
1"
#55700000
0"
b110001000 )
#55705000
b1101 +
1"
#55710000
0"
#55715000
b11011 +
1"
#55720000
0"
1$
#55725000
b110110 +
1"
#55730000
0"
0$
#55735000
b1101100 +
1"
#55740000
0"
b110001001 )
#55745000
b11011000 +
1"
#55750000
0"
#55755000
b10110001 +
1"
#55760000
0"
1$
#55765000
b1100011 +
1"
#55770000
0"
0$
#55775000
b11000111 +
1"
#55780000
0"
b110001010 )
#55785000
b10001111 +
1"
#55790000
0"
#55795000
b11110 +
1"
#55800000
0"
1$
#55805000
b1 !
b1 ,
b111100 +
1"
#55810000
0"
0$
#55815000
b1111001 +
1"
#55820000
0"
b110001011 )
#55825000
b11110011 +
1"
#55830000
0"
#55835000
b11100111 +
1"
#55840000
0"
1$
#55845000
b100 !
b100 ,
b11001110 +
1"
#55850000
0"
0$
#55855000
b10011100 +
1"
#55860000
0"
b110001100 )
#55865000
b111001 +
1"
#55870000
0"
#55875000
b1110011 +
1"
#55880000
0"
1$
#55885000
b10 !
b10 ,
b11100110 +
1"
#55890000
0"
0$
#55895000
b11001100 +
1"
#55900000
0"
b110001101 )
#55905000
b10011000 +
1"
#55910000
0"
#55915000
b110001 +
1"
#55920000
0"
1$
#55925000
b1100010 +
1"
#55930000
0"
0$
#55935000
b11000101 +
1"
#55940000
0"
b110001110 )
#55945000
b10001011 +
1"
#55950000
0"
#55955000
b10110 +
1"
#55960000
0"
1$
#55965000
b101 !
b101 ,
b101101 +
1"
#55970000
0"
0$
#55975000
b1011010 +
1"
#55980000
0"
b110001111 )
#55985000
b10110100 +
1"
#55990000
0"
#55995000
b1101001 +
1"
#56000000
0"
1$
#56005000
b100 !
b100 ,
b11010010 +
1"
#56010000
0"
0$
#56015000
b10100100 +
1"
#56020000
0"
b110010000 )
#56025000
b1001000 +
1"
#56030000
0"
#56035000
b10010001 +
1"
#56040000
0"
1$
#56045000
b10 !
b10 ,
b100010 +
1"
#56050000
0"
0$
#56055000
b1000101 +
1"
#56060000
0"
b110010001 )
#56065000
b10001010 +
1"
#56070000
0"
#56075000
b10100 +
1"
#56080000
0"
1$
#56085000
b11 !
b11 ,
b101001 +
1"
#56090000
0"
0$
#56095000
b1010010 +
1"
#56100000
0"
b110010010 )
#56105000
b10100101 +
1"
#56110000
0"
#56115000
b1001010 +
1"
#56120000
0"
1$
#56125000
b10010101 +
1"
#56130000
0"
0$
#56135000
b101010 +
1"
#56140000
0"
b110010011 )
#56145000
b1010100 +
1"
#56150000
0"
#56155000
b10101001 +
1"
#56160000
0"
1$
#56165000
b10 !
b10 ,
b1010011 +
1"
#56170000
0"
0$
#56175000
b10100111 +
1"
#56180000
0"
b110010100 )
#56185000
b1001110 +
1"
#56190000
0"
#56195000
b10011101 +
1"
#56200000
0"
1$
#56205000
b111011 +
1"
#56210000
0"
0$
#56215000
b1110111 +
1"
#56220000
0"
b110010101 )
#56225000
b11101110 +
1"
#56230000
0"
#56235000
b11011101 +
1"
#56240000
0"
1$
#56245000
b110 !
b110 ,
b10111011 +
1"
#56250000
0"
0$
#56255000
b1110110 +
1"
#56260000
0"
b110010110 )
#56265000
b11101100 +
1"
#56270000
0"
#56275000
b11011001 +
1"
#56280000
0"
1$
#56285000
b10 !
b10 ,
b10110011 +
1"
#56290000
0"
0$
#56295000
b1100111 +
1"
#56300000
0"
b110010111 )
#56305000
b11001111 +
1"
#56310000
0"
#56315000
b10011110 +
1"
#56320000
0"
1$
#56325000
b11 !
b11 ,
b111101 +
1"
#56330000
0"
0$
#56335000
b1111011 +
1"
#56340000
0"
b110011000 )
#56345000
b11110111 +
1"
#56350000
0"
#56355000
b11101111 +
1"
#56360000
0"
1$
#56365000
b110 !
b110 ,
b11011111 +
1"
#56370000
0"
0$
#56375000
b10111111 +
1"
#56380000
0"
b110011001 )
#56385000
b1111110 +
1"
#56390000
0"
#56395000
b11111101 +
1"
#56400000
0"
1$
#56405000
b10 !
b10 ,
b11111010 +
1"
#56410000
0"
0$
#56415000
b11110100 +
1"
#56420000
0"
b110011010 )
#56425000
b11101001 +
1"
#56430000
0"
#56435000
b11010011 +
1"
#56440000
0"
1$
#56445000
b10100110 +
1"
#56450000
0"
0$
#56455000
b1001100 +
1"
#56460000
0"
b110011011 )
#56465000
b10011001 +
1"
#56470000
0"
#56475000
b110011 +
1"
#56480000
0"
1$
#56485000
b100 !
b100 ,
b1100110 +
1"
#56490000
0"
0$
#56495000
b11001101 +
1"
#56500000
0"
b110011100 )
#56505000
b10011010 +
1"
#56510000
0"
#56515000
b110101 +
1"
#56520000
0"
1$
#56525000
b110 !
b110 ,
b1101010 +
1"
#56530000
0"
0$
#56535000
b11010100 +
1"
#56540000
0"
b110011101 )
#56545000
b10101000 +
1"
#56550000
0"
#56555000
b1010001 +
1"
#56560000
0"
1$
#56565000
b100 !
b100 ,
b10100011 +
1"
#56570000
0"
0$
#56575000
b1000110 +
1"
#56580000
0"
b110011110 )
#56585000
b10001100 +
1"
#56590000
0"
#56595000
b11000 +
1"
#56600000
0"
1$
#56605000
b1 !
b1 ,
b110000 +
1"
#56610000
0"
0$
#56615000
b1100000 +
1"
#56620000
0"
b110011111 )
#56625000
b11000001 +
1"
#56630000
0"
#56635000
b10000011 +
1"
#56640000
0"
1$
#56645000
b110 !
b110 ,
b111 +
1"
#56650000
0"
0$
#56655000
b1110 +
1"
#56660000
0"
b110100000 )
#56665000
b11101 +
1"
#56670000
0"
#56675000
b111010 +
1"
#56680000
0"
1$
#56685000
b101 !
b101 ,
b1110101 +
1"
#56690000
0"
0$
#56695000
b11101010 +
1"
#56700000
0"
b110100001 )
#56705000
b11010101 +
1"
#56710000
0"
#56715000
b10101010 +
1"
#56720000
0"
1$
#56725000
b11 !
b11 ,
b1010101 +
1"
#56730000
0"
0$
#56735000
b10101011 +
1"
#56740000
0"
b110100010 )
#56745000
b1010111 +
1"
#56750000
0"
#56755000
b10101111 +
1"
#56760000
0"
1$
#56765000
b10 !
b10 ,
b1011111 +
1"
#56770000
0"
0$
#56775000
b10111110 +
1"
#56780000
0"
b110100011 )
#56785000
b1111100 +
1"
#56790000
0"
#56795000
b11111001 +
1"
#56800000
0"
1$
#56805000
b100 !
b100 ,
b11110010 +
1"
#56810000
0"
0$
#56815000
b11100101 +
1"
#56820000
0"
b110100100 )
#56825000
b11001010 +
1"
#56830000
0"
#56835000
b10010100 +
1"
#56840000
0"
1$
#56845000
b101 !
b101 ,
b101000 +
1"
#56850000
0"
0$
#56855000
b1010000 +
1"
#56860000
0"
b110100101 )
#56865000
b10100001 +
1"
#56870000
0"
#56875000
b1000010 +
1"
#56880000
0"
1$
#56885000
b1 !
b1 ,
b10000100 +
1"
#56890000
0"
0$
#56895000
b1001 +
1"
#56900000
0"
b110100110 )
#56905000
b10011 +
1"
#56910000
0"
#56915000
b100111 +
1"
#56920000
0"
1$
#56925000
b100 !
b100 ,
b1001111 +
1"
#56930000
0"
0$
#56935000
b10011111 +
1"
#56940000
0"
b110100111 )
#56945000
b111111 +
1"
#56950000
0"
#56955000
b1111111 +
1"
#56960000
0"
1$
#56965000
b10 !
b10 ,
b11111111 +
1"
#56970000
0"
0$
#56975000
b11111110 +
1"
#56980000
0"
b110101000 )
#56985000
b11111100 +
1"
#56990000
0"
#56995000
b11111000 +
1"
#57000000
0"
1$
#57005000
b11 !
b11 ,
b11110000 +
1"
#57010000
0"
0$
#57015000
b11100001 +
1"
#57020000
0"
b110101001 )
#57025000
b11000010 +
1"
#57030000
0"
#57035000
b10000101 +
1"
#57040000
0"
1$
#57045000
b10 !
b10 ,
b1011 +
1"
#57050000
0"
0$
#57055000
b10111 +
1"
#57060000
0"
b110101010 )
#57065000
b101111 +
1"
#57070000
0"
#57075000
b1011110 +
1"
#57080000
0"
1$
#57085000
b101 !
b101 ,
b10111100 +
1"
#57090000
0"
0$
#57095000
b1111000 +
1"
#57100000
0"
b110101011 )
#57105000
b11110001 +
1"
#57110000
0"
#57115000
b11100011 +
1"
#57120000
0"
1$
#57125000
b110 !
b110 ,
b11000110 +
1"
#57130000
0"
0$
#57135000
b10001101 +
1"
#57140000
0"
b110101100 )
#57145000
b11010 +
1"
#57150000
0"
#57155000
b110100 +
1"
#57160000
0"
1$
#57165000
b101 !
b101 ,
b1101000 +
1"
#57170000
0"
0$
#57175000
b11010000 +
1"
#57180000
0"
b110101101 )
#57185000
b10100000 +
1"
#57190000
0"
#57195000
b1000000 +
1"
#57200000
0"
1$
#57205000
b10000000 +
1"
#57210000
0"
0$
#57215000
b1 +
1"
#57220000
0"
b110101110 )
#57225000
b10 +
1"
#57230000
0"
#57235000
b100 +
1"
#57240000
0"
1$
#57245000
b1000 +
1"
#57250000
0"
0$
#57255000
b10001 +
1"
#57260000
0"
b110101111 )
#57265000
b100011 +
1"
#57270000
0"
#57275000
b1000111 +
1"
#57280000
0"
1$
#57285000
b110 !
b110 ,
b10001110 +
1"
#57290000
0"
0$
#57295000
b11100 +
1"
#57300000
0"
b110110000 )
#57305000
b111000 +
1"
#57310000
0"
#57315000
b1110001 +
1"
#57320000
0"
1$
#57325000
b11100010 +
1"
#57330000
0"
0$
#57335000
b11000100 +
1"
#57340000
0"
b110110001 )
#57345000
b10001001 +
1"
#57350000
0"
#57355000
b10010 +
1"
#57360000
0"
1$
#57365000
b1 !
b1 ,
b100101 +
1"
#57370000
0"
0$
#57375000
b1001011 +
1"
#57380000
0"
b110110010 )
#57385000
b10010111 +
1"
#57390000
0"
#57395000
b101110 +
1"
#57400000
0"
1$
#57405000
b101 !
b101 ,
b1011100 +
1"
#57410000
0"
0$
#57415000
b10111000 +
1"
#57420000
0"
b110110011 )
#57425000
b1110000 +
1"
#57430000
0"
#57435000
b11100000 +
1"
#57440000
0"
1$
#57445000
b11 !
b11 ,
b11000000 +
1"
#57450000
0"
0$
#57455000
b10000001 +
1"
#57460000
0"
b110110100 )
#57465000
b11 +
1"
#57470000
0"
#57475000
b110 +
1"
#57480000
0"
1$
#57485000
b1 !
b1 ,
b1100 +
1"
#57490000
0"
0$
#57495000
b11001 +
1"
#57500000
0"
b110110101 )
#57505000
b110010 +
1"
#57510000
0"
#57515000
b1100100 +
1"
#57520000
0"
1$
#57525000
b101 !
b101 ,
b11001001 +
1"
#57530000
0"
0$
#57535000
b10010010 +
1"
#57540000
0"
b110110110 )
#57545000
b100100 +
1"
#57550000
0"
#57555000
b1001001 +
1"
#57560000
0"
1$
#57565000
b10 !
b10 ,
b10010011 +
1"
#57570000
0"
0$
#57575000
b100110 +
1"
#57580000
0"
b110110111 )
#57585000
b1001101 +
1"
#57590000
0"
#57595000
b10011011 +
1"
#57600000
0"
1$
#57605000
b110 !
b110 ,
b110111 +
1"
#57610000
0"
0$
#57615000
b1101110 +
1"
#57620000
0"
b110111000 )
#57625000
b11011100 +
1"
#57630000
0"
#57635000
b10111001 +
1"
#57640000
0"
1$
#57645000
b1110010 +
1"
#57650000
0"
0$
#57655000
b11100100 +
1"
#57660000
0"
b110111001 )
#57665000
b11001000 +
1"
#57670000
0"
#57675000
b10010000 +
1"
#57680000
0"
1$
#57685000
b1 !
b1 ,
b100000 +
1"
#57690000
0"
0$
#57695000
b1000001 +
1"
#57700000
0"
b110111010 )
#57705000
b10000010 +
1"
#57710000
0"
#57715000
b101 +
1"
#57720000
0"
1$
#57725000
b110 !
b110 ,
b1010 +
1"
#57730000
0"
0$
#57735000
b10101 +
1"
#57740000
0"
b110111011 )
#57745000
b101011 +
1"
#57750000
0"
#57755000
b1010110 +
1"
#57760000
0"
1$
#57765000
b11 !
b11 ,
b10101101 +
1"
#57770000
0"
0$
#57775000
b1011011 +
1"
#57780000
0"
b110111100 )
#57785000
b10110110 +
1"
#57790000
0"
#57795000
b1101101 +
1"
#57800000
0"
1$
#57805000
b10 !
b10 ,
b11011010 +
1"
#57810000
0"
0$
#57815000
b10110101 +
1"
#57820000
0"
b110111101 )
#57825000
b1101011 +
1"
#57830000
0"
#57835000
b11010110 +
1"
#57840000
0"
1$
#57845000
b101 !
b101 ,
b10101100 +
1"
#57850000
0"
0$
#57855000
b1011001 +
1"
#57860000
0"
b110111110 )
#57865000
b10110010 +
1"
#57870000
0"
#57875000
b1100101 +
1"
#57880000
0"
1$
#57885000
b110 !
b110 ,
b11001011 +
1"
#57890000
0"
0$
#57895000
b10010110 +
1"
#57900000
0"
b110111111 )
#57905000
b101100 +
1"
#57910000
0"
#57915000
b1011000 +
1"
#57920000
0"
1$
#57925000
b101 !
b101 ,
b10110000 +
1"
#57930000
0"
0$
#57935000
b1100001 +
1"
#57940000
0"
b111000000 )
#57945000
b11000011 +
1"
#57950000
0"
#57955000
b10000111 +
1"
#57960000
0"
1$
#57965000
b100 !
b100 ,
b1111 +
1"
#57970000
0"
0$
#57975000
b11111 +
1"
#57980000
0"
b111000001 )
#57985000
b111110 +
1"
#57990000
0"
#57995000
b1111101 +
1"
#58000000
0"
1$
#58005000
b110 !
b110 ,
b11111011 +
1"
#58010000
0"
0$
#58015000
b11110110 +
1"
#58020000
0"
b111000010 )
#58025000
b11101101 +
1"
#58030000
0"
#58035000
b11011011 +
1"
#58040000
0"
1$
#58045000
b100 !
b100 ,
b10110111 +
1"
#58050000
0"
0$
#58055000
b1101111 +
1"
#58060000
0"
b111000011 )
#58065000
b11011110 +
1"
#58070000
0"
#58075000
b10111101 +
1"
#58080000
0"
1$
#58085000
b1111010 +
1"
#58090000
0"
0$
#58095000
b11110101 +
1"
#58100000
0"
b111000100 )
#58105000
b11101011 +
1"
#58110000
0"
#58115000
b11010111 +
1"
#58120000
0"
1$
#58125000
b110 !
b110 ,
b10101110 +
1"
#58130000
0"
0$
#58135000
b1011101 +
1"
#58140000
0"
b111000101 )
#58145000
b10111010 +
1"
#58150000
0"
#58155000
b1110100 +
1"
#58160000
0"
1$
#58165000
b11 !
b11 ,
b11101000 +
1"
#58170000
0"
0$
#58175000
b11010001 +
1"
#58180000
0"
b111000110 )
#58185000
b10100010 +
1"
#58190000
0"
#58195000
b1000100 +
1"
#58200000
0"
1$
#58205000
b10001000 +
1"
#58210000
0"
0$
#58215000
b10000 +
1"
#58220000
0"
b111000111 )
#58225000
b100001 +
1"
#58230000
0"
#58235000
b1000011 +
1"
#58240000
0"
1$
#58245000
b10 !
b10 ,
b10000110 +
1"
#58250000
0"
0$
#58255000
b1101 +
1"
#58260000
0"
b111001000 )
#58265000
b11011 +
1"
#58270000
0"
#58275000
b110110 +
1"
#58280000
0"
1$
#58285000
b1 !
b1 ,
b1101100 +
1"
#58290000
0"
0$
#58295000
b11011000 +
1"
#58300000
0"
b111001001 )
#58305000
b10110001 +
1"
#58310000
0"
#58315000
b1100011 +
1"
#58320000
0"
1$
#58325000
b100 !
b100 ,
b11000111 +
1"
#58330000
0"
0$
#58335000
b10001111 +
1"
#58340000
0"
b111001010 )
#58345000
b11110 +
1"
#58350000
0"
#58355000
b111100 +
1"
#58360000
0"
1$
#58365000
b1 !
b1 ,
b1111001 +
1"
#58370000
0"
0$
#58375000
b11110011 +
1"
#58380000
0"
b111001011 )
#58385000
b11100111 +
1"
#58390000
0"
#58395000
b11001110 +
1"
#58400000
0"
1$
#58405000
b11 !
b11 ,
b10011100 +
1"
#58410000
0"
0$
#58415000
b111001 +
1"
#58420000
0"
b111001100 )
#58425000
b1110011 +
1"
#58430000
0"
#58435000
b11100110 +
1"
#58440000
0"
1$
#58445000
b11001100 +
1"
#58450000
0"
0$
#58455000
b10011000 +
1"
#58460000
0"
b111001101 )
#58465000
b110001 +
1"
#58470000
0"
#58475000
b1100010 +
1"
#58480000
0"
1$
#58485000
b11000101 +
1"
#58490000
0"
0$
#58495000
b10001011 +
1"
#58500000
0"
b111001110 )
#58505000
b10110 +
1"
#58510000
0"
#58515000
b101101 +
1"
#58520000
0"
1$
#58525000
b100 !
b100 ,
b1011010 +
1"
#58530000
0"
0$
#58535000
b10110100 +
1"
#58540000
0"
b111001111 )
#58545000
b1101001 +
1"
#58550000
0"
#58555000
b11010010 +
1"
#58560000
0"
1$
#58565000
b1 !
b1 ,
b10100100 +
1"
#58570000
0"
0$
#58575000
b1001000 +
1"
#58580000
0"
b111010000 )
#58585000
b10010001 +
1"
#58590000
0"
#58595000
b100010 +
1"
#58600000
0"
1$
#58605000
b101 !
b101 ,
b1000101 +
1"
#58610000
0"
0$
#58615000
b10001010 +
1"
#58620000
0"
b111010001 )
#58625000
b10100 +
1"
#58630000
0"
#58635000
b101001 +
1"
#58640000
0"
1$
#58645000
b110 !
b110 ,
b1010010 +
1"
#58650000
0"
0$
#58655000
b10100101 +
1"
#58660000
0"
b111010010 )
#58665000
b1001010 +
1"
#58670000
0"
#58675000
b10010101 +
1"
#58680000
0"
1$
#58685000
b101010 +
1"
#58690000
0"
0$
#58695000
b1010100 +
1"
#58700000
0"
b111010011 )
#58705000
b10101001 +
1"
#58710000
0"
#58715000
b1010011 +
1"
#58720000
0"
1$
#58725000
b10100111 +
1"
#58730000
0"
0$
#58735000
b1001110 +
1"
#58740000
0"
b111010100 )
#58745000
b10011101 +
1"
#58750000
0"
#58755000
b111011 +
1"
#58760000
0"
1$
#58765000
b1110111 +
1"
#58770000
0"
0$
#58775000
b11101110 +
1"
#58780000
0"
b111010101 )
#58785000
b11011101 +
1"
#58790000
0"
#58795000
b10111011 +
1"
#58800000
0"
1$
#58805000
b10 !
b10 ,
b1110110 +
1"
#58810000
0"
0$
#58815000
b11101100 +
1"
#58820000
0"
b111010110 )
#58825000
b11011001 +
1"
#58830000
0"
#58835000
b10110011 +
1"
#58840000
0"
1$
#58845000
b110 !
b110 ,
b1100111 +
1"
#58850000
0"
0$
#58855000
b11001111 +
1"
#58860000
0"
b111010111 )
#58865000
b10011110 +
1"
#58870000
0"
#58875000
b111101 +
1"
#58880000
0"
1$
#58885000
b10 !
b10 ,
b1111011 +
1"
#58890000
0"
0$
#58895000
b11110111 +
1"
#58900000
0"
b111011000 )
#58905000
b11101111 +
1"
#58910000
0"
#58915000
b11011111 +
1"
#58920000
0"
1$
#58925000
b10111111 +
1"
#58930000
0"
0$
#58935000
b1111110 +
1"
#58940000
0"
b111011001 )
#58945000
b11111101 +
1"
#58950000
0"
#58955000
b11111010 +
1"
#58960000
0"
1$
#58965000
b101 !
b101 ,
b11110100 +
1"
#58970000
0"
0$
#58975000
b11101001 +
1"
#58980000
0"
b111011010 )
#58985000
b11010011 +
1"
#58990000
0"
#58995000
b10100110 +
1"
#59000000
0"
1$
#59005000
b1001100 +
1"
#59010000
0"
0$
#59015000
b10011001 +
1"
#59020000
0"
b111011011 )
#59025000
b110011 +
1"
#59030000
0"
#59035000
b1100110 +
1"
#59040000
0"
1$
#59045000
b1 !
b1 ,
b11001101 +
1"
#59050000
0"
0$
#59055000
b10011010 +
1"
#59060000
0"
b111011100 )
#59065000
b110101 +
1"
#59070000
0"
#59075000
b1101010 +
1"
#59080000
0"
1$
#59085000
b101 !
b101 ,
b11010100 +
1"
#59090000
0"
0$
#59095000
b10101000 +
1"
#59100000
0"
b111011101 )
#59105000
b1010001 +
1"
#59110000
0"
#59115000
b10100011 +
1"
#59120000
0"
1$
#59125000
b10 !
b10 ,
b1000110 +
1"
#59130000
0"
0$
#59135000
b10001100 +
1"
#59140000
0"
b111011110 )
#59145000
b11000 +
1"
#59150000
0"
#59155000
b110000 +
1"
#59160000
0"
1$
#59165000
b1 !
b1 ,
b1100000 +
1"
#59170000
0"
0$
#59175000
b11000001 +
1"
#59180000
0"
b111011111 )
#59185000
b10000011 +
1"
#59190000
0"
#59195000
b111 +
1"
#59200000
0"
1$
#59205000
b10 !
b10 ,
b1110 +
1"
#59210000
0"
0$
#59215000
b11101 +
1"
#59220000
0"
b111100000 )
#59225000
b111010 +
1"
#59230000
0"
#59235000
b1110101 +
1"
#59240000
0"
1$
#59245000
b100 !
b100 ,
b11101010 +
1"
#59250000
0"
0$
#59255000
b11010101 +
1"
#59260000
0"
b111100001 )
#59265000
b10101010 +
1"
#59270000
0"
#59275000
b1010101 +
1"
#59280000
0"
1$
#59285000
b10 !
b10 ,
b10101011 +
1"
#59290000
0"
0$
#59295000
b1010111 +
1"
#59300000
0"
b111100010 )
#59305000
b10101111 +
1"
#59310000
0"
#59315000
b1011111 +
1"
#59320000
0"
1$
#59325000
b110 !
b110 ,
b10111110 +
1"
#59330000
0"
0$
#59335000
b1111100 +
1"
#59340000
0"
b111100011 )
#59345000
b11111001 +
1"
#59350000
0"
#59355000
b11110010 +
1"
#59360000
0"
1$
#59365000
b11 !
b11 ,
b11100101 +
1"
#59370000
0"
0$
#59375000
b11001010 +
1"
#59380000
0"
b111100100 )
#59385000
b10010100 +
1"
#59390000
0"
#59395000
b101000 +
1"
#59400000
0"
1$
#59405000
b101 !
b101 ,
b1010000 +
1"
#59410000
0"
0$
#59415000
b10100001 +
1"
#59420000
0"
b111100101 )
#59425000
b1000010 +
1"
#59430000
0"
#59435000
b10000100 +
1"
#59440000
0"
1$
#59445000
b1 !
b1 ,
b1001 +
1"
#59450000
0"
0$
#59455000
b10011 +
1"
#59460000
0"
b111100110 )
#59465000
b100111 +
1"
#59470000
0"
#59475000
b1001111 +
1"
#59480000
0"
1$
#59485000
b10 !
b10 ,
b10011111 +
1"
#59490000
0"
0$
#59495000
b111111 +
1"
#59500000
0"
b111100111 )
#59505000
b1111111 +
1"
#59510000
0"
#59515000
b11111111 +
1"
#59520000
0"
1$
#59525000
b100 !
b100 ,
b11111110 +
1"
#59530000
0"
0$
#59535000
b11111100 +
1"
#59540000
0"
b111101000 )
#59545000
b11111000 +
1"
#59550000
0"
#59555000
b11110000 +
1"
#59560000
0"
1$
#59565000
b1 !
b1 ,
b11100001 +
1"
#59570000
0"
0$
#59575000
b11000010 +
1"
#59580000
0"
b111101001 )
#59585000
b10000101 +
1"
#59590000
0"
#59595000
b1011 +
1"
#59600000
0"
1$
#59605000
b110 !
b110 ,
b10111 +
1"
#59610000
0"
0$
#59615000
b101111 +
1"
#59620000
0"
b111101010 )
#59625000
b1011110 +
1"
#59630000
0"
#59635000
b10111100 +
1"
#59640000
0"
1$
#59645000
b11 !
b11 ,
b1111000 +
1"
#59650000
0"
0$
#59655000
b11110001 +
1"
#59660000
0"
b111101011 )
#59665000
b11100011 +
1"
#59670000
0"
#59675000
b11000110 +
1"
#59680000
0"
1$
#59685000
b1 !
b1 ,
b10001101 +
1"
#59690000
0"
0$
#59695000
b11010 +
1"
#59700000
0"
b111101100 )
#59705000
b110100 +
1"
#59710000
0"
#59715000
b1101000 +
1"
#59720000
0"
1$
#59725000
b11 !
b11 ,
b11010000 +
1"
#59730000
0"
0$
#59735000
b10100000 +
1"
#59740000
0"
b111101101 )
#59745000
b1000000 +
1"
#59750000
0"
#59755000
b10000000 +
1"
#59760000
0"
1$
#59765000
b1 +
1"
#59770000
0"
0$
#59775000
b10 +
1"
#59780000
0"
b111101110 )
#59785000
b100 +
1"
#59790000
0"
#59795000
b1000 +
1"
#59800000
0"
1$
#59805000
b10001 +
1"
#59810000
0"
0$
#59815000
b100011 +
1"
#59820000
0"
b111101111 )
#59825000
b1000111 +
1"
#59830000
0"
#59835000
b10001110 +
1"
#59840000
0"
1$
#59845000
b101 !
b101 ,
b11100 +
1"
#59850000
0"
0$
#59855000
b111000 +
1"
#59860000
0"
b111110000 )
#59865000
b1110001 +
1"
#59870000
0"
#59875000
b11100010 +
1"
#59880000
0"
1$
#59885000
b11000100 +
1"
#59890000
0"
0$
#59895000
b10001001 +
1"
#59900000
0"
b111110001 )
#59905000
b10010 +
1"
#59910000
0"
#59915000
b100101 +
1"
#59920000
0"
1$
#59925000
b10 !
b10 ,
b1001011 +
1"
#59930000
0"
0$
#59935000
b10010111 +
1"
#59940000
0"
b111110010 )
#59945000
b101110 +
1"
#59950000
0"
#59955000
b1011100 +
1"
#59960000
0"
1$
#59965000
b11 !
b11 ,
b10111000 +
1"
#59970000
0"
0$
#59975000
b1110000 +
1"
#59980000
0"
b111110011 )
#59985000
b11100000 +
1"
#59990000
0"
#59995000
b11000000 +
1"
#60000000
0"
1$
#60005000
b1 !
b1 ,
b10000001 +
1"
#60010000
0"
0$
#60015000
b11 +
1"
#60020000
0"
b111110100 )
#60025000
b110 +
1"
#60030000
0"
#60035000
b1100 +
1"
#60040000
0"
1$
#60045000
b11001 +
1"
#60050000
0"
0$
#60055000
b110010 +
1"
#60060000
0"
b111110101 )
#60065000
b1100100 +
1"
#60070000
0"
#60075000
b11001001 +
1"
#60080000
0"
1$
#60085000
b100 !
b100 ,
b10010010 +
1"
#60090000
0"
0$
#60095000
b100100 +
1"
#60100000
0"
b111110110 )
#60105000
b1001001 +
1"
#60110000
0"
#60115000
b10010011 +
1"
#60120000
0"
1$
#60125000
b100110 +
1"
#60130000
0"
0$
#60135000
b1001101 +
1"
#60140000
0"
b111110111 )
#60145000
b10011011 +
1"
#60150000
0"
#60155000
b110111 +
1"
#60160000
0"
1$
#60165000
b10 !
b10 ,
b1101110 +
1"
#60170000
0"
0$
#60175000
b11011100 +
1"
#60180000
0"
b111111000 )
#60185000
b10111001 +
1"
#60190000
0"
#60195000
b1110010 +
1"
#60200000
0"
1$
#60205000
b1 !
b1 ,
b11100100 +
1"
#60210000
0"
0$
#60215000
b11001000 +
1"
#60220000
0"
b111111001 )
#60225000
b10010000 +
1"
#60230000
0"
#60235000
b100000 +
1"
#60240000
0"
1$
#60245000
b11 !
b11 ,
b1000001 +
1"
#60250000
0"
0$
#60255000
b10000010 +
1"
#60260000
0"
b111111010 )
#60265000
b101 +
1"
#60270000
0"
#60275000
b1010 +
1"
#60280000
0"
1$
#60285000
b101 !
b101 ,
b10101 +
1"
#60290000
0"
0$
#60295000
b101011 +
1"
#60300000
0"
b111111011 )
#60305000
b1010110 +
1"
#60310000
0"
#60315000
b10101101 +
1"
#60320000
0"
1$
#60325000
b110 !
b110 ,
b1011011 +
1"
#60330000
0"
0$
#60335000
b10110110 +
1"
#60340000
0"
b111111100 )
#60345000
b1101101 +
1"
#60350000
0"
#60355000
b11011010 +
1"
#60360000
0"
1$
#60365000
b11 !
b11 ,
b10110101 +
1"
#60370000
0"
0$
#60375000
b1101011 +
1"
#60380000
0"
b111111101 )
#60385000
b11010110 +
1"
#60390000
0"
#60395000
b10101100 +
1"
#60400000
0"
1$
#60405000
b101 !
b101 ,
b1011001 +
1"
#60410000
0"
0$
#60415000
b10110010 +
1"
#60420000
0"
b111111110 )
#60425000
b1100101 +
1"
#60430000
0"
#60435000
b11001011 +
1"
#60440000
0"
1$
#60445000
b110 !
b110 ,
b10010110 +
1"
#60450000
0"
0$
#60455000
b101100 +
1"
#60460000
0"
b111111111 )
#60465000
b1011000 +
1"
#60470000
0"
#60475000
b10110000 +
1"
#60480000
0"
1$
#60485000
b11 !
b11 ,
b1100001 +
1"
#60490000
0"
0$
#60495000
b11000011 +
1"
#60500000
0"
b1000000000 )
#60505000
b10000111 +
1"
#60510000
0"
#60515000
b1111 +
1"
#60520000
0"
1$
#60525000
b100 !
b100 ,
b11111 +
1"
#60530000
0"
0$
#60535000
b111110 +
1"
#60540000
0"
b1000000001 )
#60545000
b1111101 +
1"
#60550000
0"
#60555000
b11111011 +
1"
#60560000
0"
1$
#60565000
b110 !
b110 ,
b11110110 +
1"
#60570000
0"
0$
#60575000
b11101101 +
1"
#60580000
0"
b1000000010 )
#60585000
b11011011 +
1"
#60590000
0"
#60595000
b10110111 +
1"
#60600000
0"
1$
#60605000
b100 !
b100 ,
b1101111 +
1"
#60610000
0"
0$
#60615000
b11011110 +
1"
#60620000
0"
b1000000011 )
#60625000
b10111101 +
1"
#60630000
0"
#60635000
b1111010 +
1"
#60640000
0"
1$
#60645000
b11 !
b11 ,
b11110101 +
1"
#60650000
0"
0$
#60655000
b11101011 +
1"
#60660000
0"
b1000000100 )
#60665000
b11010111 +
1"
#60670000
0"
#60675000
b10101110 +
1"
#60680000
0"
1$
#60685000
b1 !
b1 ,
b1011101 +
1"
#60690000
0"
0$
#60695000
b10111010 +
1"
#60700000
0"
b1000000101 )
#60705000
b1110100 +
1"
#60710000
0"
#60715000
b11101000 +
1"
#60720000
0"
1$
#60725000
b101 !
b101 ,
b11010001 +
1"
#60730000
0"
0$
#60735000
b10100010 +
1"
#60740000
0"
b1000000110 )
#60745000
b1000100 +
1"
#60750000
0"
#60755000
b10001000 +
1"
#60760000
0"
1$
#60765000
b10000 +
1"
#60770000
0"
0$
#60775000
b100001 +
1"
#60780000
0"
b1000000111 )
#60785000
b1000011 +
1"
#60790000
0"
#60795000
b10000110 +
1"
#60800000
0"
1$
#60805000
b11 !
b11 ,
b1101 +
1"
#60810000
0"
0$
#60815000
b11011 +
1"
#60820000
0"
b1000001000 )
#60825000
b110110 +
1"
#60830000
0"
#60835000
b1101100 +
1"
#60840000
0"
1$
#60845000
b1 !
b1 ,
b11011000 +
1"
#60850000
0"
0$
#60855000
b10110001 +
1"
#60860000
0"
b1000001001 )
#60865000
b1100011 +
1"
#60870000
0"
#60875000
b11000111 +
1"
#60880000
0"
1$
#60885000
b10 !
b10 ,
b10001111 +
1"
#60890000
0"
0$
#60895000
b11110 +
1"
#60900000
0"
b1000001010 )
#60905000
b111100 +
1"
#60910000
0"
#60915000
b1111001 +
1"
#60920000
0"
1$
#60925000
b11110011 +
1"
#60930000
0"
0$
#60935000
b11100111 +
1"
#60940000
0"
b1000001011 )
#60945000
b11001110 +
1"
#60950000
0"
#60955000
b10011100 +
1"
#60960000
0"
1$
#60965000
b1 !
b1 ,
b111001 +
1"
#60970000
0"
0$
#60975000
b1110011 +
1"
#60980000
0"
b1000001100 )
#60985000
b11100110 +
1"
#60990000
0"
#60995000
b11001100 +
1"
#61000000
0"
1$
#61005000
b10011000 +
1"
#61010000
0"
0$
#61015000
b110001 +
1"
#61020000
0"
b1000001101 )
#61025000
b1100010 +
1"
#61030000
0"
#61035000
b11000101 +
1"
#61040000
0"
1$
#61045000
b110 !
b110 ,
b10001011 +
1"
#61050000
0"
0$
#61055000
b10110 +
1"
#61060000
0"
b1000001110 )
#61065000
b101101 +
1"
#61070000
0"
#61075000
b1011010 +
1"
#61080000
0"
1$
#61085000
b1 !
b1 ,
b10110100 +
1"
#61090000
0"
0$
#61095000
b1101001 +
1"
#61100000
0"
b1000001111 )
#61105000
b11010010 +
1"
#61110000
0"
#61115000
b10100100 +
1"
#61120000
0"
1$
#61125000
b11 !
b11 ,
b1001000 +
1"
#61130000
0"
0$
#61135000
b10010001 +
1"
#61140000
0"
b1000010000 )
#61145000
b100010 +
1"
#61150000
0"
#61155000
b1000101 +
1"
#61160000
0"
1$
#61165000
b100 !
b100 ,
b10001010 +
1"
#61170000
0"
0$
#61175000
b10100 +
1"
#61180000
0"
b1000010001 )
#61185000
b101001 +
1"
#61190000
0"
#61195000
b1010010 +
1"
#61200000
0"
1$
#61205000
b101 !
b101 ,
b10100101 +
1"
#61210000
0"
0$
#61215000
b1001010 +
1"
#61220000
0"
b1000010010 )
#61225000
b10010101 +
1"
#61230000
0"
#61235000
b101010 +
1"
#61240000
0"
1$
#61245000
b1 !
b1 ,
b1010100 +
1"
#61250000
0"
0$
#61255000
b10101001 +
1"
#61260000
0"
b1000010011 )
#61265000
b1010011 +
1"
#61270000
0"
#61275000
b10100111 +
1"
#61280000
0"
1$
#61285000
b110 !
b110 ,
b1001110 +
1"
#61290000
0"
0$
#61295000
b10011101 +
1"
#61300000
0"
b1000010100 )
#61305000
b111011 +
1"
#61310000
0"
#61315000
b1110111 +
1"
#61320000
0"
1$
#61325000
b11101110 +
1"
#61330000
0"
0$
#61335000
b11011101 +
1"
#61340000
0"
b1000010101 )
#61345000
b10111011 +
1"
#61350000
0"
#61355000
b1110110 +
1"
#61360000
0"
1$
#61365000
b101 !
b101 ,
b11101100 +
1"
#61370000
0"
0$
#61375000
b11011001 +
1"
#61380000
0"
b1000010110 )
#61385000
b10110011 +
1"
#61390000
0"
#61395000
b1100111 +
1"
#61400000
0"
1$
#61405000
b10 !
b10 ,
b11001111 +
1"
#61410000
0"
0$
#61415000
b10011110 +
1"
#61420000
0"
b1000010111 )
#61425000
b111101 +
1"
#61430000
0"
#61435000
b1111011 +
1"
#61440000
0"
1$
#61445000
b100 !
b100 ,
b11110111 +
1"
#61450000
0"
0$
#61455000
b11101111 +
1"
#61460000
0"
b1000011000 )
#61465000
b11011111 +
1"
#61470000
0"
#61475000
b10111111 +
1"
#61480000
0"
1$
#61485000
b110 !
b110 ,
b1111110 +
1"
#61490000
0"
0$
#61495000
b11111101 +
1"
#61500000
0"
b1000011001 )
#61505000
b11111010 +
1"
#61510000
0"
#61515000
b11110100 +
1"
#61520000
0"
1$
#61525000
b101 !
b101 ,
b11101001 +
1"
#61530000
0"
0$
#61535000
b11010011 +
1"
#61540000
0"
b1000011010 )
#61545000
b10100110 +
1"
#61550000
0"
#61555000
b1001100 +
1"
#61560000
0"
1$
#61565000
b10011001 +
1"
#61570000
0"
0$
#61575000
b110011 +
1"
#61580000
0"
b1000011011 )
#61585000
b1100110 +
1"
#61590000
0"
#61595000
b11001101 +
1"
#61600000
0"
1$
#61605000
b10 !
b10 ,
b10011010 +
1"
#61610000
0"
0$
#61615000
b110101 +
1"
#61620000
0"
b1000011100 )
#61625000
b1101010 +
1"
#61630000
0"
#61635000
b11010100 +
1"
#61640000
0"
1$
#61645000
b11 !
b11 ,
b10101000 +
1"
#61650000
0"
0$
#61655000
b1010001 +
1"
#61660000
0"
b1000011101 )
#61665000
b10100011 +
1"
#61670000
0"
#61675000
b1000110 +
1"
#61680000
0"
1$
#61685000
b101 !
b101 ,
b10001100 +
1"
#61690000
0"
0$
#61695000
b11000 +
1"
#61700000
0"
b1000011110 )
#61705000
b110000 +
1"
#61710000
0"
#61715000
b1100000 +
1"
#61720000
0"
1$
#61725000
b1 !
b1 ,
b11000001 +
1"
#61730000
0"
0$
#61735000
b10000011 +
1"
#61740000
0"
b1000011111 )
#61745000
b111 +
1"
#61750000
0"
#61755000
b1110 +
1"
#61760000
0"
1$
#61765000
b11 !
b11 ,
b11101 +
1"
#61770000
0"
0$
#61775000
b111010 +
1"
#61780000
0"
b1000100000 )
#61785000
b1110101 +
1"
#61790000
0"
#61795000
b11101010 +
1"
#61800000
0"
1$
#61805000
b1 !
b1 ,
b11010101 +
1"
#61810000
0"
0$
#61815000
b10101010 +
1"
#61820000
0"
b1000100001 )
#61825000
b1010101 +
1"
#61830000
0"
#61835000
b10101011 +
1"
#61840000
0"
1$
#61845000
b100 !
b100 ,
b1010111 +
1"
#61850000
0"
0$
#61855000
b10101111 +
1"
#61860000
0"
b1000100010 )
#61865000
b1011111 +
1"
#61870000
0"
#61875000
b10111110 +
1"
#61880000
0"
1$
#61885000
b101 !
b101 ,
b1111100 +
1"
#61890000
0"
0$
#61895000
b11111001 +
1"
#61900000
0"
b1000100011 )
#61905000
b11110010 +
1"
#61910000
0"
#61915000
b11100101 +
1"
#61920000
0"
1$
#61925000
b10 !
b10 ,
b11001010 +
1"
#61930000
0"
0$
#61935000
b10010100 +
1"
#61940000
0"
b1000100100 )
#61945000
b101000 +
1"
#61950000
0"
#61955000
b1010000 +
1"
#61960000
0"
1$
#61965000
b11 !
b11 ,
b10100001 +
1"
#61970000
0"
0$
#61975000
b1000010 +
1"
#61980000
0"
b1000100101 )
#61985000
b10000100 +
1"
#61990000
0"
#61995000
b1001 +
1"
#62000000
0"
1$
#62005000
b100 !
b100 ,
b10011 +
1"
#62010000
0"
0$
#62015000
b100111 +
1"
#62020000
0"
b1000100110 )
#62025000
b1001111 +
1"
#62030000
0"
#62035000
b10011111 +
1"
#62040000
0"
1$
#62045000
b111111 +
1"
#62050000
0"
0$
#62055000
b1111111 +
1"
#62060000
0"
b1000100111 )
#62065000
b11111111 +
1"
#62070000
0"
#62075000
b11111110 +
1"
#62080000
0"
1$
#62085000
b11 !
b11 ,
b11111100 +
1"
#62090000
0"
0$
#62095000
b11111000 +
1"
#62100000
0"
b1000101000 )
#62105000
b11110000 +
1"
#62110000
0"
#62115000
b11100001 +
1"
#62120000
0"
1$
#62125000
b100 !
b100 ,
b11000010 +
1"
#62130000
0"
0$
#62135000
b10000101 +
1"
#62140000
0"
b1000101001 )
#62145000
b1011 +
1"
#62150000
0"
#62155000
b10111 +
1"
#62160000
0"
1$
#62165000
b110 !
b110 ,
b101111 +
1"
#62170000
0"
0$
#62175000
b1011110 +
1"
#62180000
0"
b1000101010 )
#62185000
b10111100 +
1"
#62190000
0"
#62195000
b1111000 +
1"
#62200000
0"
1$
#62205000
b1 !
b1 ,
b11110001 +
1"
#62210000
0"
0$
#62215000
b11100011 +
1"
#62220000
0"
b1000101011 )
#62225000
b11000110 +
1"
#62230000
0"
#62235000
b10001101 +
1"
#62240000
0"
1$
#62245000
b100 !
b100 ,
b11010 +
1"
#62250000
0"
0$
#62255000
b110100 +
1"
#62260000
0"
b1000101100 )
#62265000
b1101000 +
1"
#62270000
0"
#62275000
b11010000 +
1"
#62280000
0"
1$
#62285000
b101 !
b101 ,
b10100000 +
1"
#62290000
0"
0$
#62295000
b1000000 +
1"
#62300000
0"
b1000101101 )
#62305000
b10000000 +
1"
#62310000
0"
#62315000
b1 +
1"
#62320000
0"
1$
#62325000
b10 !
b10 ,
b10 +
1"
#62330000
0"
0$
#62335000
b100 +
1"
#62340000
0"
b1000101110 )
#62345000
b1000 +
1"
#62350000
0"
#62355000
b10001 +
1"
#62360000
0"
1$
#62365000
b110 !
b110 ,
b100011 +
1"
#62370000
0"
0$
#62375000
b1000111 +
1"
#62380000
0"
b1000101111 )
#62385000
b10001110 +
1"
#62390000
0"
#62395000
b11100 +
1"
#62400000
0"
1$
#62405000
b101 !
b101 ,
b111000 +
1"
#62410000
0"
0$
#62415000
b1110001 +
1"
#62420000
0"
b1000110000 )
#62425000
b11100010 +
1"
#62430000
0"
#62435000
b11000100 +
1"
#62440000
0"
1$
#62445000
b10001001 +
1"
#62450000
0"
0$
#62455000
b10010 +
1"
#62460000
0"
b1000110001 )
#62465000
b100101 +
1"
#62470000
0"
#62475000
b1001011 +
1"
#62480000
0"
1$
#62485000
b100 !
b100 ,
b10010111 +
1"
#62490000
0"
0$
#62495000
b101110 +
1"
#62500000
0"
b1000110010 )
#62505000
b1011100 +
1"
#62510000
0"
#62515000
b10111000 +
1"
#62520000
0"
1$
#62525000
b101 !
b101 ,
b1110000 +
1"
#62530000
0"
0$
#62535000
b11100000 +
1"
#62540000
0"
b1000110011 )
#62545000
b11000000 +
1"
#62550000
0"
#62555000
b10000001 +
1"
#62560000
0"
1$
#62565000
b100 !
b100 ,
b11 +
1"
#62570000
0"
0$
#62575000
b110 +
1"
#62580000
0"
b1000110100 )
#62585000
b1100 +
1"
#62590000
0"
#62595000
b11001 +
1"
#62600000
0"
1$
#62605000
b10 !
b10 ,
b110010 +
1"
#62610000
0"
0$
#62615000
b1100100 +
1"
#62620000
0"
b1000110101 )
#62625000
b11001001 +
1"
#62630000
0"
#62635000
b10010010 +
1"
#62640000
0"
1$
#62645000
b11 !
b11 ,
b100100 +
1"
#62650000
0"
0$
#62655000
b1001001 +
1"
#62660000
0"
b1000110110 )
#62665000
b10010011 +
1"
#62670000
0"
#62675000
b100110 +
1"
#62680000
0"
1$
#62685000
b1001101 +
1"
#62690000
0"
0$
#62695000
b10011011 +
1"
#62700000
0"
b1000110111 )
#62705000
b110111 +
1"
#62710000
0"
#62715000
b1101110 +
1"
#62720000
0"
1$
#62725000
b11011100 +
1"
#62730000
0"
0$
#62735000
b10111001 +
1"
#62740000
0"
b1000111000 )
#62745000
b1110010 +
1"
#62750000
0"
#62755000
b11100100 +
1"
#62760000
0"
1$
#62765000
b1 !
b1 ,
b11001000 +
1"
#62770000
0"
0$
#62775000
b10010000 +
1"
#62780000
0"
b1000111001 )
#62785000
b100000 +
1"
#62790000
0"
#62795000
b1000001 +
1"
#62800000
0"
1$
#62805000
b110 !
b110 ,
b10000010 +
1"
#62810000
0"
0$
#62815000
b101 +
1"
#62820000
0"
b1000111010 )
#62825000
b1010 +
1"
#62830000
0"
#62835000
b10101 +
1"
#62840000
0"
1$
#62845000
b100 !
b100 ,
b101011 +
1"
#62850000
0"
0$
#62855000
b1010110 +
1"
#62860000
0"
b1000111011 )
#62865000
b10101101 +
1"
#62870000
0"
#62875000
b1011011 +
1"
#62880000
0"
1$
#62885000
b10 !
b10 ,
b10110110 +
1"
#62890000
0"
0$
#62895000
b1101101 +
1"
#62900000
0"
b1000111100 )
#62905000
b11011010 +
1"
#62910000
0"
#62915000
b10110101 +
1"
#62920000
0"
1$
#62925000
b1101011 +
1"
#62930000
0"
0$
#62935000
b11010110 +
1"
#62940000
0"
b1000111101 )
#62945000
b10101100 +
1"
#62950000
0"
#62955000
b1011001 +
1"
#62960000
0"
1$
#62965000
b110 !
b110 ,
b10110010 +
1"
#62970000
0"
0$
#62975000
b1100101 +
1"
#62980000
0"
b1000111110 )
#62985000
b11001011 +
1"
#62990000
0"
#62995000
b10010110 +
1"
#63000000
0"
1$
#63005000
b1 !
b1 ,
b101100 +
1"
#63010000
0"
0$
#63015000
b1011000 +
1"
#63020000
0"
b1000111111 )
#63025000
b10110000 +
1"
#63030000
0"
#63035000
b1100001 +
1"
#63040000
0"
1$
#63045000
b10 !
b10 ,
b11000011 +
1"
#63050000
0"
0$
#63055000
b10000111 +
1"
#63060000
0"
b1001000000 )
#63065000
b1111 +
1"
#63070000
0"
#63075000
b11111 +
1"
#63080000
0"
1$
#63085000
b111110 +
1"
#63090000
0"
0$
#63095000
b1111101 +
1"
#63100000
0"
b1001000001 )
#63105000
b11111011 +
1"
#63110000
0"
#63115000
b11110110 +
1"
#63120000
0"
1$
#63125000
b1 !
b1 ,
b11101101 +
1"
#63130000
0"
0$
#63135000
b11011011 +
1"
#63140000
0"
b1001000010 )
#63145000
b10110111 +
1"
#63150000
0"
#63155000
b1101111 +
1"
#63160000
0"
1$
#63165000
b100 !
b100 ,
b11011110 +
1"
#63170000
0"
0$
#63175000
b10111101 +
1"
#63180000
0"
b1001000011 )
#63185000
b1111010 +
1"
#63190000
0"
#63195000
b11110101 +
1"
#63200000
0"
1$
#63205000
b110 !
b110 ,
b11101011 +
1"
#63210000
0"
0$
#63215000
b11010111 +
1"
#63220000
0"
b1001000100 )
#63225000
b10101110 +
1"
#63230000
0"
#63235000
b1011101 +
1"
#63240000
0"
1$
#63245000
b100 !
b100 ,
b10111010 +
1"
#63250000
0"
0$
#63255000
b1110100 +
1"
#63260000
0"
b1001000101 )
#63265000
b11101000 +
1"
#63270000
0"
#63275000
b11010001 +
1"
#63280000
0"
1$
#63285000
b110 !
b110 ,
b10100010 +
1"
#63290000
0"
0$
#63295000
b1000100 +
1"
#63300000
0"
b1001000110 )
#63305000
b10001000 +
1"
#63310000
0"
#63315000
b10000 +
1"
#63320000
0"
1$
#63325000
b101 !
b101 ,
b100001 +
1"
#63330000
0"
0$
#63335000
b1000011 +
1"
#63340000
0"
b1001000111 )
#63345000
b10000110 +
1"
#63350000
0"
#63355000
b1101 +
1"
#63360000
0"
1$
#63365000
b10 !
b10 ,
b11011 +
1"
#63370000
0"
0$
#63375000
b110110 +
1"
#63380000
0"
b1001001000 )
#63385000
b1101100 +
1"
#63390000
0"
#63395000
b11011000 +
1"
#63400000
0"
1$
#63405000
b1 !
b1 ,
b10110001 +
1"
#63410000
0"
0$
#63415000
b1100011 +
1"
#63420000
0"
b1001001001 )
#63425000
b11000111 +
1"
#63430000
0"
#63435000
b10001111 +
1"
#63440000
0"
1$
#63445000
b110 !
b110 ,
b11110 +
1"
#63450000
0"
0$
#63455000
b111100 +
1"
#63460000
0"
b1001001010 )
#63465000
b1111001 +
1"
#63470000
0"
#63475000
b11110011 +
1"
#63480000
0"
1$
#63485000
b100 !
b100 ,
b11100111 +
1"
#63490000
0"
0$
#63495000
b11001110 +
1"
#63500000
0"
b1001001011 )
#63505000
b10011100 +
1"
#63510000
0"
#63515000
b111001 +
1"
#63520000
0"
1$
#63525000
b1110011 +
1"
#63530000
0"
0$
#63535000
b11100110 +
1"
#63540000
0"
b1001001100 )
#63545000
b11001100 +
1"
#63550000
0"
#63555000
b10011000 +
1"
#63560000
0"
1$
#63565000
b11 !
b11 ,
b110001 +
1"
#63570000
0"
0$
#63575000
b1100010 +
1"
#63580000
0"
b1001001101 )
#63585000
b11000101 +
1"
#63590000
0"
#63595000
b10001011 +
1"
#63600000
0"
1$
#63605000
b10 !
b10 ,
b10110 +
1"
#63610000
0"
0$
#63615000
b101101 +
1"
#63620000
0"
b1001001110 )
#63625000
b1011010 +
1"
#63630000
0"
#63635000
b10110100 +
1"
#63640000
0"
1$
#63645000
b1 !
b1 ,
b1101001 +
1"
#63650000
0"
0$
#63655000
b11010010 +
1"
#63660000
0"
b1001001111 )
#63665000
b10100100 +
1"
#63670000
0"
#63675000
b1001000 +
1"
#63680000
0"
1$
#63685000
b10010001 +
1"
#63690000
0"
0$
#63695000
b100010 +
1"
#63700000
0"
b1001010000 )
#63705000
b1000101 +
1"
#63710000
0"
#63715000
b10001010 +
1"
#63720000
0"
1$
#63725000
b10100 +
1"
#63730000
0"
0$
#63735000
b101001 +
1"
#63740000
0"
b1001010001 )
#63745000
b1010010 +
1"
#63750000
0"
#63755000
b10100101 +
1"
#63760000
0"
1$
#63765000
b100 !
b100 ,
b1001010 +
1"
#63770000
0"
0$
#63775000
b10010101 +
1"
#63780000
0"
b1001010010 )
#63785000
b101010 +
1"
#63790000
0"
#63795000
b1010100 +
1"
#63800000
0"
1$
#63805000
b1 !
b1 ,
b10101001 +
1"
#63810000
0"
0$
#63815000
b1010011 +
1"
#63820000
0"
b1001010011 )
#63825000
b10100111 +
1"
#63830000
0"
#63835000
b1001110 +
1"
#63840000
0"
1$
#63845000
b10011101 +
1"
#63850000
0"
0$
#63855000
b111011 +
1"
#63860000
0"
b1001010100 )
#63865000
b1110111 +
1"
#63870000
0"
#63875000
b11101110 +
1"
#63880000
0"
1$
#63885000
b101 !
b101 ,
b11011101 +
1"
#63890000
0"
0$
#63895000
b10111011 +
1"
#63900000
0"
b1001010101 )
#63905000
b1110110 +
1"
#63910000
0"
#63915000
b11101100 +
1"
#63920000
0"
1$
#63925000
b11 !
b11 ,
b11011001 +
1"
#63930000
0"
0$
#63935000
b10110011 +
1"
#63940000
0"
b1001010110 )
#63945000
b1100111 +
1"
#63950000
0"
#63955000
b11001111 +
1"
#63960000
0"
1$
#63965000
b100 !
b100 ,
b10011110 +
1"
#63970000
0"
0$
#63975000
b111101 +
1"
#63980000
0"
b1001010111 )
#63985000
b1111011 +
1"
#63990000
0"
#63995000
b11110111 +
1"
#64000000
0"
1$
#64005000
b10 !
b10 ,
b11101111 +
1"
#64010000
0"
0$
#64015000
b11011111 +
1"
#64020000
0"
b1001011000 )
#64025000
b10111111 +
1"
#64030000
0"
#64035000
b1111110 +
1"
#64040000
0"
1$
#64045000
b1 !
b1 ,
b11111101 +
1"
#64050000
0"
0$
#64055000
b11111010 +
1"
#64060000
0"
b1001011001 )
#64065000
b11110100 +
1"
#64070000
0"
#64075000
b11101001 +
1"
#64080000
0"
1$
#64085000
b110 !
b110 ,
b11010011 +
1"
#64090000
0"
0$
#64095000
b10100110 +
1"
#64100000
0"
b1001011010 )
#64105000
b1001100 +
1"
#64110000
0"
#64115000
b10011001 +
1"
#64120000
0"
1$
#64125000
b100 !
b100 ,
b110011 +
1"
#64130000
0"
0$
#64135000
b1100110 +
1"
#64140000
0"
b1001011011 )
#64145000
b11001101 +
1"
#64150000
0"
#64155000
b10011010 +
1"
#64160000
0"
1$
#64165000
b101 !
b101 ,
b110101 +
1"
#64170000
0"
0$
#64175000
b1101010 +
1"
#64180000
0"
b1001011100 )
#64185000
b11010100 +
1"
#64190000
0"
#64195000
b10101000 +
1"
#64200000
0"
1$
#64205000
b1 !
b1 ,
b1010001 +
1"
#64210000
0"
0$
#64215000
b10100011 +
1"
#64220000
0"
b1001011101 )
#64225000
b1000110 +
1"
#64230000
0"
#64235000
b10001100 +
1"
#64240000
0"
1$
#64245000
b11 !
b11 ,
b11000 +
1"
#64250000
0"
0$
#64255000
b110000 +
1"
#64260000
0"
b1001011110 )
#64265000
b1100000 +
1"
#64270000
0"
#64275000
b11000001 +
1"
#64280000
0"
1$
#64285000
b10 !
b10 ,
b10000011 +
1"
#64290000
0"
0$
#64295000
b111 +
1"
#64300000
0"
b1001011111 )
#64305000
b1110 +
1"
#64310000
0"
#64315000
b11101 +
1"
#64320000
0"
1$
#64325000
b110 !
b110 ,
b111010 +
1"
#64330000
0"
0$
#64335000
b1110101 +
1"
#64340000
0"
b1001100000 )
#64345000
b11101010 +
1"
#64350000
0"
#64355000
b11010101 +
1"
#64360000
0"
1$
#64365000
b100 !
b100 ,
b10101010 +
1"
#64370000
0"
0$
#64375000
b1010101 +
1"
#64380000
0"
b1001100001 )
#64385000
b10101011 +
1"
#64390000
0"
#64395000
b1010111 +
1"
#64400000
0"
1$
#64405000
b10101111 +
1"
#64410000
0"
0$
#64415000
b1011111 +
1"
#64420000
0"
b1001100010 )
#64425000
b10111110 +
1"
#64430000
0"
#64435000
b1111100 +
1"
#64440000
0"
1$
#64445000
b101 !
b101 ,
b11111001 +
1"
#64450000
0"
0$
#64455000
b11110010 +
1"
#64460000
0"
b1001100011 )
#64465000
b11100101 +
1"
#64470000
0"
#64475000
b11001010 +
1"
#64480000
0"
1$
#64485000
b10010100 +
1"
#64490000
0"
0$
#64495000
b101000 +
1"
#64500000
0"
b1001100100 )
#64505000
b1010000 +
1"
#64510000
0"
#64515000
b10100001 +
1"
#64520000
0"
1$
#64525000
b110 !
b110 ,
b1000010 +
1"
#64530000
0"
0$
#64535000
b10000100 +
1"
#64540000
0"
b1001100101 )
#64545000
b1001 +
1"
#64550000
0"
#64555000
b10011 +
1"
#64560000
0"
1$
#64565000
b10 !
b10 ,
b100111 +
1"
#64570000
0"
0$
#64575000
b1001111 +
1"
#64580000
0"
b1001100110 )
#64585000
b10011111 +
1"
#64590000
0"
#64595000
b111111 +
1"
#64600000
0"
1$
#64605000
b100 !
b100 ,
b1111111 +
1"
#64610000
0"
0$
#64615000
b11111111 +
1"
#64620000
0"
b1001100111 )
#64625000
b11111110 +
1"
#64630000
0"
#64635000
b11111100 +
1"
#64640000
0"
1$
#64645000
b1 !
b1 ,
b11111000 +
1"
#64650000
0"
0$
#64655000
b11110000 +
1"
#64660000
0"
b1001101000 )
#64665000
b11100001 +
1"
#64670000
0"
#64675000
b11000010 +
1"
#64680000
0"
1$
#64685000
b11 !
b11 ,
b10000101 +
1"
#64690000
0"
0$
#64695000
b1011 +
1"
#64700000
0"
b1001101001 )
#64705000
b10111 +
1"
#64710000
0"
#64715000
b101111 +
1"
#64720000
0"
1$
#64725000
b110 !
b110 ,
b1011110 +
1"
#64730000
0"
0$
#64735000
b10111100 +
1"
#64740000
0"
b1001101010 )
#64745000
b1111000 +
1"
#64750000
0"
#64755000
b11110001 +
1"
#64760000
0"
1$
#64765000
b10 !
b10 ,
b11100011 +
1"
#64770000
0"
0$
#64775000
b11000110 +
1"
#64780000
0"
b1001101011 )
#64785000
b10001101 +
1"
#64790000
0"
#64795000
b11010 +
1"
#64800000
0"
1$
#64805000
b11 !
b11 ,
b110100 +
1"
#64810000
0"
0$
#64815000
b1101000 +
1"
#64820000
0"
b1001101100 )
#64825000
b11010000 +
1"
#64830000
0"
#64835000
b10100000 +
1"
#64840000
0"
1$
#64845000
b101 !
b101 ,
b1000000 +
1"
#64850000
0"
0$
#64855000
b10000000 +
1"
#64860000
0"
b1001101101 )
#64865000
b1 +
1"
#64870000
0"
#64875000
b10 +
1"
#64880000
0"
1$
#64885000
b11 !
b11 ,
b100 +
1"
#64890000
0"
0$
#64895000
b1000 +
1"
#64900000
0"
b1001101110 )
#64905000
b10001 +
1"
#64910000
0"
#64915000
b100011 +
1"
#64920000
0"
1$
#64925000
b110 !
b110 ,
b1000111 +
1"
#64930000
0"
0$
#64935000
b10001110 +
1"
#64940000
0"
b1001101111 )
#64945000
b11100 +
1"
#64950000
0"
#64955000
b111000 +
1"
#64960000
0"
1$
#64965000
b11 !
b11 ,
b1110001 +
1"
#64970000
0"
0$
#64975000
b11100010 +
1"
#64980000
0"
b1001110000 )
#64985000
b11000100 +
1"
#64990000
0"
#64995000
b10001001 +
1"
#65000000
0"
1$
#65005000
b110 !
b110 ,
b10010 +
1"
#65010000
0"
0$
#65015000
b100101 +
1"
#65020000
0"
b1001110001 )
#65025000
b1001011 +
1"
#65030000
0"
#65035000
b10010111 +
1"
#65040000
0"
1$
#65045000
b10 !
b10 ,
b101110 +
1"
#65050000
0"
0$
#65055000
b1011100 +
1"
#65060000
0"
b1001110010 )
#65065000
b10111000 +
1"
#65070000
0"
#65075000
b1110000 +
1"
#65080000
0"
1$
#65085000
b101 !
b101 ,
b11100000 +
1"
#65090000
0"
0$
#65095000
b11000000 +
1"
#65100000
0"
b1001110011 )
#65105000
b10000001 +
1"
#65110000
0"
#65115000
b11 +
1"
#65120000
0"
1$
#65125000
b100 !
b100 ,
b110 +
1"
#65130000
0"
0$
#65135000
b1100 +
1"
#65140000
0"
b1001110100 )
#65145000
b11001 +
1"
#65150000
0"
#65155000
b110010 +
1"
#65160000
0"
1$
#65165000
b11 !
b11 ,
b1100100 +
1"
#65170000
0"
0$
#65175000
b11001001 +
1"
#65180000
0"
b1001110101 )
#65185000
b10010010 +
1"
#65190000
0"
#65195000
b100100 +
1"
#65200000
0"
1$
#65205000
b1 !
b1 ,
b1001001 +
1"
#65210000
0"
0$
#65215000
b10010011 +
1"
#65220000
0"
b1001110110 )
#65225000
b100110 +
1"
#65230000
0"
#65235000
b1001101 +
1"
#65240000
0"
1$
#65245000
b110 !
b110 ,
b10011011 +
1"
#65250000
0"
0$
#65255000
b110111 +
1"
#65260000
0"
b1001110111 )
#65265000
b1101110 +
1"
#65270000
0"
#65275000
b11011100 +
1"
#65280000
0"
1$
#65285000
b101 !
b101 ,
b10111001 +
1"
#65290000
0"
0$
#65295000
b1110010 +
1"
#65300000
0"
b1001111000 )
#65305000
b11100100 +
1"
#65310000
0"
#65315000
b11001000 +
1"
#65320000
0"
1$
#65325000
b11 !
b11 ,
b10010000 +
1"
#65330000
0"
0$
#65335000
b100000 +
1"
#65340000
0"
b1001111001 )
#65345000
b1000001 +
1"
#65350000
0"
#65355000
b10000010 +
1"
#65360000
0"
1$
#65365000
b101 !
b101 ,
b101 +
1"
#65370000
0"
0$
#65375000
b1010 +
1"
#65380000
0"
b1001111010 )
#65385000
b10101 +
1"
#65390000
0"
#65395000
b101011 +
1"
#65400000
0"
1$
#65405000
b10 !
b10 ,
b1010110 +
1"
#65410000
0"
0$
#65415000
b10101101 +
1"
#65420000
0"
b1001111011 )
#65425000
b1011011 +
1"
#65430000
0"
#65435000
b10110110 +
1"
#65440000
0"
1$
#65445000
b11 !
b11 ,
b1101101 +
1"
#65450000
0"
0$
#65455000
b11011010 +
1"
#65460000
0"
b1001111100 )
#65465000
b10110101 +
1"
#65470000
0"
#65475000
b1101011 +
1"
#65480000
0"
1$
#65485000
b110 !
b110 ,
b11010110 +
1"
#65490000
0"
0$
#65495000
b10101100 +
1"
#65500000
0"
b1001111101 )
#65505000
b1011001 +
1"
#65510000
0"
#65515000
b10110010 +
1"
#65520000
0"
1$
#65525000
b101 !
b101 ,
b1100101 +
1"
#65530000
0"
0$
#65535000
b11001011 +
1"
#65540000
0"
b1001111110 )
#65545000
b10010110 +
1"
#65550000
0"
#65555000
b101100 +
1"
#65560000
0"
1$
#65565000
b11 !
b11 ,
b1011000 +
1"
#65570000
0"
0$
#65575000
b10110000 +
1"
#65580000
0"
b1001111111 )
#65585000
b1100001 +
1"
#65590000
0"
#65595000
b11000011 +
1"
#65600000
0"
1$
#65605000
b100 !
b100 ,
b10000111 +
1"
#65610000
0"
0$
#65615000
b1111 +
1"
#65620000
0"
b1010000000 )
#65625000
b11111 +
1"
#65630000
0"
#65635000
b111110 +
1"
#65640000
0"
1$
#65645000
b11 !
b11 ,
b1111101 +
1"
#65650000
0"
0$
#65655000
b11111011 +
1"
#65660000
0"
b1010000001 )
#65665000
b11110110 +
1"
#65670000
0"
#65675000
b11101101 +
1"
#65680000
0"
1$
#65685000
b100 !
b100 ,
b11011011 +
1"
#65690000
0"
0$
#65695000
b10110111 +
1"
#65700000
0"
b1010000010 )
#65705000
b1101111 +
1"
#65710000
0"
#65715000
b11011110 +
1"
#65720000
0"
1$
#65725000
b1 !
b1 ,
b10111101 +
1"
#65730000
0"
0$
#65735000
b1111010 +
1"
#65740000
0"
b1010000011 )
#65745000
b11110101 +
1"
#65750000
0"
#65755000
b11101011 +
1"
#65760000
0"
1$
#65765000
b10 !
b10 ,
b11010111 +
1"
#65770000
0"
0$
#65775000
b10101110 +
1"
#65780000
0"
b1010000100 )
#65785000
b1011101 +
1"
#65790000
0"
#65795000
b10111010 +
1"
#65800000
0"
1$
#65805000
b1 !
b1 ,
b1110100 +
1"
#65810000
0"
0$
#65815000
b11101000 +
1"
#65820000
0"
b1010000101 )
#65825000
b11010001 +
1"
#65830000
0"
#65835000
b10100010 +
1"
#65840000
0"
1$
#65845000
b1000100 +
1"
#65850000
0"
0$
#65855000
b10001000 +
1"
#65860000
0"
b1010000110 )
#65865000
b10000 +
1"
#65870000
0"
#65875000
b100001 +
1"
#65880000
0"
1$
#65885000
b100 !
b100 ,
b1000011 +
1"
#65890000
0"
0$
#65895000
b10000110 +
1"
#65900000
0"
b1010000111 )
#65905000
b1101 +
1"
#65910000
0"
#65915000
b11011 +
1"
#65920000
0"
1$
#65925000
b110110 +
1"
#65930000
0"
0$
#65935000
b1101100 +
1"
#65940000
0"
b1010001000 )
#65945000
b11011000 +
1"
#65950000
0"
#65955000
b10110001 +
1"
#65960000
0"
1$
#65965000
b1100011 +
1"
#65970000
0"
0$
#65975000
b11000111 +
1"
#65980000
0"
b1010001001 )
#65985000
b10001111 +
1"
#65990000
0"
#65995000
b11110 +
1"
#66000000
0"
1$
#66005000
b1 !
b1 ,
b111100 +
1"
#66010000
0"
0$
#66015000
b1111001 +
1"
#66020000
0"
b1010001010 )
#66025000
b11110011 +
1"
#66030000
0"
#66035000
b11100111 +
1"
#66040000
0"
1$
#66045000
b100 !
b100 ,
b11001110 +
1"
#66050000
0"
0$
#66055000
b10011100 +
1"
#66060000
0"
b1010001011 )
#66065000
b111001 +
1"
#66070000
0"
#66075000
b1110011 +
1"
#66080000
0"
1$
#66085000
b10 !
b10 ,
b11100110 +
1"
#66090000
0"
0$
#66095000
b11001100 +
1"
#66100000
0"
b1010001100 )
#66105000
b10011000 +
1"
#66110000
0"
#66115000
b110001 +
1"
#66120000
0"
1$
#66125000
b1100010 +
1"
#66130000
0"
0$
#66135000
b11000101 +
1"
#66140000
0"
b1010001101 )
#66145000
b10001011 +
1"
#66150000
0"
#66155000
b10110 +
1"
#66160000
0"
1$
#66165000
b101 !
b101 ,
b101101 +
1"
#66170000
0"
0$
#66175000
b1011010 +
1"
#66180000
0"
b1010001110 )
#66185000
b10110100 +
1"
#66190000
0"
#66195000
b1101001 +
1"
#66200000
0"
1$
#66205000
b100 !
b100 ,
b11010010 +
1"
#66210000
0"
0$
#66215000
b10100100 +
1"
#66220000
0"
b1010001111 )
#66225000
b1001000 +
1"
#66230000
0"
#66235000
b10010001 +
1"
#66240000
0"
1$
#66245000
b10 !
b10 ,
b100010 +
1"
#66250000
0"
0$
#66255000
b1000101 +
1"
#66260000
0"
b1010010000 )
#66265000
b10001010 +
1"
#66270000
0"
#66275000
b10100 +
1"
#66280000
0"
1$
#66285000
b11 !
b11 ,
b101001 +
1"
#66290000
0"
0$
#66295000
b1010010 +
1"
#66300000
0"
b1010010001 )
#66305000
b10100101 +
1"
#66310000
0"
#66315000
b1001010 +
1"
#66320000
0"
1$
#66325000
b10010101 +
1"
#66330000
0"
0$
#66335000
b101010 +
1"
#66340000
0"
b1010010010 )
#66345000
b1010100 +
1"
#66350000
0"
#66355000
b10101001 +
1"
#66360000
0"
1$
#66365000
b10 !
b10 ,
b1010011 +
1"
#66370000
0"
0$
#66375000
b10100111 +
1"
#66380000
0"
b1010010011 )
#66385000
b1001110 +
1"
#66390000
0"
#66395000
b10011101 +
1"
#66400000
0"
1$
#66405000
b111011 +
1"
#66410000
0"
0$
#66415000
b1110111 +
1"
#66420000
0"
b1010010100 )
#66425000
b11101110 +
1"
#66430000
0"
#66435000
b11011101 +
1"
#66440000
0"
1$
#66445000
b110 !
b110 ,
b10111011 +
1"
#66450000
0"
0$
#66455000
b1110110 +
1"
#66460000
0"
b1010010101 )
#66465000
b11101100 +
1"
#66470000
0"
#66475000
b11011001 +
1"
#66480000
0"
1$
#66485000
b10 !
b10 ,
b10110011 +
1"
#66490000
0"
0$
#66495000
b1100111 +
1"
#66500000
0"
b1010010110 )
#66505000
b11001111 +
1"
#66510000
0"
#66515000
b10011110 +
1"
#66520000
0"
1$
#66525000
b11 !
b11 ,
b111101 +
1"
#66530000
0"
0$
#66535000
b1111011 +
1"
#66540000
0"
b1010010111 )
#66545000
b11110111 +
1"
#66550000
0"
#66555000
b11101111 +
1"
#66560000
0"
1$
#66565000
b110 !
b110 ,
b11011111 +
1"
#66570000
0"
0$
#66575000
b10111111 +
1"
#66580000
0"
b1010011000 )
#66585000
b1111110 +
1"
#66590000
0"
#66595000
b11111101 +
1"
#66600000
0"
1$
#66605000
b10 !
b10 ,
b11111010 +
1"
#66610000
0"
0$
#66615000
b11110100 +
1"
#66620000
0"
b1010011001 )
#66625000
b11101001 +
1"
#66630000
0"
#66635000
b11010011 +
1"
#66640000
0"
1$
#66645000
b10100110 +
1"
#66650000
0"
0$
#66655000
b1001100 +
1"
#66660000
0"
b1010011010 )
#66665000
b10011001 +
1"
#66670000
0"
#66675000
b110011 +
1"
#66680000
0"
1$
#66685000
b100 !
b100 ,
b1100110 +
1"
#66690000
0"
0$
#66695000
b11001101 +
1"
#66700000
0"
b1010011011 )
#66705000
b10011010 +
1"
#66710000
0"
#66715000
b110101 +
1"
#66720000
0"
1$
#66725000
b110 !
b110 ,
b1101010 +
1"
#66730000
0"
0$
#66735000
b11010100 +
1"
#66740000
0"
b1010011100 )
#66745000
b10101000 +
1"
#66750000
0"
#66755000
b1010001 +
1"
#66760000
0"
1$
#66765000
b100 !
b100 ,
b10100011 +
1"
#66770000
0"
0$
#66775000
b1000110 +
1"
#66780000
0"
b1010011101 )
#66785000
b10001100 +
1"
#66790000
0"
#66795000
b11000 +
1"
#66800000
0"
1$
#66805000
b1 !
b1 ,
b110000 +
1"
#66810000
0"
0$
#66815000
b1100000 +
1"
#66820000
0"
b1010011110 )
#66825000
b11000001 +
1"
#66830000
0"
#66835000
b10000011 +
1"
#66840000
0"
1$
#66845000
b110 !
b110 ,
b111 +
1"
#66850000
0"
0$
#66855000
b1110 +
1"
#66860000
0"
b1010011111 )
#66865000
b11101 +
1"
#66870000
0"
#66875000
b111010 +
1"
#66880000
0"
1$
#66885000
b101 !
b101 ,
b1110101 +
1"
#66890000
0"
0$
#66895000
b11101010 +
1"
#66900000
0"
b1010100000 )
#66905000
b11010101 +
1"
#66910000
0"
#66915000
b10101010 +
1"
#66920000
0"
1$
#66925000
b11 !
b11 ,
b1010101 +
1"
#66930000
0"
0$
#66935000
b10101011 +
1"
#66940000
0"
b1010100001 )
#66945000
b1010111 +
1"
#66950000
0"
#66955000
b10101111 +
1"
#66960000
0"
1$
#66965000
b10 !
b10 ,
b1011111 +
1"
#66970000
0"
0$
#66975000
b10111110 +
1"
#66980000
0"
b1010100010 )
#66985000
b1111100 +
1"
#66990000
0"
#66995000
b11111001 +
1"
#67000000
0"
1$
#67005000
b100 !
b100 ,
b11110010 +
1"
#67010000
0"
0$
#67015000
b11100101 +
1"
#67020000
0"
b1010100011 )
#67025000
b11001010 +
1"
#67030000
0"
#67035000
b10010100 +
1"
#67040000
0"
1$
#67045000
b101 !
b101 ,
b101000 +
1"
#67050000
0"
0$
#67055000
b1010000 +
1"
#67060000
0"
b1010100100 )
#67065000
b10100001 +
1"
#67070000
0"
#67075000
b1000010 +
1"
#67080000
0"
1$
#67085000
b1 !
b1 ,
b10000100 +
1"
#67090000
0"
0$
#67095000
b1001 +
1"
#67100000
0"
b1010100101 )
#67105000
b10011 +
1"
#67110000
0"
#67115000
b100111 +
1"
#67120000
0"
1$
#67125000
b100 !
b100 ,
b1001111 +
1"
#67130000
0"
0$
#67135000
b10011111 +
1"
#67140000
0"
b1010100110 )
#67145000
b111111 +
1"
#67150000
0"
#67155000
b1111111 +
1"
#67160000
0"
1$
#67165000
b10 !
b10 ,
b11111111 +
1"
#67170000
0"
0$
#67175000
b11111110 +
1"
#67180000
0"
b1010100111 )
#67185000
b11111100 +
1"
#67190000
0"
#67195000
b11111000 +
1"
#67200000
0"
1$
#67205000
b11 !
b11 ,
b11110000 +
1"
#67210000
0"
0$
#67215000
b11100001 +
1"
#67220000
0"
b1010101000 )
#67225000
b11000010 +
1"
#67230000
0"
#67235000
b10000101 +
1"
#67240000
0"
1$
#67245000
b10 !
b10 ,
b1011 +
1"
#67250000
0"
0$
#67255000
b10111 +
1"
#67260000
0"
b1010101001 )
#67265000
b101111 +
1"
#67270000
0"
#67275000
b1011110 +
1"
#67280000
0"
1$
#67285000
b101 !
b101 ,
b10111100 +
1"
#67290000
0"
0$
#67295000
b1111000 +
1"
#67300000
0"
b1010101010 )
#67305000
b11110001 +
1"
#67310000
0"
#67315000
b11100011 +
1"
#67320000
0"
1$
#67325000
b110 !
b110 ,
b11000110 +
1"
#67330000
0"
0$
#67335000
b10001101 +
1"
#67340000
0"
b1010101011 )
#67345000
b11010 +
1"
#67350000
0"
#67355000
b110100 +
1"
#67360000
0"
1$
#67365000
b101 !
b101 ,
b1101000 +
1"
#67370000
0"
0$
#67375000
b11010000 +
1"
#67380000
0"
b1010101100 )
#67385000
b10100000 +
1"
#67390000
0"
#67395000
b1000000 +
1"
#67400000
0"
1$
#67405000
b10000000 +
1"
#67410000
0"
0$
#67415000
b1 +
1"
#67420000
0"
b1010101101 )
#67425000
b10 +
1"
#67430000
0"
#67435000
b100 +
1"
#67440000
0"
1$
#67445000
b1000 +
1"
#67450000
0"
0$
#67455000
b10001 +
1"
#67460000
0"
b1010101110 )
#67465000
b100011 +
1"
#67470000
0"
#67475000
b1000111 +
1"
#67480000
0"
1$
#67485000
b110 !
b110 ,
b10001110 +
1"
#67490000
0"
0$
#67495000
b11100 +
1"
#67500000
0"
b1010101111 )
#67505000
b111000 +
1"
#67510000
0"
#67515000
b1110001 +
1"
#67520000
0"
1$
#67525000
b11100010 +
1"
#67530000
0"
0$
#67535000
b11000100 +
1"
#67540000
0"
b1010110000 )
#67545000
b10001001 +
1"
#67550000
0"
#67555000
b10010 +
1"
#67560000
0"
1$
#67565000
b1 !
b1 ,
b100101 +
1"
#67570000
0"
0$
#67575000
b1001011 +
1"
#67580000
0"
b1010110001 )
#67585000
b10010111 +
1"
#67590000
0"
#67595000
b101110 +
1"
#67600000
0"
1$
#67605000
b101 !
b101 ,
b1011100 +
1"
#67610000
0"
0$
#67615000
b10111000 +
1"
#67620000
0"
b1010110010 )
#67625000
b1110000 +
1"
#67630000
0"
#67635000
b11100000 +
1"
#67640000
0"
1$
#67645000
b11 !
b11 ,
b11000000 +
1"
#67650000
0"
0$
#67655000
b10000001 +
1"
#67660000
0"
b1010110011 )
#67665000
b11 +
1"
#67670000
0"
#67675000
b110 +
1"
#67680000
0"
1$
#67685000
b1 !
b1 ,
b1100 +
1"
#67690000
0"
0$
#67695000
b11001 +
1"
#67700000
0"
b1010110100 )
#67705000
b110010 +
1"
#67710000
0"
#67715000
b1100100 +
1"
#67720000
0"
1$
#67725000
b101 !
b101 ,
b11001001 +
1"
#67730000
0"
0$
#67735000
b10010010 +
1"
#67740000
0"
b1010110101 )
#67745000
b100100 +
1"
#67750000
0"
#67755000
b1001001 +
1"
#67760000
0"
1$
#67765000
b10 !
b10 ,
b10010011 +
1"
#67770000
0"
0$
#67775000
b100110 +
1"
#67780000
0"
b1010110110 )
#67785000
b1001101 +
1"
#67790000
0"
#67795000
b10011011 +
1"
#67800000
0"
1$
#67805000
b110 !
b110 ,
b110111 +
1"
#67810000
0"
0$
#67815000
b1101110 +
1"
#67820000
0"
b1010110111 )
#67825000
b11011100 +
1"
#67830000
0"
#67835000
b10111001 +
1"
#67840000
0"
1$
#67845000
b1110010 +
1"
#67850000
0"
0$
#67855000
b11100100 +
1"
#67860000
0"
b1010111000 )
#67865000
b11001000 +
1"
#67870000
0"
#67875000
b10010000 +
1"
#67880000
0"
1$
#67885000
b1 !
b1 ,
b100000 +
1"
#67890000
0"
0$
#67895000
b1000001 +
1"
#67900000
0"
b1010111001 )
#67905000
b10000010 +
1"
#67910000
0"
#67915000
b101 +
1"
#67920000
0"
1$
#67925000
b110 !
b110 ,
b1010 +
1"
#67930000
0"
0$
#67935000
b10101 +
1"
#67940000
0"
b1010111010 )
#67945000
b101011 +
1"
#67950000
0"
#67955000
b1010110 +
1"
#67960000
0"
1$
#67965000
b11 !
b11 ,
b10101101 +
1"
#67970000
0"
0$
#67975000
b1011011 +
1"
#67980000
0"
b1010111011 )
#67985000
b10110110 +
1"
#67990000
0"
#67995000
b1101101 +
1"
#68000000
0"
1$
#68005000
b10 !
b10 ,
b11011010 +
1"
#68010000
0"
0$
#68015000
b10110101 +
1"
#68020000
0"
b1010111100 )
#68025000
b1101011 +
1"
#68030000
0"
#68035000
b11010110 +
1"
#68040000
0"
1$
#68045000
b101 !
b101 ,
b10101100 +
1"
#68050000
0"
0$
#68055000
b1011001 +
1"
#68060000
0"
b1010111101 )
#68065000
b10110010 +
1"
#68070000
0"
#68075000
b1100101 +
1"
#68080000
0"
1$
#68085000
b110 !
b110 ,
b11001011 +
1"
#68090000
0"
0$
#68095000
b10010110 +
1"
#68100000
0"
b1010111110 )
#68105000
b101100 +
1"
#68110000
0"
#68115000
b1011000 +
1"
#68120000
0"
1$
#68125000
b101 !
b101 ,
b10110000 +
1"
#68130000
0"
0$
#68135000
b1100001 +
1"
#68140000
0"
b1010111111 )
#68145000
b11000011 +
1"
#68150000
0"
#68155000
b10000111 +
1"
#68160000
0"
1$
#68165000
b100 !
b100 ,
b1111 +
1"
#68170000
0"
0$
#68175000
b11111 +
1"
#68180000
0"
b1011000000 )
#68185000
b111110 +
1"
#68190000
0"
#68195000
b1111101 +
1"
#68200000
0"
1$
#68205000
b110 !
b110 ,
b11111011 +
1"
#68210000
0"
0$
#68215000
b11110110 +
1"
#68220000
0"
b1011000001 )
#68225000
b11101101 +
1"
#68230000
0"
#68235000
b11011011 +
1"
#68240000
0"
1$
#68245000
b100 !
b100 ,
b10110111 +
1"
#68250000
0"
0$
#68255000
b1101111 +
1"
#68260000
0"
b1011000010 )
#68265000
b11011110 +
1"
#68270000
0"
#68275000
b10111101 +
1"
#68280000
0"
1$
#68285000
b1111010 +
1"
#68290000
0"
0$
#68295000
b11110101 +
1"
#68300000
0"
b1011000011 )
#68305000
b11101011 +
1"
#68310000
0"
#68315000
b11010111 +
1"
#68320000
0"
1$
#68325000
b110 !
b110 ,
b10101110 +
1"
#68330000
0"
0$
#68335000
b1011101 +
1"
#68340000
0"
b1011000100 )
#68345000
b10111010 +
1"
#68350000
0"
#68355000
b1110100 +
1"
#68360000
0"
1$
#68365000
b11 !
b11 ,
b11101000 +
1"
#68370000
0"
0$
#68375000
b11010001 +
1"
#68380000
0"
b1011000101 )
#68385000
b10100010 +
1"
#68390000
0"
#68395000
b1000100 +
1"
#68400000
0"
1$
#68405000
b10001000 +
1"
#68410000
0"
0$
#68415000
b10000 +
1"
#68420000
0"
b1011000110 )
#68425000
b100001 +
1"
#68430000
0"
#68435000
b1000011 +
1"
#68440000
0"
1$
#68445000
b10 !
b10 ,
b10000110 +
1"
#68450000
0"
0$
#68455000
b1101 +
1"
#68460000
0"
b1011000111 )
#68465000
b11011 +
1"
#68470000
0"
#68475000
b110110 +
1"
#68480000
0"
1$
#68485000
b1 !
b1 ,
b1101100 +
1"
#68490000
0"
0$
#68495000
b11011000 +
1"
#68500000
0"
b1011001000 )
#68505000
b10110001 +
1"
#68510000
0"
#68515000
b1100011 +
1"
#68520000
0"
1$
#68525000
b100 !
b100 ,
b11000111 +
1"
#68530000
0"
0$
#68535000
b10001111 +
1"
#68540000
0"
b1011001001 )
#68545000
b11110 +
1"
#68550000
0"
#68555000
b111100 +
1"
#68560000
0"
1$
#68565000
b1 !
b1 ,
b1111001 +
1"
#68570000
0"
0$
#68575000
b11110011 +
1"
#68580000
0"
b1011001010 )
#68585000
b11100111 +
1"
#68590000
0"
#68595000
b11001110 +
1"
#68600000
0"
1$
#68605000
b11 !
b11 ,
b10011100 +
1"
#68610000
0"
0$
#68615000
b111001 +
1"
#68620000
0"
b1011001011 )
#68625000
b1110011 +
1"
#68630000
0"
#68635000
b11100110 +
1"
#68640000
0"
1$
#68645000
b11001100 +
1"
#68650000
0"
0$
#68655000
b10011000 +
1"
#68660000
0"
b1011001100 )
#68665000
b110001 +
1"
#68670000
0"
#68675000
b1100010 +
1"
#68680000
0"
1$
#68685000
b11000101 +
1"
#68690000
0"
0$
#68695000
b10001011 +
1"
#68700000
0"
b1011001101 )
#68705000
b10110 +
1"
#68710000
0"
#68715000
b101101 +
1"
#68720000
0"
1$
#68725000
b100 !
b100 ,
b1011010 +
1"
#68730000
0"
0$
#68735000
b10110100 +
1"
#68740000
0"
b1011001110 )
#68745000
b1101001 +
1"
#68750000
0"
#68755000
b11010010 +
1"
#68760000
0"
1$
#68765000
b1 !
b1 ,
b10100100 +
1"
#68770000
0"
0$
#68775000
b1001000 +
1"
#68780000
0"
b1011001111 )
#68785000
b10010001 +
1"
#68790000
0"
#68795000
b100010 +
1"
#68800000
0"
1$
#68805000
b101 !
b101 ,
b1000101 +
1"
#68810000
0"
0$
#68815000
b10001010 +
1"
#68820000
0"
b1011010000 )
#68825000
b10100 +
1"
#68830000
0"
#68835000
b101001 +
1"
#68840000
0"
1$
#68845000
b110 !
b110 ,
b1010010 +
1"
#68850000
0"
0$
#68855000
b10100101 +
1"
#68860000
0"
b1011010001 )
#68865000
b1001010 +
1"
#68870000
0"
#68875000
b10010101 +
1"
#68880000
0"
1$
#68885000
b101010 +
1"
#68890000
0"
0$
#68895000
b1010100 +
1"
#68900000
0"
b1011010010 )
#68905000
b10101001 +
1"
#68910000
0"
#68915000
b1010011 +
1"
#68920000
0"
1$
#68925000
b10100111 +
1"
#68930000
0"
0$
#68935000
b1001110 +
1"
#68940000
0"
b1011010011 )
#68945000
b10011101 +
1"
#68950000
0"
#68955000
b111011 +
1"
#68960000
0"
1$
#68965000
b1110111 +
1"
#68970000
0"
0$
#68975000
b11101110 +
1"
#68980000
0"
b1011010100 )
#68985000
b11011101 +
1"
#68990000
0"
#68995000
b10111011 +
1"
#69000000
0"
1$
#69005000
b10 !
b10 ,
b1110110 +
1"
#69010000
0"
0$
#69015000
b11101100 +
1"
#69020000
0"
b1011010101 )
#69025000
b11011001 +
1"
#69030000
0"
#69035000
b10110011 +
1"
#69040000
0"
1$
#69045000
b110 !
b110 ,
b1100111 +
1"
#69050000
0"
0$
#69055000
b11001111 +
1"
#69060000
0"
b1011010110 )
#69065000
b10011110 +
1"
#69070000
0"
#69075000
b111101 +
1"
#69080000
0"
1$
#69085000
b10 !
b10 ,
b1111011 +
1"
#69090000
0"
0$
#69095000
b11110111 +
1"
#69100000
0"
b1011010111 )
#69105000
b11101111 +
1"
#69110000
0"
#69115000
b11011111 +
1"
#69120000
0"
1$
#69125000
b10111111 +
1"
#69130000
0"
0$
#69135000
b1111110 +
1"
#69140000
0"
b1011011000 )
#69145000
b11111101 +
1"
#69150000
0"
#69155000
b11111010 +
1"
#69160000
0"
1$
#69165000
b101 !
b101 ,
b11110100 +
1"
#69170000
0"
0$
#69175000
b11101001 +
1"
#69180000
0"
b1011011001 )
#69185000
b11010011 +
1"
#69190000
0"
#69195000
b10100110 +
1"
#69200000
0"
1$
#69205000
b1001100 +
1"
#69210000
0"
0$
#69215000
b10011001 +
1"
#69220000
0"
b1011011010 )
#69225000
b110011 +
1"
#69230000
0"
#69235000
b1100110 +
1"
#69240000
0"
1$
#69245000
b1 !
b1 ,
b11001101 +
1"
#69250000
0"
0$
#69255000
b10011010 +
1"
#69260000
0"
b1011011011 )
#69265000
b110101 +
1"
#69270000
0"
#69275000
b1101010 +
1"
#69280000
0"
1$
#69285000
b101 !
b101 ,
b11010100 +
1"
#69290000
0"
0$
#69295000
b10101000 +
1"
#69300000
0"
b1011011100 )
#69305000
b1010001 +
1"
#69310000
0"
#69315000
b10100011 +
1"
#69320000
0"
1$
#69325000
b10 !
b10 ,
b1000110 +
1"
#69330000
0"
0$
#69335000
b10001100 +
1"
#69340000
0"
b1011011101 )
#69345000
b11000 +
1"
#69350000
0"
#69355000
b110000 +
1"
#69360000
0"
1$
#69365000
b1 !
b1 ,
b1100000 +
1"
#69370000
0"
0$
#69375000
b11000001 +
1"
#69380000
0"
b1011011110 )
#69385000
b10000011 +
1"
#69390000
0"
#69395000
b111 +
1"
#69400000
0"
1$
#69405000
b10 !
b10 ,
b1110 +
1"
#69410000
0"
0$
#69415000
b11101 +
1"
#69420000
0"
b1011011111 )
#69425000
b111010 +
1"
#69430000
0"
#69435000
b1110101 +
1"
#69440000
0"
1$
#69445000
b100 !
b100 ,
b11101010 +
1"
#69450000
0"
0$
#69455000
b11010101 +
1"
#69460000
0"
b1011100000 )
#69465000
b10101010 +
1"
#69470000
0"
#69475000
b1010101 +
1"
#69480000
0"
1$
#69485000
b10 !
b10 ,
b10101011 +
1"
#69490000
0"
0$
#69495000
b1010111 +
1"
#69500000
0"
b1011100001 )
#69505000
b10101111 +
1"
#69510000
0"
#69515000
b1011111 +
1"
#69520000
0"
1$
#69525000
b110 !
b110 ,
b10111110 +
1"
#69530000
0"
0$
#69535000
b1111100 +
1"
#69540000
0"
b1011100010 )
#69545000
b11111001 +
1"
#69550000
0"
#69555000
b11110010 +
1"
#69560000
0"
1$
#69565000
b11 !
b11 ,
b11100101 +
1"
#69570000
0"
0$
#69575000
b11001010 +
1"
#69580000
0"
b1011100011 )
#69585000
b10010100 +
1"
#69590000
0"
#69595000
b101000 +
1"
#69600000
0"
1$
#69605000
b101 !
b101 ,
b1010000 +
1"
#69610000
0"
0$
#69615000
b10100001 +
1"
#69620000
0"
b1011100100 )
#69625000
b1000010 +
1"
#69630000
0"
#69635000
b10000100 +
1"
#69640000
0"
1$
#69645000
b1 !
b1 ,
b1001 +
1"
#69650000
0"
0$
#69655000
b10011 +
1"
#69660000
0"
b1011100101 )
#69665000
b100111 +
1"
#69670000
0"
#69675000
b1001111 +
1"
#69680000
0"
1$
#69685000
b10 !
b10 ,
b10011111 +
1"
#69690000
0"
0$
#69695000
b111111 +
1"
#69700000
0"
b1011100110 )
#69705000
b1111111 +
1"
#69710000
0"
#69715000
b11111111 +
1"
#69720000
0"
1$
#69725000
b100 !
b100 ,
b11111110 +
1"
#69730000
0"
0$
#69735000
b11111100 +
1"
#69740000
0"
b1011100111 )
#69745000
b11111000 +
1"
#69750000
0"
#69755000
b11110000 +
1"
#69760000
0"
1$
#69765000
b1 !
b1 ,
b11100001 +
1"
#69770000
0"
0$
#69775000
b11000010 +
1"
#69780000
0"
b1011101000 )
#69785000
b10000101 +
1"
#69790000
0"
#69795000
b1011 +
1"
#69800000
0"
1$
#69805000
b110 !
b110 ,
b10111 +
1"
#69810000
0"
0$
#69815000
b101111 +
1"
#69820000
0"
b1011101001 )
#69825000
b1011110 +
1"
#69830000
0"
#69835000
b10111100 +
1"
#69840000
0"
1$
#69845000
b11 !
b11 ,
b1111000 +
1"
#69850000
0"
0$
#69855000
b11110001 +
1"
#69860000
0"
b1011101010 )
#69865000
b11100011 +
1"
#69870000
0"
#69875000
b11000110 +
1"
#69880000
0"
1$
#69885000
b1 !
b1 ,
b10001101 +
1"
#69890000
0"
0$
#69895000
b11010 +
1"
#69900000
0"
b1011101011 )
#69905000
b110100 +
1"
#69910000
0"
#69915000
b1101000 +
1"
#69920000
0"
1$
#69925000
b11 !
b11 ,
b11010000 +
1"
#69930000
0"
0$
#69935000
b10100000 +
1"
#69940000
0"
b1011101100 )
#69945000
b1000000 +
1"
#69950000
0"
#69955000
b10000000 +
1"
#69960000
0"
1$
#69965000
b1 +
1"
#69970000
0"
0$
#69975000
b10 +
1"
#69980000
0"
b1011101101 )
#69985000
b100 +
1"
#69990000
0"
#69995000
b1000 +
1"
#70000000
0"
1$
#70005000
b10001 +
1"
#70010000
0"
0$
#70015000
b100011 +
1"
#70020000
0"
b1011101110 )
#70025000
b1000111 +
1"
#70030000
0"
#70035000
b10001110 +
1"
#70040000
0"
1$
#70045000
b101 !
b101 ,
b11100 +
1"
#70050000
0"
0$
#70055000
b111000 +
1"
#70060000
0"
b1011101111 )
#70065000
b1110001 +
1"
#70070000
0"
#70075000
b11100010 +
1"
#70080000
0"
1$
#70085000
b11000100 +
1"
#70090000
0"
0$
#70095000
b10001001 +
1"
#70100000
0"
b1011110000 )
#70105000
b10010 +
1"
#70110000
0"
#70115000
b100101 +
1"
#70120000
0"
1$
#70125000
b10 !
b10 ,
b1001011 +
1"
#70130000
0"
0$
#70135000
b10010111 +
1"
#70140000
0"
b1011110001 )
#70145000
b101110 +
1"
#70150000
0"
#70155000
b1011100 +
1"
#70160000
0"
1$
#70165000
b11 !
b11 ,
b10111000 +
1"
#70170000
0"
0$
#70175000
b1110000 +
1"
#70180000
0"
b1011110010 )
#70185000
b11100000 +
1"
#70190000
0"
#70195000
b11000000 +
1"
#70200000
0"
1$
#70205000
b1 !
b1 ,
b10000001 +
1"
#70210000
0"
0$
#70215000
b11 +
1"
#70220000
0"
b1011110011 )
#70225000
b110 +
1"
#70230000
0"
#70235000
b1100 +
1"
#70240000
0"
1$
#70245000
b11001 +
1"
#70250000
0"
0$
#70255000
b110010 +
1"
#70260000
0"
b1011110100 )
#70265000
b1100100 +
1"
#70270000
0"
#70275000
b11001001 +
1"
#70280000
0"
1$
#70285000
b100 !
b100 ,
b10010010 +
1"
#70290000
0"
0$
#70295000
b100100 +
1"
#70300000
0"
b1011110101 )
#70305000
b1001001 +
1"
#70310000
0"
#70315000
b10010011 +
1"
#70320000
0"
1$
#70325000
b100110 +
1"
#70330000
0"
0$
#70335000
b1001101 +
1"
#70340000
0"
b1011110110 )
#70345000
b10011011 +
1"
#70350000
0"
#70355000
b110111 +
1"
#70360000
0"
1$
#70365000
b10 !
b10 ,
b1101110 +
1"
#70370000
0"
0$
#70375000
b11011100 +
1"
#70380000
0"
b1011110111 )
#70385000
b10111001 +
1"
#70390000
0"
#70395000
b1110010 +
1"
#70400000
0"
1$
#70405000
b1 !
b1 ,
b11100100 +
1"
#70410000
0"
0$
#70415000
b11001000 +
1"
#70420000
0"
b1011111000 )
#70425000
b10010000 +
1"
#70430000
0"
#70435000
b100000 +
1"
#70440000
0"
1$
#70445000
b11 !
b11 ,
b1000001 +
1"
#70450000
0"
0$
#70455000
b10000010 +
1"
#70460000
0"
b1011111001 )
#70465000
b101 +
1"
#70470000
0"
#70475000
b1010 +
1"
#70480000
0"
1$
#70485000
b101 !
b101 ,
b10101 +
1"
#70490000
0"
0$
#70495000
b101011 +
1"
#70500000
0"
b1011111010 )
#70505000
b1010110 +
1"
#70510000
0"
#70515000
b10101101 +
1"
#70520000
0"
1$
#70525000
b110 !
b110 ,
b1011011 +
1"
#70530000
0"
0$
#70535000
b10110110 +
1"
#70540000
0"
b1011111011 )
#70545000
b1101101 +
1"
#70550000
0"
#70555000
b11011010 +
1"
#70560000
0"
1$
#70565000
b11 !
b11 ,
b10110101 +
1"
#70570000
0"
0$
#70575000
b1101011 +
1"
#70580000
0"
b1011111100 )
#70585000
b11010110 +
1"
#70590000
0"
#70595000
b10101100 +
1"
#70600000
0"
1$
#70605000
b101 !
b101 ,
b1011001 +
1"
#70610000
0"
0$
#70615000
b10110010 +
1"
#70620000
0"
b1011111101 )
#70625000
b1100101 +
1"
#70630000
0"
#70635000
b11001011 +
1"
#70640000
0"
1$
#70645000
b110 !
b110 ,
b10010110 +
1"
#70650000
0"
0$
#70655000
b101100 +
1"
#70660000
0"
b1011111110 )
#70665000
b1011000 +
1"
#70670000
0"
#70675000
b10110000 +
1"
#70680000
0"
1$
#70685000
b11 !
b11 ,
b1100001 +
1"
#70690000
0"
0$
#70695000
b11000011 +
1"
#70700000
0"
b1011111111 )
#70705000
b10000111 +
1"
#70710000
0"
#70715000
b1111 +
1"
#70720000
0"
1$
#70725000
b100 !
b100 ,
b11111 +
1"
#70730000
0"
0$
#70735000
b111110 +
1"
#70740000
0"
b1100000000 )
#70745000
b1111101 +
1"
#70750000
0"
#70755000
b11111011 +
1"
#70760000
0"
1$
#70765000
b110 !
b110 ,
b11110110 +
1"
#70770000
0"
0$
#70775000
b11101101 +
1"
#70780000
0"
b1100000001 )
#70785000
b11011011 +
1"
#70790000
0"
#70795000
b10110111 +
1"
#70800000
0"
1$
#70805000
b100 !
b100 ,
b1101111 +
1"
#70810000
0"
0$
#70815000
b11011110 +
1"
#70820000
0"
b1100000010 )
#70825000
b10111101 +
1"
#70830000
0"
#70835000
b1111010 +
1"
#70840000
0"
1$
#70845000
b11 !
b11 ,
b11110101 +
1"
#70850000
0"
0$
#70855000
b11101011 +
1"
#70860000
0"
b1100000011 )
#70865000
b11010111 +
1"
#70870000
0"
#70875000
b10101110 +
1"
#70880000
0"
1$
#70885000
b1 !
b1 ,
b1011101 +
1"
#70890000
0"
0$
#70895000
b10111010 +
1"
#70900000
0"
b1100000100 )
#70905000
b1110100 +
1"
#70910000
0"
#70915000
b11101000 +
1"
#70920000
0"
1$
#70925000
b101 !
b101 ,
b11010001 +
1"
#70930000
0"
0$
#70935000
b10100010 +
1"
#70940000
0"
b1100000101 )
#70945000
b1000100 +
1"
#70950000
0"
#70955000
b10001000 +
1"
#70960000
0"
1$
#70965000
b10000 +
1"
#70970000
0"
0$
#70975000
b100001 +
1"
#70980000
0"
b1100000110 )
#70985000
b1000011 +
1"
#70990000
0"
#70995000
b10000110 +
1"
#71000000
0"
1$
#71005000
b11 !
b11 ,
b1101 +
1"
#71010000
0"
0$
#71015000
b11011 +
1"
#71020000
0"
b1100000111 )
#71025000
b110110 +
1"
#71030000
0"
#71035000
b1101100 +
1"
#71040000
0"
1$
#71045000
b1 !
b1 ,
b11011000 +
1"
#71050000
0"
0$
#71055000
b10110001 +
1"
#71060000
0"
b1100001000 )
#71065000
b1100011 +
1"
#71070000
0"
#71075000
b11000111 +
1"
#71080000
0"
1$
#71085000
b10 !
b10 ,
b10001111 +
1"
#71090000
0"
0$
#71095000
b11110 +
1"
#71100000
0"
b1100001001 )
#71105000
b111100 +
1"
#71110000
0"
#71115000
b1111001 +
1"
#71120000
0"
1$
#71125000
b11110011 +
1"
#71130000
0"
0$
#71135000
b11100111 +
1"
#71140000
0"
b1100001010 )
#71145000
b11001110 +
1"
#71150000
0"
#71155000
b10011100 +
1"
#71160000
0"
1$
#71165000
b1 !
b1 ,
b111001 +
1"
#71170000
0"
0$
#71175000
b1110011 +
1"
#71180000
0"
b1100001011 )
#71185000
b11100110 +
1"
#71190000
0"
#71195000
b11001100 +
1"
#71200000
0"
1$
#71205000
b10011000 +
1"
#71210000
0"
0$
#71215000
b110001 +
1"
#71220000
0"
b1100001100 )
#71225000
b1100010 +
1"
#71230000
0"
#71235000
b11000101 +
1"
#71240000
0"
1$
#71245000
b110 !
b110 ,
b10001011 +
1"
#71250000
0"
0$
#71255000
b10110 +
1"
#71260000
0"
b1100001101 )
#71265000
b101101 +
1"
#71270000
0"
#71275000
b1011010 +
1"
#71280000
0"
1$
#71285000
b1 !
b1 ,
b10110100 +
1"
#71290000
0"
0$
#71295000
b1101001 +
1"
#71300000
0"
b1100001110 )
#71305000
b11010010 +
1"
#71310000
0"
#71315000
b10100100 +
1"
#71320000
0"
1$
#71325000
b11 !
b11 ,
b1001000 +
1"
#71330000
0"
0$
#71335000
b10010001 +
1"
#71340000
0"
b1100001111 )
#71345000
b100010 +
1"
#71350000
0"
#71355000
b1000101 +
1"
#71360000
0"
1$
#71365000
b100 !
b100 ,
b10001010 +
1"
#71370000
0"
0$
#71375000
b10100 +
1"
#71380000
0"
b1100010000 )
#71385000
b101001 +
1"
#71390000
0"
#71395000
b1010010 +
1"
#71400000
0"
1$
#71405000
b101 !
b101 ,
b10100101 +
1"
#71410000
0"
0$
#71415000
b1001010 +
1"
#71420000
0"
b1100010001 )
#71425000
b10010101 +
1"
#71430000
0"
#71435000
b101010 +
1"
#71440000
0"
1$
#71445000
b1 !
b1 ,
b1010100 +
1"
#71450000
0"
0$
#71455000
b10101001 +
1"
#71460000
0"
b1100010010 )
#71465000
b1010011 +
1"
#71470000
0"
#71475000
b10100111 +
1"
#71480000
0"
1$
#71485000
b110 !
b110 ,
b1001110 +
1"
#71490000
0"
0$
#71495000
b10011101 +
1"
#71500000
0"
b1100010011 )
#71505000
b111011 +
1"
#71510000
0"
#71515000
b1110111 +
1"
#71520000
0"
1$
#71525000
b11101110 +
1"
#71530000
0"
0$
#71535000
b11011101 +
1"
#71540000
0"
b1100010100 )
#71545000
b10111011 +
1"
#71550000
0"
#71555000
b1110110 +
1"
#71560000
0"
1$
#71565000
b101 !
b101 ,
b11101100 +
1"
#71570000
0"
0$
#71575000
b11011001 +
1"
#71580000
0"
b1100010101 )
#71585000
b10110011 +
1"
#71590000
0"
#71595000
b1100111 +
1"
#71600000
0"
1$
#71605000
b10 !
b10 ,
b11001111 +
1"
#71610000
0"
0$
#71615000
b10011110 +
1"
#71620000
0"
b1100010110 )
#71625000
b111101 +
1"
#71630000
0"
#71635000
b1111011 +
1"
#71640000
0"
1$
#71645000
b100 !
b100 ,
b11110111 +
1"
#71650000
0"
0$
#71655000
b11101111 +
1"
#71660000
0"
b1100010111 )
#71665000
b11011111 +
1"
#71670000
0"
#71675000
b10111111 +
1"
#71680000
0"
1$
#71685000
b110 !
b110 ,
b1111110 +
1"
#71690000
0"
0$
#71695000
b11111101 +
1"
#71700000
0"
b1100011000 )
#71705000
b11111010 +
1"
#71710000
0"
#71715000
b11110100 +
1"
#71720000
0"
1$
#71725000
b101 !
b101 ,
b11101001 +
1"
#71730000
0"
0$
#71735000
b11010011 +
1"
#71740000
0"
b1100011001 )
#71745000
b10100110 +
1"
#71750000
0"
#71755000
b1001100 +
1"
#71760000
0"
1$
#71765000
b10011001 +
1"
#71770000
0"
0$
#71775000
b110011 +
1"
#71780000
0"
b1100011010 )
#71785000
b1100110 +
1"
#71790000
0"
#71795000
b11001101 +
1"
#71800000
0"
1$
#71805000
b10 !
b10 ,
b10011010 +
1"
#71810000
0"
0$
#71815000
b110101 +
1"
#71820000
0"
b1100011011 )
#71825000
b1101010 +
1"
#71830000
0"
#71835000
b11010100 +
1"
#71840000
0"
1$
#71845000
b11 !
b11 ,
b10101000 +
1"
#71850000
0"
0$
#71855000
b1010001 +
1"
#71860000
0"
b1100011100 )
#71865000
b10100011 +
1"
#71870000
0"
#71875000
b1000110 +
1"
#71880000
0"
1$
#71885000
b101 !
b101 ,
b10001100 +
1"
#71890000
0"
0$
#71895000
b11000 +
1"
#71900000
0"
b1100011101 )
#71905000
b110000 +
1"
#71910000
0"
#71915000
b1100000 +
1"
#71920000
0"
1$
#71925000
b1 !
b1 ,
b11000001 +
1"
#71930000
0"
0$
#71935000
b10000011 +
1"
#71940000
0"
b1100011110 )
#71945000
b111 +
1"
#71950000
0"
#71955000
b1110 +
1"
#71960000
0"
1$
#71965000
b11 !
b11 ,
b11101 +
1"
#71970000
0"
0$
#71975000
b111010 +
1"
#71980000
0"
b1100011111 )
#71985000
b1110101 +
1"
#71990000
0"
#71995000
b11101010 +
1"
#72000000
0"
1$
#72005000
b1 !
b1 ,
b11010101 +
1"
#72010000
0"
0$
#72015000
b10101010 +
1"
#72020000
0"
b1100100000 )
#72025000
b1010101 +
1"
#72030000
0"
#72035000
b10101011 +
1"
#72040000
0"
1$
#72045000
b100 !
b100 ,
b1010111 +
1"
#72050000
0"
0$
#72055000
b10101111 +
1"
#72060000
0"
b1100100001 )
#72065000
b1011111 +
1"
#72070000
0"
#72075000
b10111110 +
1"
#72080000
0"
1$
#72085000
b101 !
b101 ,
b1111100 +
1"
#72090000
0"
0$
#72095000
b11111001 +
1"
#72100000
0"
b1100100010 )
#72105000
b11110010 +
1"
#72110000
0"
#72115000
b11100101 +
1"
#72120000
0"
1$
#72125000
b10 !
b10 ,
b11001010 +
1"
#72130000
0"
0$
#72135000
b10010100 +
1"
#72140000
0"
b1100100011 )
#72145000
b101000 +
1"
#72150000
0"
#72155000
b1010000 +
1"
#72160000
0"
1$
#72165000
b11 !
b11 ,
b10100001 +
1"
#72170000
0"
0$
#72175000
b1000010 +
1"
#72180000
0"
b1100100100 )
#72185000
b10000100 +
1"
#72190000
0"
#72195000
b1001 +
1"
#72200000
0"
1$
#72205000
b100 !
b100 ,
b10011 +
1"
#72210000
0"
0$
#72215000
b100111 +
1"
#72220000
0"
b1100100101 )
#72225000
b1001111 +
1"
#72230000
0"
#72235000
b10011111 +
1"
#72240000
0"
1$
#72245000
b111111 +
1"
#72250000
0"
0$
#72255000
b1111111 +
1"
#72260000
0"
b1100100110 )
#72265000
b11111111 +
1"
#72270000
0"
#72275000
b11111110 +
1"
#72280000
0"
1$
#72285000
b11 !
b11 ,
b11111100 +
1"
#72290000
0"
0$
#72295000
b11111000 +
1"
#72300000
0"
b1100100111 )
#72305000
b11110000 +
1"
#72310000
0"
#72315000
b11100001 +
1"
#72320000
0"
1$
#72325000
b100 !
b100 ,
b11000010 +
1"
#72330000
0"
0$
#72335000
b10000101 +
1"
#72340000
0"
b1100101000 )
#72345000
b1011 +
1"
#72350000
0"
#72355000
b10111 +
1"
#72360000
0"
1$
#72365000
b110 !
b110 ,
b101111 +
1"
#72370000
0"
0$
#72375000
b1011110 +
1"
#72380000
0"
b1100101001 )
#72385000
b10111100 +
1"
#72390000
0"
#72395000
b1111000 +
1"
#72400000
0"
1$
#72405000
b1 !
b1 ,
b11110001 +
1"
#72410000
0"
0$
#72415000
b11100011 +
1"
#72420000
0"
b1100101010 )
#72425000
b11000110 +
1"
#72430000
0"
#72435000
b10001101 +
1"
#72440000
0"
1$
#72445000
b100 !
b100 ,
b11010 +
1"
#72450000
0"
0$
#72455000
b110100 +
1"
#72460000
0"
b1100101011 )
#72465000
b1101000 +
1"
#72470000
0"
#72475000
b11010000 +
1"
#72480000
0"
1$
#72485000
b101 !
b101 ,
b10100000 +
1"
#72490000
0"
0$
#72495000
b1000000 +
1"
#72500000
0"
b1100101100 )
#72505000
b10000000 +
1"
#72510000
0"
#72515000
b1 +
1"
#72520000
0"
1$
#72525000
b10 !
b10 ,
b10 +
1"
#72530000
0"
0$
#72535000
b100 +
1"
#72540000
0"
b1100101101 )
#72545000
b1000 +
1"
#72550000
0"
#72555000
b10001 +
1"
#72560000
0"
1$
#72565000
b110 !
b110 ,
b100011 +
1"
#72570000
0"
0$
#72575000
b1000111 +
1"
#72580000
0"
b1100101110 )
#72585000
b10001110 +
1"
#72590000
0"
#72595000
b11100 +
1"
#72600000
0"
1$
#72605000
b101 !
b101 ,
b111000 +
1"
#72610000
0"
0$
#72615000
b1110001 +
1"
#72620000
0"
b1100101111 )
#72625000
b11100010 +
1"
#72630000
0"
#72635000
b11000100 +
1"
#72640000
0"
1$
#72645000
b10001001 +
1"
#72650000
0"
0$
#72655000
b10010 +
1"
#72660000
0"
b1100110000 )
#72665000
b100101 +
1"
#72670000
0"
#72675000
b1001011 +
1"
#72680000
0"
1$
#72685000
b100 !
b100 ,
b10010111 +
1"
#72690000
0"
0$
#72695000
b101110 +
1"
#72700000
0"
b1100110001 )
#72705000
b1011100 +
1"
#72710000
0"
#72715000
b10111000 +
1"
#72720000
0"
1$
#72725000
b101 !
b101 ,
b1110000 +
1"
#72730000
0"
0$
#72735000
b11100000 +
1"
#72740000
0"
b1100110010 )
#72745000
b11000000 +
1"
#72750000
0"
#72755000
b10000001 +
1"
#72760000
0"
1$
#72765000
b100 !
b100 ,
b11 +
1"
#72770000
0"
0$
#72775000
b110 +
1"
#72780000
0"
b1100110011 )
#72785000
b1100 +
1"
#72790000
0"
#72795000
b11001 +
1"
#72800000
0"
1$
#72805000
b10 !
b10 ,
b110010 +
1"
#72810000
0"
0$
#72815000
b1100100 +
1"
#72820000
0"
b1100110100 )
#72825000
b11001001 +
1"
#72830000
0"
#72835000
b10010010 +
1"
#72840000
0"
1$
#72845000
b11 !
b11 ,
b100100 +
1"
#72850000
0"
0$
#72855000
b1001001 +
1"
#72860000
0"
b1100110101 )
#72865000
b10010011 +
1"
#72870000
0"
#72875000
b100110 +
1"
#72880000
0"
1$
#72885000
b1001101 +
1"
#72890000
0"
0$
#72895000
b10011011 +
1"
#72900000
0"
b1100110110 )
#72905000
b110111 +
1"
#72910000
0"
#72915000
b1101110 +
1"
#72920000
0"
1$
#72925000
b11011100 +
1"
#72930000
0"
0$
#72935000
b10111001 +
1"
#72940000
0"
b1100110111 )
#72945000
b1110010 +
1"
#72950000
0"
#72955000
b11100100 +
1"
#72960000
0"
1$
#72965000
b1 !
b1 ,
b11001000 +
1"
#72970000
0"
0$
#72975000
b10010000 +
1"
#72980000
0"
b1100111000 )
#72985000
b100000 +
1"
#72990000
0"
#72995000
b1000001 +
1"
#73000000
0"
1$
#73005000
b110 !
b110 ,
b10000010 +
1"
#73010000
0"
0$
#73015000
b101 +
1"
#73020000
0"
b1100111001 )
#73025000
b1010 +
1"
#73030000
0"
#73035000
b10101 +
1"
#73040000
0"
1$
#73045000
b100 !
b100 ,
b101011 +
1"
#73050000
0"
0$
#73055000
b1010110 +
1"
#73060000
0"
b1100111010 )
#73065000
b10101101 +
1"
#73070000
0"
#73075000
b1011011 +
1"
#73080000
0"
1$
#73085000
b10 !
b10 ,
b10110110 +
1"
#73090000
0"
0$
#73095000
b1101101 +
1"
#73100000
0"
b1100111011 )
#73105000
b11011010 +
1"
#73110000
0"
#73115000
b10110101 +
1"
#73120000
0"
1$
#73125000
b1101011 +
1"
#73130000
0"
0$
#73135000
b11010110 +
1"
#73140000
0"
b1100111100 )
#73145000
b10101100 +
1"
#73150000
0"
#73155000
b1011001 +
1"
#73160000
0"
1$
#73165000
b110 !
b110 ,
b10110010 +
1"
#73170000
0"
0$
#73175000
b1100101 +
1"
#73180000
0"
b1100111101 )
#73185000
b11001011 +
1"
#73190000
0"
#73195000
b10010110 +
1"
#73200000
0"
1$
#73205000
b1 !
b1 ,
b101100 +
1"
#73210000
0"
0$
#73215000
b1011000 +
1"
#73220000
0"
b1100111110 )
#73225000
b10110000 +
1"
#73230000
0"
#73235000
b1100001 +
1"
#73240000
0"
1$
#73245000
b10 !
b10 ,
b11000011 +
1"
#73250000
0"
0$
#73255000
b10000111 +
1"
#73260000
0"
b1100111111 )
#73265000
b1111 +
1"
#73270000
0"
#73275000
b11111 +
1"
#73280000
0"
1$
#73285000
b111110 +
1"
#73290000
0"
0$
#73295000
b1111101 +
1"
#73300000
0"
b1101000000 )
#73305000
b11111011 +
1"
#73310000
0"
#73315000
b11110110 +
1"
#73320000
0"
1$
#73325000
b1 !
b1 ,
b11101101 +
1"
#73330000
0"
0$
#73335000
b11011011 +
1"
#73340000
0"
b1101000001 )
#73345000
b10110111 +
1"
#73350000
0"
#73355000
b1101111 +
1"
#73360000
0"
1$
#73365000
b100 !
b100 ,
b11011110 +
1"
#73370000
0"
0$
#73375000
b10111101 +
1"
#73380000
0"
b1101000010 )
#73385000
b1111010 +
1"
#73390000
0"
#73395000
b11110101 +
1"
#73400000
0"
1$
#73405000
b110 !
b110 ,
b11101011 +
1"
#73410000
0"
0$
#73415000
b11010111 +
1"
#73420000
0"
b1101000011 )
#73425000
b10101110 +
1"
#73430000
0"
#73435000
b1011101 +
1"
#73440000
0"
1$
#73445000
b100 !
b100 ,
b10111010 +
1"
#73450000
0"
0$
#73455000
b1110100 +
1"
#73460000
0"
b1101000100 )
#73465000
b11101000 +
1"
#73470000
0"
#73475000
b11010001 +
1"
#73480000
0"
1$
#73485000
b110 !
b110 ,
b10100010 +
1"
#73490000
0"
0$
#73495000
b1000100 +
1"
#73500000
0"
b1101000101 )
#73505000
b10001000 +
1"
#73510000
0"
#73515000
b10000 +
1"
#73520000
0"
1$
#73525000
b101 !
b101 ,
b100001 +
1"
#73530000
0"
0$
#73535000
b1000011 +
1"
#73540000
0"
b1101000110 )
#73545000
b10000110 +
1"
#73550000
0"
#73555000
b1101 +
1"
#73560000
0"
1$
#73565000
b10 !
b10 ,
b11011 +
1"
#73570000
0"
0$
#73575000
b110110 +
1"
#73580000
0"
b1101000111 )
#73585000
b1101100 +
1"
#73590000
0"
#73595000
b11011000 +
1"
#73600000
0"
1$
#73605000
b1 !
b1 ,
b10110001 +
1"
#73610000
0"
0$
#73615000
b1100011 +
1"
#73620000
0"
b1101001000 )
#73625000
b11000111 +
1"
#73630000
0"
#73635000
b10001111 +
1"
#73640000
0"
1$
#73645000
b110 !
b110 ,
b11110 +
1"
#73650000
0"
0$
#73655000
b111100 +
1"
#73660000
0"
b1101001001 )
#73665000
b1111001 +
1"
#73670000
0"
#73675000
b11110011 +
1"
#73680000
0"
1$
#73685000
b100 !
b100 ,
b11100111 +
1"
#73690000
0"
0$
#73695000
b11001110 +
1"
#73700000
0"
b1101001010 )
#73705000
b10011100 +
1"
#73710000
0"
#73715000
b111001 +
1"
#73720000
0"
1$
#73725000
b1110011 +
1"
#73730000
0"
0$
#73735000
b11100110 +
1"
#73740000
0"
b1101001011 )
#73745000
b11001100 +
1"
#73750000
0"
#73755000
b10011000 +
1"
#73760000
0"
1$
#73765000
b11 !
b11 ,
b110001 +
1"
#73770000
0"
0$
#73775000
b1100010 +
1"
#73780000
0"
b1101001100 )
#73785000
b11000101 +
1"
#73790000
0"
#73795000
b10001011 +
1"
#73800000
0"
1$
#73805000
b10 !
b10 ,
b10110 +
1"
#73810000
0"
0$
#73815000
b101101 +
1"
#73820000
0"
b1101001101 )
#73825000
b1011010 +
1"
#73830000
0"
#73835000
b10110100 +
1"
#73840000
0"
1$
#73845000
b1 !
b1 ,
b1101001 +
1"
#73850000
0"
0$
#73855000
b11010010 +
1"
#73860000
0"
b1101001110 )
#73865000
b10100100 +
1"
#73870000
0"
#73875000
b1001000 +
1"
#73880000
0"
1$
#73885000
b10010001 +
1"
#73890000
0"
0$
#73895000
b100010 +
1"
#73900000
0"
b1101001111 )
#73905000
b1000101 +
1"
#73910000
0"
#73915000
b10001010 +
1"
#73920000
0"
1$
#73925000
b10100 +
1"
#73930000
0"
0$
#73935000
b101001 +
1"
#73940000
0"
b1101010000 )
#73945000
b1010010 +
1"
#73950000
0"
#73955000
b10100101 +
1"
#73960000
0"
1$
#73965000
b100 !
b100 ,
b1001010 +
1"
#73970000
0"
0$
#73975000
b10010101 +
1"
#73980000
0"
b1101010001 )
#73985000
b101010 +
1"
#73990000
0"
#73995000
b1010100 +
1"
#74000000
0"
1$
#74005000
b1 !
b1 ,
b10101001 +
1"
#74010000
0"
0$
#74015000
b1010011 +
1"
#74020000
0"
b1101010010 )
#74025000
b10100111 +
1"
#74030000
0"
#74035000
b1001110 +
1"
#74040000
0"
1$
#74045000
b10011101 +
1"
#74050000
0"
0$
#74055000
b111011 +
1"
#74060000
0"
b1101010011 )
#74065000
b1110111 +
1"
#74070000
0"
#74075000
b11101110 +
1"
#74080000
0"
1$
#74085000
b101 !
b101 ,
b11011101 +
1"
#74090000
0"
0$
#74095000
b10111011 +
1"
#74100000
0"
b1101010100 )
#74105000
b1110110 +
1"
#74110000
0"
#74115000
b11101100 +
1"
#74120000
0"
1$
#74125000
b11 !
b11 ,
b11011001 +
1"
#74130000
0"
0$
#74135000
b10110011 +
1"
#74140000
0"
b1101010101 )
#74145000
b1100111 +
1"
#74150000
0"
#74155000
b11001111 +
1"
#74160000
0"
1$
#74165000
b100 !
b100 ,
b10011110 +
1"
#74170000
0"
0$
#74175000
b111101 +
1"
#74180000
0"
b1101010110 )
#74185000
b1111011 +
1"
#74190000
0"
#74195000
b11110111 +
1"
#74200000
0"
1$
#74205000
b10 !
b10 ,
b11101111 +
1"
#74210000
0"
0$
#74215000
b11011111 +
1"
#74220000
0"
b1101010111 )
#74225000
b10111111 +
1"
#74230000
0"
#74235000
b1111110 +
1"
#74240000
0"
1$
#74245000
b1 !
b1 ,
b11111101 +
1"
#74250000
0"
0$
#74255000
b11111010 +
1"
#74260000
0"
b1101011000 )
#74265000
b11110100 +
1"
#74270000
0"
#74275000
b11101001 +
1"
#74280000
0"
1$
#74285000
b110 !
b110 ,
b11010011 +
1"
#74290000
0"
0$
#74295000
b10100110 +
1"
#74300000
0"
b1101011001 )
#74305000
b1001100 +
1"
#74310000
0"
#74315000
b10011001 +
1"
#74320000
0"
1$
#74325000
b100 !
b100 ,
b110011 +
1"
#74330000
0"
0$
#74335000
b1100110 +
1"
#74340000
0"
b1101011010 )
#74345000
b11001101 +
1"
#74350000
0"
#74355000
b10011010 +
1"
#74360000
0"
1$
#74365000
b101 !
b101 ,
b110101 +
1"
#74370000
0"
0$
#74375000
b1101010 +
1"
#74380000
0"
b1101011011 )
#74385000
b11010100 +
1"
#74390000
0"
#74395000
b10101000 +
1"
#74400000
0"
1$
#74405000
b1 !
b1 ,
b1010001 +
1"
#74410000
0"
0$
#74415000
b10100011 +
1"
#74420000
0"
b1101011100 )
#74425000
b1000110 +
1"
#74430000
0"
#74435000
b10001100 +
1"
#74440000
0"
1$
#74445000
b11 !
b11 ,
b11000 +
1"
#74450000
0"
0$
#74455000
b110000 +
1"
#74460000
0"
b1101011101 )
#74465000
b1100000 +
1"
#74470000
0"
#74475000
b11000001 +
1"
#74480000
0"
1$
#74485000
b10 !
b10 ,
b10000011 +
1"
#74490000
0"
0$
#74495000
b111 +
1"
#74500000
0"
b1101011110 )
#74505000
b1110 +
1"
#74510000
0"
#74515000
b11101 +
1"
#74520000
0"
1$
#74525000
b110 !
b110 ,
b111010 +
1"
#74530000
0"
0$
#74535000
b1110101 +
1"
#74540000
0"
b1101011111 )
#74545000
b11101010 +
1"
#74550000
0"
#74555000
b11010101 +
1"
#74560000
0"
1$
#74565000
b100 !
b100 ,
b10101010 +
1"
#74570000
0"
0$
#74575000
b1010101 +
1"
#74580000
0"
b1101100000 )
#74585000
b10101011 +
1"
#74590000
0"
#74595000
b1010111 +
1"
#74600000
0"
1$
#74605000
b10101111 +
1"
#74610000
0"
0$
#74615000
b1011111 +
1"
#74620000
0"
b1101100001 )
#74625000
b10111110 +
1"
#74630000
0"
#74635000
b1111100 +
1"
#74640000
0"
1$
#74645000
b101 !
b101 ,
b11111001 +
1"
#74650000
0"
0$
#74655000
b11110010 +
1"
#74660000
0"
b1101100010 )
#74665000
b11100101 +
1"
#74670000
0"
#74675000
b11001010 +
1"
#74680000
0"
1$
#74685000
b10010100 +
1"
#74690000
0"
0$
#74695000
b101000 +
1"
#74700000
0"
b1101100011 )
#74705000
b1010000 +
1"
#74710000
0"
#74715000
b10100001 +
1"
#74720000
0"
1$
#74725000
b110 !
b110 ,
b1000010 +
1"
#74730000
0"
0$
#74735000
b10000100 +
1"
#74740000
0"
b1101100100 )
#74745000
b1001 +
1"
#74750000
0"
#74755000
b10011 +
1"
#74760000
0"
1$
#74765000
b10 !
b10 ,
b100111 +
1"
#74770000
0"
0$
#74775000
b1001111 +
1"
#74780000
0"
b1101100101 )
#74785000
b10011111 +
1"
#74790000
0"
#74795000
b111111 +
1"
#74800000
0"
1$
#74805000
b100 !
b100 ,
b1111111 +
1"
#74810000
0"
0$
#74815000
b11111111 +
1"
#74820000
0"
b1101100110 )
#74825000
b11111110 +
1"
#74830000
0"
#74835000
b11111100 +
1"
#74840000
0"
1$
#74845000
b1 !
b1 ,
b11111000 +
1"
#74850000
0"
0$
#74855000
b11110000 +
1"
#74860000
0"
b1101100111 )
#74865000
b11100001 +
1"
#74870000
0"
#74875000
b11000010 +
1"
#74880000
0"
1$
#74885000
b11 !
b11 ,
b10000101 +
1"
#74890000
0"
0$
#74895000
b1011 +
1"
#74900000
0"
b1101101000 )
#74905000
b10111 +
1"
#74910000
0"
#74915000
b101111 +
1"
#74920000
0"
1$
#74925000
b110 !
b110 ,
b1011110 +
1"
#74930000
0"
0$
#74935000
b10111100 +
1"
#74940000
0"
b1101101001 )
#74945000
b1111000 +
1"
#74950000
0"
#74955000
b11110001 +
1"
#74960000
0"
1$
#74965000
b10 !
b10 ,
b11100011 +
1"
#74970000
0"
0$
#74975000
b11000110 +
1"
#74980000
0"
b1101101010 )
#74985000
b10001101 +
1"
#74990000
0"
#74995000
b11010 +
1"
#75000000
0"
1$
#75005000
b11 !
b11 ,
b110100 +
1"
#75010000
0"
0$
#75015000
b1101000 +
1"
#75020000
0"
b1101101011 )
#75025000
b11010000 +
1"
#75030000
0"
#75035000
b10100000 +
1"
#75040000
0"
1$
#75045000
b101 !
b101 ,
b1000000 +
1"
#75050000
0"
0$
#75055000
b10000000 +
1"
#75060000
0"
b1101101100 )
#75065000
b1 +
1"
#75070000
0"
#75075000
b10 +
1"
#75080000
0"
1$
#75085000
b11 !
b11 ,
b100 +
1"
#75090000
0"
0$
#75095000
b1000 +
1"
#75100000
0"
b1101101101 )
#75105000
b10001 +
1"
#75110000
0"
#75115000
b100011 +
1"
#75120000
0"
1$
#75125000
b110 !
b110 ,
b1000111 +
1"
#75130000
0"
0$
#75135000
b10001110 +
1"
#75140000
0"
b1101101110 )
#75145000
b11100 +
1"
#75150000
0"
#75155000
b111000 +
1"
#75160000
0"
1$
#75165000
b11 !
b11 ,
b1110001 +
1"
#75170000
0"
0$
#75175000
b11100010 +
1"
#75180000
0"
b1101101111 )
#75185000
b11000100 +
1"
#75190000
0"
#75195000
b10001001 +
1"
#75200000
0"
1$
#75205000
b110 !
b110 ,
b10010 +
1"
#75210000
0"
0$
#75215000
b100101 +
1"
#75220000
0"
b1101110000 )
#75225000
b1001011 +
1"
#75230000
0"
#75235000
b10010111 +
1"
#75240000
0"
1$
#75245000
b10 !
b10 ,
b101110 +
1"
#75250000
0"
0$
#75255000
b1011100 +
1"
#75260000
0"
b1101110001 )
#75265000
b10111000 +
1"
#75270000
0"
#75275000
b1110000 +
1"
#75280000
0"
1$
#75285000
b101 !
b101 ,
b11100000 +
1"
#75290000
0"
0$
#75295000
b11000000 +
1"
#75300000
0"
b1101110010 )
#75305000
b10000001 +
1"
#75310000
0"
#75315000
b11 +
1"
#75320000
0"
1$
#75325000
b100 !
b100 ,
b110 +
1"
#75330000
0"
0$
#75335000
b1100 +
1"
#75340000
0"
b1101110011 )
#75345000
b11001 +
1"
#75350000
0"
#75355000
b110010 +
1"
#75360000
0"
1$
#75365000
b11 !
b11 ,
b1100100 +
1"
#75370000
0"
0$
#75375000
b11001001 +
1"
#75380000
0"
b1101110100 )
#75385000
b10010010 +
1"
#75390000
0"
#75395000
b100100 +
1"
#75400000
0"
1$
#75405000
b1 !
b1 ,
b1001001 +
1"
#75410000
0"
0$
#75415000
b10010011 +
1"
#75420000
0"
b1101110101 )
#75425000
b100110 +
1"
#75430000
0"
#75435000
b1001101 +
1"
#75440000
0"
1$
#75445000
b110 !
b110 ,
b10011011 +
1"
#75450000
0"
0$
#75455000
b110111 +
1"
#75460000
0"
b1101110110 )
#75465000
b1101110 +
1"
#75470000
0"
#75475000
b11011100 +
1"
#75480000
0"
1$
#75485000
b101 !
b101 ,
b10111001 +
1"
#75490000
0"
0$
#75495000
b1110010 +
1"
#75500000
0"
b1101110111 )
#75505000
b11100100 +
1"
#75510000
0"
#75515000
b11001000 +
1"
#75520000
0"
1$
#75525000
b11 !
b11 ,
b10010000 +
1"
#75530000
0"
0$
#75535000
b100000 +
1"
#75540000
0"
b1101111000 )
#75545000
b1000001 +
1"
#75550000
0"
#75555000
b10000010 +
1"
#75560000
0"
1$
#75565000
b101 !
b101 ,
b101 +
1"
#75570000
0"
0$
#75575000
b1010 +
1"
#75580000
0"
b1101111001 )
#75585000
b10101 +
1"
#75590000
0"
#75595000
b101011 +
1"
#75600000
0"
1$
#75605000
b10 !
b10 ,
b1010110 +
1"
#75610000
0"
0$
#75615000
b10101101 +
1"
#75620000
0"
b1101111010 )
#75625000
b1011011 +
1"
#75630000
0"
#75635000
b10110110 +
1"
#75640000
0"
1$
#75645000
b11 !
b11 ,
b1101101 +
1"
#75650000
0"
0$
#75655000
b11011010 +
1"
#75660000
0"
b1101111011 )
#75665000
b10110101 +
1"
#75670000
0"
#75675000
b1101011 +
1"
#75680000
0"
1$
#75685000
b110 !
b110 ,
b11010110 +
1"
#75690000
0"
0$
#75695000
b10101100 +
1"
#75700000
0"
b1101111100 )
#75705000
b1011001 +
1"
#75710000
0"
#75715000
b10110010 +
1"
#75720000
0"
1$
#75725000
b101 !
b101 ,
b1100101 +
1"
#75730000
0"
0$
#75735000
b11001011 +
1"
#75740000
0"
b1101111101 )
#75745000
b10010110 +
1"
#75750000
0"
#75755000
b101100 +
1"
#75760000
0"
1$
#75765000
b11 !
b11 ,
b1011000 +
1"
#75770000
0"
0$
#75775000
b10110000 +
1"
#75780000
0"
b1101111110 )
#75785000
b1100001 +
1"
#75790000
0"
#75795000
b11000011 +
1"
#75800000
0"
1$
#75805000
b100 !
b100 ,
b10000111 +
1"
#75810000
0"
0$
#75815000
b1111 +
1"
#75820000
0"
b1101111111 )
#75825000
b11111 +
1"
#75830000
0"
#75835000
b111110 +
1"
#75840000
0"
1$
#75845000
b11 !
b11 ,
b1111101 +
1"
#75850000
0"
0$
#75855000
b11111011 +
1"
#75860000
0"
b1110000000 )
#75865000
b11110110 +
1"
#75870000
0"
#75875000
b11101101 +
1"
#75880000
0"
1$
#75885000
b100 !
b100 ,
b11011011 +
1"
#75890000
0"
0$
#75895000
b10110111 +
1"
#75900000
0"
b1110000001 )
#75905000
b1101111 +
1"
#75910000
0"
#75915000
b11011110 +
1"
#75920000
0"
1$
#75925000
b1 !
b1 ,
b10111101 +
1"
#75930000
0"
0$
#75935000
b1111010 +
1"
#75940000
0"
b1110000010 )
#75945000
b11110101 +
1"
#75950000
0"
#75955000
b11101011 +
1"
#75960000
0"
1$
#75965000
b10 !
b10 ,
b11010111 +
1"
#75970000
0"
0$
#75975000
b10101110 +
1"
#75980000
0"
b1110000011 )
#75985000
b1011101 +
1"
#75990000
0"
#75995000
b10111010 +
1"
#76000000
0"
1$
#76005000
b1 !
b1 ,
b1110100 +
1"
#76010000
0"
0$
#76015000
b11101000 +
1"
#76020000
0"
b1110000100 )
#76025000
b11010001 +
1"
#76030000
0"
#76035000
b10100010 +
1"
#76040000
0"
1$
#76045000
b1000100 +
1"
#76050000
0"
0$
#76055000
b10001000 +
1"
#76060000
0"
b1110000101 )
#76065000
b10000 +
1"
#76070000
0"
#76075000
b100001 +
1"
#76080000
0"
1$
#76085000
b100 !
b100 ,
b1000011 +
1"
#76090000
0"
0$
#76095000
b10000110 +
1"
#76100000
0"
b1110000110 )
#76105000
b1101 +
1"
#76110000
0"
#76115000
b11011 +
1"
#76120000
0"
1$
#76125000
b110110 +
1"
#76130000
0"
0$
#76135000
b1101100 +
1"
#76140000
0"
b1110000111 )
#76145000
b11011000 +
1"
#76150000
0"
#76155000
b10110001 +
1"
#76160000
0"
1$
#76165000
b1100011 +
1"
#76170000
0"
0$
#76175000
b11000111 +
1"
#76180000
0"
b1110001000 )
#76185000
b10001111 +
1"
#76190000
0"
#76195000
b11110 +
1"
#76200000
0"
1$
#76205000
b1 !
b1 ,
b111100 +
1"
#76210000
0"
0$
#76215000
b1111001 +
1"
#76220000
0"
b1110001001 )
#76225000
b11110011 +
1"
#76230000
0"
#76235000
b11100111 +
1"
#76240000
0"
1$
#76245000
b100 !
b100 ,
b11001110 +
1"
#76250000
0"
0$
#76255000
b10011100 +
1"
#76260000
0"
b1110001010 )
#76265000
b111001 +
1"
#76270000
0"
#76275000
b1110011 +
1"
#76280000
0"
1$
#76285000
b10 !
b10 ,
b11100110 +
1"
#76290000
0"
0$
#76295000
b11001100 +
1"
#76300000
0"
b1110001011 )
#76305000
b10011000 +
1"
#76310000
0"
#76315000
b110001 +
1"
#76320000
0"
1$
#76325000
b1100010 +
1"
#76330000
0"
0$
#76335000
b11000101 +
1"
#76340000
0"
b1110001100 )
#76345000
b10001011 +
1"
#76350000
0"
#76355000
b10110 +
1"
#76360000
0"
1$
#76365000
b101 !
b101 ,
b101101 +
1"
#76370000
0"
0$
#76375000
b1011010 +
1"
#76380000
0"
b1110001101 )
#76385000
b10110100 +
1"
#76390000
0"
#76395000
b1101001 +
1"
#76400000
0"
1$
#76405000
b100 !
b100 ,
b11010010 +
1"
#76410000
0"
0$
#76415000
b10100100 +
1"
#76420000
0"
b1110001110 )
#76425000
b1001000 +
1"
#76430000
0"
#76435000
b10010001 +
1"
#76440000
0"
1$
#76445000
b10 !
b10 ,
b100010 +
1"
#76450000
0"
0$
#76455000
b1000101 +
1"
#76460000
0"
b1110001111 )
#76465000
b10001010 +
1"
#76470000
0"
#76475000
b10100 +
1"
#76480000
0"
1$
#76485000
b11 !
b11 ,
b101001 +
1"
#76490000
0"
0$
#76495000
b1010010 +
1"
#76500000
0"
b1110010000 )
#76505000
b10100101 +
1"
#76510000
0"
#76515000
b1001010 +
1"
#76520000
0"
1$
#76525000
b10010101 +
1"
#76530000
0"
0$
#76535000
b101010 +
1"
#76540000
0"
b1110010001 )
#76545000
b1010100 +
1"
#76550000
0"
#76555000
b10101001 +
1"
#76560000
0"
1$
#76565000
b10 !
b10 ,
b1010011 +
1"
#76570000
0"
0$
#76575000
b10100111 +
1"
#76580000
0"
b1110010010 )
#76585000
b1001110 +
1"
#76590000
0"
#76595000
b10011101 +
1"
#76600000
0"
1$
#76605000
b111011 +
1"
#76610000
0"
0$
#76615000
b1110111 +
1"
#76620000
0"
b1110010011 )
#76625000
b11101110 +
1"
#76630000
0"
#76635000
b11011101 +
1"
#76640000
0"
1$
#76645000
b110 !
b110 ,
b10111011 +
1"
#76650000
0"
0$
#76655000
b1110110 +
1"
#76660000
0"
b1110010100 )
#76665000
b11101100 +
1"
#76670000
0"
#76675000
b11011001 +
1"
#76680000
0"
1$
#76685000
b10 !
b10 ,
b10110011 +
1"
#76690000
0"
0$
#76695000
b1100111 +
1"
#76700000
0"
b1110010101 )
#76705000
b11001111 +
1"
#76710000
0"
#76715000
b10011110 +
1"
#76720000
0"
1$
#76725000
b11 !
b11 ,
b111101 +
1"
#76730000
0"
0$
#76735000
b1111011 +
1"
#76740000
0"
b1110010110 )
#76745000
b11110111 +
1"
#76750000
0"
#76755000
b11101111 +
1"
#76760000
0"
1$
#76765000
b110 !
b110 ,
b11011111 +
1"
#76770000
0"
0$
#76775000
b10111111 +
1"
#76780000
0"
b1110010111 )
#76785000
b1111110 +
1"
#76790000
0"
#76795000
b11111101 +
1"
#76800000
0"
1$
#76805000
b10 !
b10 ,
b11111010 +
1"
#76810000
0"
0$
#76815000
b11110100 +
1"
#76820000
0"
b1110011000 )
#76825000
b11101001 +
1"
#76830000
0"
#76835000
b11010011 +
1"
#76840000
0"
1$
#76845000
b10100110 +
1"
#76850000
0"
0$
#76855000
b1001100 +
1"
#76860000
0"
b1110011001 )
#76865000
b10011001 +
1"
#76870000
0"
#76875000
b110011 +
1"
#76880000
0"
1$
#76885000
b100 !
b100 ,
b1100110 +
1"
#76890000
0"
0$
#76895000
b11001101 +
1"
#76900000
0"
b1110011010 )
#76905000
b10011010 +
1"
#76910000
0"
#76915000
b110101 +
1"
#76920000
0"
1$
#76925000
b110 !
b110 ,
b1101010 +
1"
#76930000
0"
0$
#76935000
b11010100 +
1"
#76940000
0"
b1110011011 )
#76945000
b10101000 +
1"
#76950000
0"
#76955000
b1010001 +
1"
#76960000
0"
1$
#76965000
b100 !
b100 ,
b10100011 +
1"
#76970000
0"
0$
#76975000
b1000110 +
1"
#76980000
0"
b1110011100 )
#76985000
b10001100 +
1"
#76990000
0"
#76995000
b11000 +
1"
#77000000
0"
1$
#77005000
b1 !
b1 ,
b110000 +
1"
#77010000
0"
0$
#77015000
b1100000 +
1"
#77020000
0"
b1110011101 )
#77025000
b11000001 +
1"
#77030000
0"
#77035000
b10000011 +
1"
#77040000
0"
1$
#77045000
b110 !
b110 ,
b111 +
1"
#77050000
0"
0$
#77055000
b1110 +
1"
#77060000
0"
b1110011110 )
#77065000
b11101 +
1"
#77070000
0"
#77075000
b111010 +
1"
#77080000
0"
1$
#77085000
b101 !
b101 ,
b1110101 +
1"
#77090000
0"
0$
#77095000
b11101010 +
1"
#77100000
0"
b1110011111 )
#77105000
b11010101 +
1"
#77110000
0"
#77115000
b10101010 +
1"
#77120000
0"
1$
#77125000
b11 !
b11 ,
b1010101 +
1"
#77130000
0"
0$
#77135000
b10101011 +
1"
#77140000
0"
b1110100000 )
#77145000
b1010111 +
1"
#77150000
0"
#77155000
b10101111 +
1"
#77160000
0"
1$
#77165000
b10 !
b10 ,
b1011111 +
1"
#77170000
0"
0$
#77175000
b10111110 +
1"
#77180000
0"
b1110100001 )
#77185000
b1111100 +
1"
#77190000
0"
#77195000
b11111001 +
1"
#77200000
0"
1$
#77205000
b100 !
b100 ,
b11110010 +
1"
#77210000
0"
0$
#77215000
b11100101 +
1"
#77220000
0"
b1110100010 )
#77225000
b11001010 +
1"
#77230000
0"
#77235000
b10010100 +
1"
#77240000
0"
1$
#77245000
b101 !
b101 ,
b101000 +
1"
#77250000
0"
0$
#77255000
b1010000 +
1"
#77260000
0"
b1110100011 )
#77265000
b10100001 +
1"
#77270000
0"
#77275000
b1000010 +
1"
#77280000
0"
1$
#77285000
b1 !
b1 ,
b10000100 +
1"
#77290000
0"
0$
#77295000
b1001 +
1"
#77300000
0"
b1110100100 )
#77305000
b10011 +
1"
#77310000
0"
#77315000
b100111 +
1"
#77320000
0"
1$
#77325000
b100 !
b100 ,
b1001111 +
1"
#77330000
0"
0$
#77335000
b10011111 +
1"
#77340000
0"
b1110100101 )
#77345000
b111111 +
1"
#77350000
0"
#77355000
b1111111 +
1"
#77360000
0"
1$
#77365000
b10 !
b10 ,
b11111111 +
1"
#77370000
0"
0$
#77375000
b11111110 +
1"
#77380000
0"
b1110100110 )
#77385000
b11111100 +
1"
#77390000
0"
#77395000
b11111000 +
1"
#77400000
0"
1$
#77405000
b11 !
b11 ,
b11110000 +
1"
#77410000
0"
0$
#77415000
b11100001 +
1"
#77420000
0"
b1110100111 )
#77425000
b11000010 +
1"
#77430000
0"
#77435000
b10000101 +
1"
#77440000
0"
1$
#77445000
b10 !
b10 ,
b1011 +
1"
#77450000
0"
0$
#77455000
b10111 +
1"
#77460000
0"
b1110101000 )
#77465000
b101111 +
1"
#77470000
0"
#77475000
b1011110 +
1"
#77480000
0"
1$
#77485000
b101 !
b101 ,
b10111100 +
1"
#77490000
0"
0$
#77495000
b1111000 +
1"
#77500000
0"
b1110101001 )
#77505000
b11110001 +
1"
#77510000
0"
#77515000
b11100011 +
1"
#77520000
0"
1$
#77525000
b110 !
b110 ,
b11000110 +
1"
#77530000
0"
0$
#77535000
b10001101 +
1"
#77540000
0"
b1110101010 )
#77545000
b11010 +
1"
#77550000
0"
#77555000
b110100 +
1"
#77560000
0"
1$
#77565000
b101 !
b101 ,
b1101000 +
1"
#77570000
0"
0$
#77575000
b11010000 +
1"
#77580000
0"
b1110101011 )
#77585000
b10100000 +
1"
#77590000
0"
#77595000
b1000000 +
1"
#77600000
0"
1$
#77605000
b10000000 +
1"
#77610000
0"
0$
#77615000
b1 +
1"
#77620000
0"
b1110101100 )
#77625000
b10 +
1"
#77630000
0"
#77635000
b100 +
1"
#77640000
0"
1$
#77645000
b1000 +
1"
#77650000
0"
0$
#77655000
b10001 +
1"
#77660000
0"
b1110101101 )
#77665000
b100011 +
1"
#77670000
0"
#77675000
b1000111 +
1"
#77680000
0"
1$
#77685000
b110 !
b110 ,
b10001110 +
1"
#77690000
0"
0$
#77695000
b11100 +
1"
#77700000
0"
b1110101110 )
#77705000
b111000 +
1"
#77710000
0"
#77715000
b1110001 +
1"
#77720000
0"
1$
#77725000
b11100010 +
1"
#77730000
0"
0$
#77735000
b11000100 +
1"
#77740000
0"
b1110101111 )
#77745000
b10001001 +
1"
#77750000
0"
#77755000
b10010 +
1"
#77760000
0"
1$
#77765000
b1 !
b1 ,
b100101 +
1"
#77770000
0"
0$
#77775000
b1001011 +
1"
#77780000
0"
b1110110000 )
#77785000
b10010111 +
1"
#77790000
0"
#77795000
b101110 +
1"
#77800000
0"
1$
#77805000
b101 !
b101 ,
b1011100 +
1"
#77810000
0"
0$
#77815000
b10111000 +
1"
#77820000
0"
b1110110001 )
#77825000
b1110000 +
1"
#77830000
0"
#77835000
b11100000 +
1"
#77840000
0"
1$
#77845000
b11 !
b11 ,
b11000000 +
1"
#77850000
0"
0$
#77855000
b10000001 +
1"
#77860000
0"
b1110110010 )
#77865000
b11 +
1"
#77870000
0"
#77875000
b110 +
1"
#77880000
0"
1$
#77885000
b1 !
b1 ,
b1100 +
1"
#77890000
0"
0$
#77895000
b11001 +
1"
#77900000
0"
b1110110011 )
#77905000
b110010 +
1"
#77910000
0"
#77915000
b1100100 +
1"
#77920000
0"
1$
#77925000
b101 !
b101 ,
b11001001 +
1"
#77930000
0"
0$
#77935000
b10010010 +
1"
#77940000
0"
b1110110100 )
#77945000
b100100 +
1"
#77950000
0"
#77955000
b1001001 +
1"
#77960000
0"
1$
#77965000
b10 !
b10 ,
b10010011 +
1"
#77970000
0"
0$
#77975000
b100110 +
1"
#77980000
0"
b1110110101 )
#77985000
b1001101 +
1"
#77990000
0"
#77995000
b10011011 +
1"
#78000000
0"
1$
#78005000
b110 !
b110 ,
b110111 +
1"
#78010000
0"
0$
#78015000
b1101110 +
1"
#78020000
0"
b1110110110 )
#78025000
b11011100 +
1"
#78030000
0"
#78035000
b10111001 +
1"
#78040000
0"
1$
#78045000
b1110010 +
1"
#78050000
0"
0$
#78055000
b11100100 +
1"
#78060000
0"
b1110110111 )
#78065000
b11001000 +
1"
#78070000
0"
#78075000
b10010000 +
1"
#78080000
0"
1$
#78085000
b1 !
b1 ,
b100000 +
1"
#78090000
0"
0$
#78095000
b1000001 +
1"
#78100000
0"
b1110111000 )
#78105000
b10000010 +
1"
#78110000
0"
#78115000
b101 +
1"
#78120000
0"
1$
#78125000
b110 !
b110 ,
b1010 +
1"
#78130000
0"
0$
#78135000
b10101 +
1"
#78140000
0"
b1110111001 )
#78145000
b101011 +
1"
#78150000
0"
#78155000
b1010110 +
1"
#78160000
0"
1$
#78165000
b11 !
b11 ,
b10101101 +
1"
#78170000
0"
0$
#78175000
b1011011 +
1"
#78180000
0"
b1110111010 )
#78185000
b10110110 +
1"
#78190000
0"
#78195000
b1101101 +
1"
#78200000
0"
1$
#78205000
b10 !
b10 ,
b11011010 +
1"
#78210000
0"
0$
#78215000
b10110101 +
1"
#78220000
0"
b1110111011 )
#78225000
b1101011 +
1"
#78230000
0"
#78235000
b11010110 +
1"
#78240000
0"
1$
#78245000
b101 !
b101 ,
b10101100 +
1"
#78250000
0"
0$
#78255000
b1011001 +
1"
#78260000
0"
b1110111100 )
#78265000
b10110010 +
1"
#78270000
0"
#78275000
b1100101 +
1"
#78280000
0"
1$
#78285000
b110 !
b110 ,
b11001011 +
1"
#78290000
0"
0$
#78295000
b10010110 +
1"
#78300000
0"
b1110111101 )
#78305000
b101100 +
1"
#78310000
0"
#78315000
b1011000 +
1"
#78320000
0"
1$
#78325000
b101 !
b101 ,
b10110000 +
1"
#78330000
0"
0$
#78335000
b1100001 +
1"
#78340000
0"
b1110111110 )
#78345000
b11000011 +
1"
#78350000
0"
#78355000
b10000111 +
1"
#78360000
0"
1$
#78365000
b100 !
b100 ,
b1111 +
1"
#78370000
0"
0$
#78375000
b11111 +
1"
#78380000
0"
b1110111111 )
#78385000
b111110 +
1"
#78390000
0"
#78395000
b1111101 +
1"
#78400000
0"
1$
#78405000
b110 !
b110 ,
b11111011 +
1"
#78410000
0"
0$
#78415000
b11110110 +
1"
#78420000
0"
b1111000000 )
#78425000
b11101101 +
1"
#78430000
0"
#78435000
b11011011 +
1"
#78440000
0"
1$
#78445000
b100 !
b100 ,
b10110111 +
1"
#78450000
0"
0$
#78455000
b1101111 +
1"
#78460000
0"
b1111000001 )
#78465000
b11011110 +
1"
#78470000
0"
#78475000
b10111101 +
1"
#78480000
0"
1$
#78485000
b1111010 +
1"
#78490000
0"
0$
#78495000
b11110101 +
1"
#78500000
0"
b1111000010 )
#78505000
b11101011 +
1"
#78510000
0"
#78515000
b11010111 +
1"
#78520000
0"
1$
#78525000
b110 !
b110 ,
b10101110 +
1"
#78530000
0"
0$
#78535000
b1011101 +
1"
#78540000
0"
b1111000011 )
#78545000
b10111010 +
1"
#78550000
0"
#78555000
b1110100 +
1"
#78560000
0"
1$
#78565000
b11 !
b11 ,
b11101000 +
1"
#78570000
0"
0$
#78575000
b11010001 +
1"
#78580000
0"
b1111000100 )
#78585000
b10100010 +
1"
#78590000
0"
#78595000
b1000100 +
1"
#78600000
0"
1$
#78605000
b10001000 +
1"
#78610000
0"
0$
#78615000
b10000 +
1"
#78620000
0"
b1111000101 )
#78625000
b100001 +
1"
#78630000
0"
#78635000
b1000011 +
1"
#78640000
0"
1$
#78645000
b10 !
b10 ,
b10000110 +
1"
#78650000
0"
0$
#78655000
b1101 +
1"
#78660000
0"
b1111000110 )
#78665000
b11011 +
1"
#78670000
0"
#78675000
b110110 +
1"
#78680000
0"
1$
#78685000
b1 !
b1 ,
b1101100 +
1"
#78690000
0"
0$
#78695000
b11011000 +
1"
#78700000
0"
b1111000111 )
#78705000
b10110001 +
1"
#78710000
0"
#78715000
b1100011 +
1"
#78720000
0"
1$
#78725000
b100 !
b100 ,
b11000111 +
1"
#78730000
0"
0$
#78735000
b10001111 +
1"
#78740000
0"
b1111001000 )
#78745000
b11110 +
1"
#78750000
0"
#78755000
b111100 +
1"
#78760000
0"
1$
#78765000
b1 !
b1 ,
b1111001 +
1"
#78770000
0"
0$
#78775000
b11110011 +
1"
#78780000
0"
b1111001001 )
#78785000
b11100111 +
1"
#78790000
0"
#78795000
b11001110 +
1"
#78800000
0"
1$
#78805000
b11 !
b11 ,
b10011100 +
1"
#78810000
0"
0$
#78815000
b111001 +
1"
#78820000
0"
b1111001010 )
#78825000
b1110011 +
1"
#78830000
0"
#78835000
b11100110 +
1"
#78840000
0"
1$
#78845000
b11001100 +
1"
#78850000
0"
0$
#78855000
b10011000 +
1"
#78860000
0"
b1111001011 )
#78865000
b110001 +
1"
#78870000
0"
#78875000
b1100010 +
1"
#78880000
0"
1$
#78885000
b11000101 +
1"
#78890000
0"
0$
#78895000
b10001011 +
1"
#78900000
0"
b1111001100 )
#78905000
b10110 +
1"
#78910000
0"
#78915000
b101101 +
1"
#78920000
0"
1$
#78925000
b100 !
b100 ,
b1011010 +
1"
#78930000
0"
0$
#78935000
b10110100 +
1"
#78940000
0"
b1111001101 )
#78945000
b1101001 +
1"
#78950000
0"
#78955000
b11010010 +
1"
#78960000
0"
1$
#78965000
b1 !
b1 ,
b10100100 +
1"
#78970000
0"
0$
#78975000
b1001000 +
1"
#78980000
0"
b1111001110 )
#78985000
b10010001 +
1"
#78990000
0"
#78995000
b100010 +
1"
#79000000
0"
1$
#79005000
b101 !
b101 ,
b1000101 +
1"
#79010000
0"
0$
#79015000
b10001010 +
1"
#79020000
0"
b1111001111 )
#79025000
b10100 +
1"
#79030000
0"
#79035000
b101001 +
1"
#79040000
0"
1$
#79045000
b110 !
b110 ,
b1010010 +
1"
#79050000
0"
0$
#79055000
b10100101 +
1"
#79060000
0"
b1111010000 )
#79065000
b1001010 +
1"
#79070000
0"
#79075000
b10010101 +
1"
#79080000
0"
1$
#79085000
b101010 +
1"
#79090000
0"
0$
#79095000
b1010100 +
1"
#79100000
0"
b1111010001 )
#79105000
b10101001 +
1"
#79110000
0"
#79115000
b1010011 +
1"
#79120000
0"
1$
#79125000
b10100111 +
1"
#79130000
0"
0$
#79135000
b1001110 +
1"
#79140000
0"
b1111010010 )
#79145000
b10011101 +
1"
#79150000
0"
#79155000
b111011 +
1"
#79160000
0"
1$
#79165000
b1110111 +
1"
#79170000
0"
0$
#79175000
b11101110 +
1"
#79180000
0"
b1111010011 )
#79185000
b11011101 +
1"
#79190000
0"
#79195000
b10111011 +
1"
#79200000
0"
1$
#79205000
b10 !
b10 ,
b1110110 +
1"
#79210000
0"
0$
#79215000
b11101100 +
1"
#79220000
0"
b1111010100 )
#79225000
b11011001 +
1"
#79230000
0"
#79235000
b10110011 +
1"
#79240000
0"
1$
#79245000
b110 !
b110 ,
b1100111 +
1"
#79250000
0"
0$
#79255000
b11001111 +
1"
#79260000
0"
b1111010101 )
#79265000
b10011110 +
1"
#79270000
0"
#79275000
b111101 +
1"
#79280000
0"
1$
#79285000
b10 !
b10 ,
b1111011 +
1"
#79290000
0"
0$
#79295000
b11110111 +
1"
#79300000
0"
b1111010110 )
#79305000
b11101111 +
1"
#79310000
0"
#79315000
b11011111 +
1"
#79320000
0"
1$
#79325000
b10111111 +
1"
#79330000
0"
0$
#79335000
b1111110 +
1"
#79340000
0"
b1111010111 )
#79345000
b11111101 +
1"
#79350000
0"
#79355000
b11111010 +
1"
#79360000
0"
1$
#79365000
b101 !
b101 ,
b11110100 +
1"
#79370000
0"
0$
#79375000
b11101001 +
1"
#79380000
0"
b1111011000 )
#79385000
b11010011 +
1"
#79390000
0"
#79395000
b10100110 +
1"
#79400000
0"
1$
#79405000
b1001100 +
1"
#79410000
0"
0$
#79415000
b10011001 +
1"
#79420000
0"
b1111011001 )
#79425000
b110011 +
1"
#79430000
0"
#79435000
b1100110 +
1"
#79440000
0"
1$
#79445000
b1 !
b1 ,
b11001101 +
1"
#79450000
0"
0$
#79455000
b10011010 +
1"
#79460000
0"
b1111011010 )
#79465000
b110101 +
1"
#79470000
0"
#79475000
b1101010 +
1"
#79480000
0"
1$
#79485000
b101 !
b101 ,
b11010100 +
1"
#79490000
0"
0$
#79495000
b10101000 +
1"
#79500000
0"
b1111011011 )
#79505000
b1010001 +
1"
#79510000
0"
#79515000
b10100011 +
1"
#79520000
0"
1$
#79525000
b10 !
b10 ,
b1000110 +
1"
#79530000
0"
0$
#79535000
b10001100 +
1"
#79540000
0"
b1111011100 )
#79545000
b11000 +
1"
#79550000
0"
#79555000
b110000 +
1"
#79560000
0"
1$
#79565000
b1 !
b1 ,
b1100000 +
1"
#79570000
0"
0$
#79575000
b11000001 +
1"
#79580000
0"
b1111011101 )
#79585000
b10000011 +
1"
#79590000
0"
#79595000
b111 +
1"
#79600000
0"
1$
#79605000
b10 !
b10 ,
b1110 +
1"
#79610000
0"
0$
#79615000
b11101 +
1"
#79620000
0"
b1111011110 )
#79625000
b111010 +
1"
#79630000
0"
#79635000
b1110101 +
1"
#79640000
0"
1$
#79645000
b100 !
b100 ,
b11101010 +
1"
#79650000
0"
0$
#79655000
b11010101 +
1"
#79660000
0"
b1111011111 )
#79665000
b10101010 +
1"
#79670000
0"
#79675000
b1010101 +
1"
#79680000
0"
1$
#79685000
b10 !
b10 ,
b10101011 +
1"
#79690000
0"
0$
#79695000
b1010111 +
1"
#79700000
0"
b1111100000 )
#79705000
b10101111 +
1"
#79710000
0"
#79715000
b1011111 +
1"
#79720000
0"
1$
#79725000
b110 !
b110 ,
b10111110 +
1"
#79730000
0"
0$
#79735000
b1111100 +
1"
#79740000
0"
b1111100001 )
#79745000
b11111001 +
1"
#79750000
0"
#79755000
b11110010 +
1"
#79760000
0"
1$
#79765000
b11 !
b11 ,
b11100101 +
1"
#79770000
0"
0$
#79775000
b11001010 +
1"
#79780000
0"
b1111100010 )
#79785000
b10010100 +
1"
#79790000
0"
#79795000
b101000 +
1"
#79800000
0"
1$
#79805000
b101 !
b101 ,
b1010000 +
1"
#79810000
0"
0$
#79815000
b10100001 +
1"
#79820000
0"
b1111100011 )
#79825000
b1000010 +
1"
#79830000
0"
#79835000
b10000100 +
1"
#79840000
0"
1$
#79845000
b1 !
b1 ,
b1001 +
1"
#79850000
0"
0$
#79855000
b10011 +
1"
#79860000
0"
b1111100100 )
#79865000
b100111 +
1"
#79870000
0"
#79875000
b1001111 +
1"
#79880000
0"
1$
#79885000
b10 !
b10 ,
b10011111 +
1"
#79890000
0"
0$
#79895000
b111111 +
1"
#79900000
0"
b1111100101 )
#79905000
b1111111 +
1"
#79910000
0"
#79915000
b11111111 +
1"
#79920000
0"
1$
#79925000
b100 !
b100 ,
b11111110 +
1"
#79930000
0"
0$
#79935000
b11111100 +
1"
#79940000
0"
b1111100110 )
#79945000
b11111000 +
1"
#79950000
0"
#79955000
b11110000 +
1"
#79960000
0"
1$
#79965000
b1 !
b1 ,
b11100001 +
1"
#79970000
0"
0$
#79975000
b11000010 +
1"
#79980000
0"
b1111100111 )
#79985000
b10000101 +
1"
#79990000
0"
#79995000
b1011 +
1"
#80000000
0"
1$
#80005000
b110 !
b110 ,
b10111 +
1"
#80010000
0"
0$
#80015000
b101111 +
1"
#80020000
0"
b10 #
b10 *
b10 (
b0 )
#80025000
b1011110 +
1"
#80030000
0"
#80035000
b10111100 +
1"
#80040000
0"
1$
#80045000
b101 !
b101 ,
b1111000 +
1"
#80050000
0"
0$
#80055000
b11110001 +
1"
#80060000
0"
b1 )
#80065000
b11100011 +
1"
#80070000
0"
#80075000
b11000110 +
1"
#80080000
0"
1$
#80085000
b111 !
b111 ,
b10001101 +
1"
#80090000
0"
0$
#80095000
b11010 +
1"
#80100000
0"
b10 )
#80105000
b110100 +
1"
#80110000
0"
#80115000
b1101000 +
1"
#80120000
0"
1$
#80125000
b1 !
b1 ,
b11010000 +
1"
#80130000
0"
0$
#80135000
b10100000 +
1"
#80140000
0"
b11 )
#80145000
b1000000 +
1"
#80150000
0"
#80155000
b10000000 +
1"
#80160000
0"
1$
#80165000
b1 +
1"
#80170000
0"
0$
#80175000
b10 +
1"
#80180000
0"
b100 )
#80185000
b100 +
1"
#80190000
0"
#80195000
b1000 +
1"
#80200000
0"
1$
#80205000
b10001 +
1"
#80210000
0"
0$
#80215000
b100011 +
1"
#80220000
0"
b101 )
#80225000
b1000111 +
1"
#80230000
0"
#80235000
b10001110 +
1"
#80240000
0"
1$
#80245000
b111 !
b111 ,
b11100 +
1"
#80250000
0"
0$
#80255000
b111000 +
1"
#80260000
0"
b110 )
#80265000
b1110001 +
1"
#80270000
0"
#80275000
b11100010 +
1"
#80280000
0"
1$
#80285000
b11 !
b11 ,
b11000100 +
1"
#80290000
0"
0$
#80295000
b10001001 +
1"
#80300000
0"
b111 )
#80305000
b10010 +
1"
#80310000
0"
#80315000
b100101 +
1"
#80320000
0"
1$
#80325000
b110 !
b110 ,
b1001011 +
1"
#80330000
0"
0$
#80335000
b10010111 +
1"
#80340000
0"
b1000 )
#80345000
b101110 +
1"
#80350000
0"
#80355000
b1011100 +
1"
#80360000
0"
1$
#80365000
b101 !
b101 ,
b10111000 +
1"
#80370000
0"
0$
#80375000
b1110000 +
1"
#80380000
0"
b1001 )
#80385000
b11100000 +
1"
#80390000
0"
#80395000
b11000000 +
1"
#80400000
0"
1$
#80405000
b1 !
b1 ,
b10000001 +
1"
#80410000
0"
0$
#80415000
b11 +
1"
#80420000
0"
b1010 )
#80425000
b110 +
1"
#80430000
0"
#80435000
b1100 +
1"
#80440000
0"
1$
#80445000
b101 !
b101 ,
b11001 +
1"
#80450000
0"
0$
#80455000
b110010 +
1"
#80460000
0"
b1011 )
#80465000
b1100100 +
1"
#80470000
0"
#80475000
b11001001 +
1"
#80480000
0"
1$
#80485000
b10 !
b10 ,
b10010010 +
1"
#80490000
0"
0$
#80495000
b100100 +
1"
#80500000
0"
b1100 )
#80505000
b1001001 +
1"
#80510000
0"
#80515000
b10010011 +
1"
#80520000
0"
1$
#80525000
b100 !
b100 ,
b100110 +
1"
#80530000
0"
0$
#80535000
b1001101 +
1"
#80540000
0"
b1101 )
#80545000
b10011011 +
1"
#80550000
0"
#80555000
b110111 +
1"
#80560000
0"
1$
#80565000
b1000 !
b1000 ,
b1101110 +
1"
#80570000
0"
0$
#80575000
b11011100 +
1"
#80580000
0"
b1110 )
#80585000
b10111001 +
1"
#80590000
0"
#80595000
b1110010 +
1"
#80600000
0"
1$
#80605000
b11 !
b11 ,
b11100100 +
1"
#80610000
0"
0$
#80615000
b11001000 +
1"
#80620000
0"
b1111 )
#80625000
b10010000 +
1"
#80630000
0"
#80635000
b100000 +
1"
#80640000
0"
1$
#80645000
b1 !
b1 ,
b1000001 +
1"
#80650000
0"
0$
#80655000
b10000010 +
1"
#80660000
0"
b10000 )
#80665000
b101 +
1"
#80670000
0"
#80675000
b1010 +
1"
#80680000
0"
1$
#80685000
b11 !
b11 ,
b10101 +
1"
#80690000
0"
0$
#80695000
b101011 +
1"
#80700000
0"
b10001 )
#80705000
b1010110 +
1"
#80710000
0"
#80715000
b10101101 +
1"
#80720000
0"
1$
#80725000
b110 !
b110 ,
b1011011 +
1"
#80730000
0"
0$
#80735000
b10110110 +
1"
#80740000
0"
b10010 )
#80745000
b1101101 +
1"
#80750000
0"
#80755000
b11011010 +
1"
#80760000
0"
1$
#80765000
b11 !
b11 ,
b10110101 +
1"
#80770000
0"
0$
#80775000
b1101011 +
1"
#80780000
0"
b10011 )
#80785000
b11010110 +
1"
#80790000
0"
#80795000
b10101100 +
1"
#80800000
0"
1$
#80805000
b101 !
b101 ,
b1011001 +
1"
#80810000
0"
0$
#80815000
b10110010 +
1"
#80820000
0"
b10100 )
#80825000
b1100101 +
1"
#80830000
0"
#80835000
b11001011 +
1"
#80840000
0"
1$
#80845000
b100 !
b100 ,
b10010110 +
1"
#80850000
0"
0$
#80855000
b101100 +
1"
#80860000
0"
b10101 )
#80865000
b1011000 +
1"
#80870000
0"
#80875000
b10110000 +
1"
#80880000
0"
1$
#80885000
b1 !
b1 ,
b1100001 +
1"
#80890000
0"
0$
#80895000
b11000011 +
1"
#80900000
0"
b10110 )
#80905000
b10000111 +
1"
#80910000
0"
#80915000
b1111 +
1"
#80920000
0"
1$
#80925000
b1000 !
b1000 ,
b11111 +
1"
#80930000
0"
0$
#80935000
b111110 +
1"
#80940000
0"
b10111 )
#80945000
b1111101 +
1"
#80950000
0"
#80955000
b11111011 +
1"
#80960000
0"
1$
#80965000
b100 !
b100 ,
b11110110 +
1"
#80970000
0"
0$
#80975000
b11101101 +
1"
#80980000
0"
b11000 )
#80985000
b11011011 +
1"
#80990000
0"
#80995000
b10110111 +
1"
#81000000
0"
1$
#81005000
b1000 !
b1000 ,
b1101111 +
1"
#81010000
0"
0$
#81015000
b11011110 +
1"
#81020000
0"
b11001 )
#81025000
b10111101 +
1"
#81030000
0"
#81035000
b1111010 +
1"
#81040000
0"
1$
#81045000
b11 !
b11 ,
b11110101 +
1"
#81050000
0"
0$
#81055000
b11101011 +
1"
#81060000
0"
b11010 )
#81065000
b11010111 +
1"
#81070000
0"
#81075000
b10101110 +
1"
#81080000
0"
1$
#81085000
b111 !
b111 ,
b1011101 +
1"
#81090000
0"
0$
#81095000
b10111010 +
1"
#81100000
0"
b11011 )
#81105000
b1110100 +
1"
#81110000
0"
#81115000
b11101000 +
1"
#81120000
0"
1$
#81125000
b1 !
b1 ,
b11010001 +
1"
#81130000
0"
0$
#81135000
b10100010 +
1"
#81140000
0"
b11100 )
#81145000
b1000100 +
1"
#81150000
0"
#81155000
b10001000 +
1"
#81160000
0"
1$
#81165000
b10000 +
1"
#81170000
0"
0$
#81175000
b100001 +
1"
#81180000
0"
b11101 )
#81185000
b1000011 +
1"
#81190000
0"
#81195000
b10000110 +
1"
#81200000
0"
1$
#81205000
b111 !
b111 ,
b1101 +
1"
#81210000
0"
0$
#81215000
b11011 +
1"
#81220000
0"
b11110 )
#81225000
b110110 +
1"
#81230000
0"
#81235000
b1101100 +
1"
#81240000
0"
1$
#81245000
b101 !
b101 ,
b11011000 +
1"
#81250000
0"
0$
#81255000
b10110001 +
1"
#81260000
0"
b11111 )
#81265000
b1100011 +
1"
#81270000
0"
#81275000
b11000111 +
1"
#81280000
0"
1$
#81285000
b1000 !
b1000 ,
b10001111 +
1"
#81290000
0"
0$
#81295000
b11110 +
1"
#81300000
0"
b100000 )
#81305000
b111100 +
1"
#81310000
0"
#81315000
b1111001 +
1"
#81320000
0"
1$
#81325000
b10 !
b10 ,
b11110011 +
1"
#81330000
0"
0$
#81335000
b11100111 +
1"
#81340000
0"
b100001 )
#81345000
b11001110 +
1"
#81350000
0"
#81355000
b10011100 +
1"
#81360000
0"
1$
#81365000
b101 !
b101 ,
b111001 +
1"
#81370000
0"
0$
#81375000
b1110011 +
1"
#81380000
0"
b100010 )
#81385000
b11100110 +
1"
#81390000
0"
#81395000
b11001100 +
1"
#81400000
0"
1$
#81405000
b10011000 +
1"
#81410000
0"
0$
#81415000
b110001 +
1"
#81420000
0"
b100011 )
#81425000
b1100010 +
1"
#81430000
0"
#81435000
b11000101 +
1"
#81440000
0"
1$
#81445000
b110 !
b110 ,
b10001011 +
1"
#81450000
0"
0$
#81455000
b10110 +
1"
#81460000
0"
b100100 )
#81465000
b101101 +
1"
#81470000
0"
#81475000
b1011010 +
1"
#81480000
0"
1$
#81485000
b11 !
b11 ,
b10110100 +
1"
#81490000
0"
0$
#81495000
b1101001 +
1"
#81500000
0"
b100101 )
#81505000
b11010010 +
1"
#81510000
0"
#81515000
b10100100 +
1"
#81520000
0"
1$
#81525000
b101 !
b101 ,
b1001000 +
1"
#81530000
0"
0$
#81535000
b10010001 +
1"
#81540000
0"
b100110 )
#81545000
b100010 +
1"
#81550000
0"
#81555000
b1000101 +
1"
#81560000
0"
1$
#81565000
b110 !
b110 ,
b10001010 +
1"
#81570000
0"
0$
#81575000
b10100 +
1"
#81580000
0"
b100111 )
#81585000
b101001 +
1"
#81590000
0"
#81595000
b1010010 +
1"
#81600000
0"
1$
#81605000
b11 !
b11 ,
b10100101 +
1"
#81610000
0"
0$
#81615000
b1001010 +
1"
#81620000
0"
b101000 )
#81625000
b10010101 +
1"
#81630000
0"
#81635000
b101010 +
1"
#81640000
0"
1$
#81645000
b1010100 +
1"
#81650000
0"
0$
#81655000
b10101001 +
1"
#81660000
0"
b101001 )
#81665000
b1010011 +
1"
#81670000
0"
#81675000
b10100111 +
1"
#81680000
0"
1$
#81685000
b1000 !
b1000 ,
b1001110 +
1"
#81690000
0"
0$
#81695000
b10011101 +
1"
#81700000
0"
b101010 )
#81705000
b111011 +
1"
#81710000
0"
#81715000
b1110111 +
1"
#81720000
0"
1$
#81725000
b11101110 +
1"
#81730000
0"
0$
#81735000
b11011101 +
1"
#81740000
0"
b101011 )
#81745000
b10111011 +
1"
#81750000
0"
#81755000
b1110110 +
1"
#81760000
0"
1$
#81765000
b111 !
b111 ,
b11101100 +
1"
#81770000
0"
0$
#81775000
b11011001 +
1"
#81780000
0"
b101100 )
#81785000
b10110011 +
1"
#81790000
0"
#81795000
b1100111 +
1"
#81800000
0"
1$
#81805000
b1000 !
b1000 ,
b11001111 +
1"
#81810000
0"
0$
#81815000
b10011110 +
1"
#81820000
0"
b101101 )
#81825000
b111101 +
1"
#81830000
0"
#81835000
b1111011 +
1"
#81840000
0"
1$
#81845000
b100 !
b100 ,
b11110111 +
1"
#81850000
0"
0$
#81855000
b11101111 +
1"
#81860000
0"
b101110 )
#81865000
b11011111 +
1"
#81870000
0"
#81875000
b10111111 +
1"
#81880000
0"
1$
#81885000
b1000 !
b1000 ,
b1111110 +
1"
#81890000
0"
0$
#81895000
b11111101 +
1"
#81900000
0"
b101111 )
#81905000
b11111010 +
1"
#81910000
0"
#81915000
b11110100 +
1"
#81920000
0"
1$
#81925000
b101 !
b101 ,
b11101001 +
1"
#81930000
0"
0$
#81935000
b11010011 +
1"
#81940000
0"
b110000 )
#81945000
b10100110 +
1"
#81950000
0"
#81955000
b1001100 +
1"
#81960000
0"
1$
#81965000
b10011001 +
1"
#81970000
0"
0$
#81975000
b110011 +
1"
#81980000
0"
b110001 )
#81985000
b1100110 +
1"
#81990000
0"
#81995000
b11001101 +
1"
#82000000
0"
1$
#82005000
b110 !
b110 ,
b10011010 +
1"
#82010000
0"
0$
#82015000
b110101 +
1"
#82020000
0"
b110010 )
#82025000
b1101010 +
1"
#82030000
0"
#82035000
b11010100 +
1"
#82040000
0"
1$
#82045000
b101 !
b101 ,
b10101000 +
1"
#82050000
0"
0$
#82055000
b1010001 +
1"
#82060000
0"
b110011 )
#82065000
b10100011 +
1"
#82070000
0"
#82075000
b1000110 +
1"
#82080000
0"
1$
#82085000
b111 !
b111 ,
b10001100 +
1"
#82090000
0"
0$
#82095000
b11000 +
1"
#82100000
0"
b110100 )
#82105000
b110000 +
1"
#82110000
0"
#82115000
b1100000 +
1"
#82120000
0"
1$
#82125000
b1 !
b1 ,
b11000001 +
1"
#82130000
0"
0$
#82135000
b10000011 +
1"
#82140000
0"
b110101 )
#82145000
b111 +
1"
#82150000
0"
#82155000
b1110 +
1"
#82160000
0"
1$
#82165000
b111 !
b111 ,
b11101 +
1"
#82170000
0"
0$
#82175000
b111010 +
1"
#82180000
0"
b110110 )
#82185000
b1110101 +
1"
#82190000
0"
#82195000
b11101010 +
1"
#82200000
0"
1$
#82205000
b11 !
b11 ,
b11010101 +
1"
#82210000
0"
0$
#82215000
b10101010 +
1"
#82220000
0"
b110111 )
#82225000
b1010101 +
1"
#82230000
0"
#82235000
b10101011 +
1"
#82240000
0"
1$
#82245000
b100 !
b100 ,
b1010111 +
1"
#82250000
0"
0$
#82255000
b10101111 +
1"
#82260000
0"
b111000 )
#82265000
b1011111 +
1"
#82270000
0"
#82275000
b10111110 +
1"
#82280000
0"
1$
#82285000
b111 !
b111 ,
b1111100 +
1"
#82290000
0"
0$
#82295000
b11111001 +
1"
#82300000
0"
b111001 )
#82305000
b11110010 +
1"
#82310000
0"
#82315000
b11100101 +
1"
#82320000
0"
1$
#82325000
b110 !
b110 ,
b11001010 +
1"
#82330000
0"
0$
#82335000
b10010100 +
1"
#82340000
0"
b111010 )
#82345000
b101000 +
1"
#82350000
0"
#82355000
b1010000 +
1"
#82360000
0"
1$
#82365000
b1 !
b1 ,
b10100001 +
1"
#82370000
0"
0$
#82375000
b1000010 +
1"
#82380000
0"
b111011 )
#82385000
b10000100 +
1"
#82390000
0"
#82395000
b1001 +
1"
#82400000
0"
1$
#82405000
b10 !
b10 ,
b10011 +
1"
#82410000
0"
0$
#82415000
b100111 +
1"
#82420000
0"
b111100 )
#82425000
b1001111 +
1"
#82430000
0"
#82435000
b10011111 +
1"
#82440000
0"
1$
#82445000
b1000 !
b1000 ,
b111111 +
1"
#82450000
0"
0$
#82455000
b1111111 +
1"
#82460000
0"
b111101 )
#82465000
b11111111 +
1"
#82470000
0"
#82475000
b11111110 +
1"
#82480000
0"
1$
#82485000
b111 !
b111 ,
b11111100 +
1"
#82490000
0"
0$
#82495000
b11111000 +
1"
#82500000
0"
b111110 )
#82505000
b11110000 +
1"
#82510000
0"
#82515000
b11100001 +
1"
#82520000
0"
1$
#82525000
b10 !
b10 ,
b11000010 +
1"
#82530000
0"
0$
#82535000
b10000101 +
1"
#82540000
0"
b111111 )
#82545000
b1011 +
1"
#82550000
0"
#82555000
b10111 +
1"
#82560000
0"
1$
#82565000
b1000 !
b1000 ,
b101111 +
1"
#82570000
0"
0$
#82575000
b1011110 +
1"
#82580000
0"
b1000000 )
#82585000
b10111100 +
1"
#82590000
0"
#82595000
b1111000 +
1"
#82600000
0"
1$
#82605000
b1 !
b1 ,
b11110001 +
1"
#82610000
0"
0$
#82615000
b11100011 +
1"
#82620000
0"
b1000001 )
#82625000
b11000110 +
1"
#82630000
0"
#82635000
b10001101 +
1"
#82640000
0"
1$
#82645000
b110 !
b110 ,
b11010 +
1"
#82650000
0"
0$
#82655000
b110100 +
1"
#82660000
0"
b1000010 )
#82665000
b1101000 +
1"
#82670000
0"
#82675000
b11010000 +
1"
#82680000
0"
1$
#82685000
b1 !
b1 ,
b10100000 +
1"
#82690000
0"
0$
#82695000
b1000000 +
1"
#82700000
0"
b1000011 )
#82705000
b10000000 +
1"
#82710000
0"
#82715000
b1 +
1"
#82720000
0"
1$
#82725000
b10 !
b10 ,
b10 +
1"
#82730000
0"
0$
#82735000
b100 +
1"
#82740000
0"
b1000100 )
#82745000
b1000 +
1"
#82750000
0"
#82755000
b10001 +
1"
#82760000
0"
1$
#82765000
b100011 +
1"
#82770000
0"
0$
#82775000
b1000111 +
1"
#82780000
0"
b1000101 )
#82785000
b10001110 +
1"
#82790000
0"
#82795000
b11100 +
1"
#82800000
0"
1$
#82805000
b101 !
b101 ,
b111000 +
1"
#82810000
0"
0$
#82815000
b1110001 +
1"
#82820000
0"
b1000110 )
#82825000
b11100010 +
1"
#82830000
0"
#82835000
b11000100 +
1"
#82840000
0"
1$
#82845000
b10001001 +
1"
#82850000
0"
0$
#82855000
b10010 +
1"
#82860000
0"
b1000111 )
#82865000
b100101 +
1"
#82870000
0"
#82875000
b1001011 +
1"
#82880000
0"
1$
#82885000
b100 !
b100 ,
b10010111 +
1"
#82890000
0"
0$
#82895000
b101110 +
1"
#82900000
0"
b1001000 )
#82905000
b1011100 +
1"
#82910000
0"
#82915000
b10111000 +
1"
#82920000
0"
1$
#82925000
b1 !
b1 ,
b1110000 +
1"
#82930000
0"
0$
#82935000
b11100000 +
1"
#82940000
0"
b1001001 )
#82945000
b11000000 +
1"
#82950000
0"
#82955000
b10000001 +
1"
#82960000
0"
1$
#82965000
b10 !
b10 ,
b11 +
1"
#82970000
0"
0$
#82975000
b110 +
1"
#82980000
0"
b1001010 )
#82985000
b1100 +
1"
#82990000
0"
#82995000
b11001 +
1"
#83000000
0"
1$
#83005000
b110010 +
1"
#83010000
0"
0$
#83015000
b1100100 +
1"
#83020000
0"
b1001011 )
#83025000
b11001001 +
1"
#83030000
0"
#83035000
b10010010 +
1"
#83040000
0"
1$
#83045000
b11 !
b11 ,
b100100 +
1"
#83050000
0"
0$
#83055000
b1001001 +
1"
#83060000
0"
b1001100 )
#83065000
b10010011 +
1"
#83070000
0"
#83075000
b100110 +
1"
#83080000
0"
1$
#83085000
b111 !
b111 ,
b1001101 +
1"
#83090000
0"
0$
#83095000
b10011011 +
1"
#83100000
0"
b1001101 )
#83105000
b110111 +
1"
#83110000
0"
#83115000
b1101110 +
1"
#83120000
0"
1$
#83125000
b11011100 +
1"
#83130000
0"
0$
#83135000
b10111001 +
1"
#83140000
0"
b1001110 )
#83145000
b1110010 +
1"
#83150000
0"
#83155000
b11100100 +
1"
#83160000
0"
1$
#83165000
b101 !
b101 ,
b11001000 +
1"
#83170000
0"
0$
#83175000
b10010000 +
1"
#83180000
0"
b1001111 )
#83185000
b100000 +
1"
#83190000
0"
#83195000
b1000001 +
1"
#83200000
0"
1$
#83205000
b10 !
b10 ,
b10000010 +
1"
#83210000
0"
0$
#83215000
b101 +
1"
#83220000
0"
b1010000 )
#83225000
b1010 +
1"
#83230000
0"
#83235000
b10101 +
1"
#83240000
0"
1$
#83245000
b110 !
b110 ,
b101011 +
1"
#83250000
0"
0$
#83255000
b1010110 +
1"
#83260000
0"
b1010001 )
#83265000
b10101101 +
1"
#83270000
0"
#83275000
b1011011 +
1"
#83280000
0"
1$
#83285000
b100 !
b100 ,
b10110110 +
1"
#83290000
0"
0$
#83295000
b1101101 +
1"
#83300000
0"
b1010010 )
#83305000
b11011010 +
1"
#83310000
0"
#83315000
b10110101 +
1"
#83320000
0"
1$
#83325000
b110 !
b110 ,
b1101011 +
1"
#83330000
0"
0$
#83335000
b11010110 +
1"
#83340000
0"
b1010011 )
#83345000
b10101100 +
1"
#83350000
0"
#83355000
b1011001 +
1"
#83360000
0"
1$
#83365000
b10 !
b10 ,
b10110010 +
1"
#83370000
0"
0$
#83375000
b1100101 +
1"
#83380000
0"
b1010100 )
#83385000
b11001011 +
1"
#83390000
0"
#83395000
b10010110 +
1"
#83400000
0"
1$
#83405000
b111 !
b111 ,
b101100 +
1"
#83410000
0"
0$
#83415000
b1011000 +
1"
#83420000
0"
b1010101 )
#83425000
b10110000 +
1"
#83430000
0"
#83435000
b1100001 +
1"
#83440000
0"
1$
#83445000
b10 !
b10 ,
b11000011 +
1"
#83450000
0"
0$
#83455000
b10000111 +
1"
#83460000
0"
b1010110 )
#83465000
b1111 +
1"
#83470000
0"
#83475000
b11111 +
1"
#83480000
0"
1$
#83485000
b1000 !
b1000 ,
b111110 +
1"
#83490000
0"
0$
#83495000
b1111101 +
1"
#83500000
0"
b1010111 )
#83505000
b11111011 +
1"
#83510000
0"
#83515000
b11110110 +
1"
#83520000
0"
1$
#83525000
b111 !
b111 ,
b11101101 +
1"
#83530000
0"
0$
#83535000
b11011011 +
1"
#83540000
0"
b1011000 )
#83545000
b10110111 +
1"
#83550000
0"
#83555000
b1101111 +
1"
#83560000
0"
1$
#83565000
b1000 !
b1000 ,
b11011110 +
1"
#83570000
0"
0$
#83575000
b10111101 +
1"
#83580000
0"
b1011001 )
#83585000
b1111010 +
1"
#83590000
0"
#83595000
b11110101 +
1"
#83600000
0"
1$
#83605000
b110 !
b110 ,
b11101011 +
1"
#83610000
0"
0$
#83615000
b11010111 +
1"
#83620000
0"
b1011010 )
#83625000
b10101110 +
1"
#83630000
0"
#83635000
b1011101 +
1"
#83640000
0"
1$
#83645000
b10111010 +
1"
#83650000
0"
0$
#83655000
b1110100 +
1"
#83660000
0"
b1011011 )
#83665000
b11101000 +
1"
#83670000
0"
#83675000
b11010001 +
1"
#83680000
0"
1$
#83685000
b10 !
b10 ,
b10100010 +
1"
#83690000
0"
0$
#83695000
b1000100 +
1"
#83700000
0"
b1011100 )
#83705000
b10001000 +
1"
#83710000
0"
#83715000
b10000 +
1"
#83720000
0"
1$
#83725000
b1 !
b1 ,
b100001 +
1"
#83730000
0"
0$
#83735000
b1000011 +
1"
#83740000
0"
b1011101 )
#83745000
b10000110 +
1"
#83750000
0"
#83755000
b1101 +
1"
#83760000
0"
1$
#83765000
b110 !
b110 ,
b11011 +
1"
#83770000
0"
0$
#83775000
b110110 +
1"
#83780000
0"
b1011110 )
#83785000
b1101100 +
1"
#83790000
0"
#83795000
b11011000 +
1"
#83800000
0"
1$
#83805000
b1 !
b1 ,
b10110001 +
1"
#83810000
0"
0$
#83815000
b1100011 +
1"
#83820000
0"
b1011111 )
#83825000
b11000111 +
1"
#83830000
0"
#83835000
b10001111 +
1"
#83840000
0"
1$
#83845000
b1000 !
b1000 ,
b11110 +
1"
#83850000
0"
0$
#83855000
b111100 +
1"
#83860000
0"
b1100000 )
#83865000
b1111001 +
1"
#83870000
0"
#83875000
b11110011 +
1"
#83880000
0"
1$
#83885000
b100 !
b100 ,
b11100111 +
1"
#83890000
0"
0$
#83895000
b11001110 +
1"
#83900000
0"
b1100001 )
#83905000
b10011100 +
1"
#83910000
0"
#83915000
b111001 +
1"
#83920000
0"
1$
#83925000
b10 !
b10 ,
b1110011 +
1"
#83930000
0"
0$
#83935000
b11100110 +
1"
#83940000
0"
b1100010 )
#83945000
b11001100 +
1"
#83950000
0"
#83955000
b10011000 +
1"
#83960000
0"
1$
#83965000
b1 !
b1 ,
b110001 +
1"
#83970000
0"
0$
#83975000
b1100010 +
1"
#83980000
0"
b1100011 )
#83985000
b11000101 +
1"
#83990000
0"
#83995000
b10001011 +
1"
#84000000
0"
1$
#84005000
b100 !
b100 ,
b10110 +
1"
#84010000
0"
0$
#84015000
b101101 +
1"
#84020000
0"
b1100100 )
#84025000
b1011010 +
1"
#84030000
0"
#84035000
b10110100 +
1"
#84040000
0"
1$
#84045000
b101 !
b101 ,
b1101001 +
1"
#84050000
0"
0$
#84055000
b11010010 +
1"
#84060000
0"
b1100101 )
#84065000
b10100100 +
1"
#84070000
0"
#84075000
b1001000 +
1"
#84080000
0"
1$
#84085000
b1 !
b1 ,
b10010001 +
1"
#84090000
0"
0$
#84095000
b100010 +
1"
#84100000
0"
b1100110 )
#84105000
b1000101 +
1"
#84110000
0"
#84115000
b10001010 +
1"
#84120000
0"
1$
#84125000
b11 !
b11 ,
b10100 +
1"
#84130000
0"
0$
#84135000
b101001 +
1"
#84140000
0"
b1100111 )
#84145000
b1010010 +
1"
#84150000
0"
#84155000
b10100101 +
1"
#84160000
0"
1$
#84165000
b110 !
b110 ,
b1001010 +
1"
#84170000
0"
0$
#84175000
b10010101 +
1"
#84180000
0"
b1101000 )
#84185000
b101010 +
1"
#84190000
0"
#84195000
b1010100 +
1"
#84200000
0"
1$
#84205000
b101 !
b101 ,
b10101001 +
1"
#84210000
0"
0$
#84215000
b1010011 +
1"
#84220000
0"
b1101001 )
#84225000
b10100111 +
1"
#84230000
0"
#84235000
b1001110 +
1"
#84240000
0"
1$
#84245000
b111 !
b111 ,
b10011101 +
1"
#84250000
0"
0$
#84255000
b111011 +
1"
#84260000
0"
b1101010 )
#84265000
b1110111 +
1"
#84270000
0"
#84275000
b11101110 +
1"
#84280000
0"
1$
#84285000
b11011101 +
1"
#84290000
0"
0$
#84295000
b10111011 +
1"
#84300000
0"
b1101011 )
#84305000
b1110110 +
1"
#84310000
0"
#84315000
b11101100 +
1"
#84320000
0"
1$
#84325000
b101 !
b101 ,
b11011001 +
1"
#84330000
0"
0$
#84335000
b10110011 +
1"
#84340000
0"
b1101100 )
#84345000
b1100111 +
1"
#84350000
0"
#84355000
b11001111 +
1"
#84360000
0"
1$
#84365000
b1000 !
b1000 ,
b10011110 +
1"
#84370000
0"
0$
#84375000
b111101 +
1"
#84380000
0"
b1101101 )
#84385000
b1111011 +
1"
#84390000
0"
#84395000
b11110111 +
1"
#84400000
0"
1$
#84405000
b11101111 +
1"
#84410000
0"
0$
#84415000
b11011111 +
1"
#84420000
0"
b1101110 )
#84425000
b10111111 +
1"
#84430000
0"
#84435000
b1111110 +
1"
#84440000
0"
1$
#84445000
b111 !
b111 ,
b11111101 +
1"
#84450000
0"
0$
#84455000
b11111010 +
1"
#84460000
0"
b1101111 )
#84465000
b11110100 +
1"
#84470000
0"
#84475000
b11101001 +
1"
#84480000
0"
1$
#84485000
b10 !
b10 ,
b11010011 +
1"
#84490000
0"
0$
#84495000
b10100110 +
1"
#84500000
0"
b1110000 )
#84505000
b1001100 +
1"
#84510000
0"
#84515000
b10011001 +
1"
#84520000
0"
1$
#84525000
b110011 +
1"
#84530000
0"
0$
#84535000
b1100110 +
1"
#84540000
0"
b1110001 )
#84545000
b11001101 +
1"
#84550000
0"
#84555000
b10011010 +
1"
#84560000
0"
1$
#84565000
b11 !
b11 ,
b110101 +
1"
#84570000
0"
0$
#84575000
b1101010 +
1"
#84580000
0"
b1110010 )
#84585000
b11010100 +
1"
#84590000
0"
#84595000
b10101000 +
1"
#84600000
0"
1$
#84605000
b1 !
b1 ,
b1010001 +
1"
#84610000
0"
0$
#84615000
b10100011 +
1"
#84620000
0"
b1110011 )
#84625000
b1000110 +
1"
#84630000
0"
#84635000
b10001100 +
1"
#84640000
0"
1$
#84645000
b101 !
b101 ,
b11000 +
1"
#84650000
0"
0$
#84655000
b110000 +
1"
#84660000
0"
b1110100 )
#84665000
b1100000 +
1"
#84670000
0"
#84675000
b11000001 +
1"
#84680000
0"
1$
#84685000
b10 !
b10 ,
b10000011 +
1"
#84690000
0"
0$
#84695000
b111 +
1"
#84700000
0"
b1110101 )
#84705000
b1110 +
1"
#84710000
0"
#84715000
b11101 +
1"
#84720000
0"
1$
#84725000
b110 !
b110 ,
b111010 +
1"
#84730000
0"
0$
#84735000
b1110101 +
1"
#84740000
0"
b1110110 )
#84745000
b11101010 +
1"
#84750000
0"
#84755000
b11010101 +
1"
#84760000
0"
1$
#84765000
b10101010 +
1"
#84770000
0"
0$
#84775000
b1010101 +
1"
#84780000
0"
b1110111 )
#84785000
b10101011 +
1"
#84790000
0"
#84795000
b1010111 +
1"
#84800000
0"
1$
#84805000
b1000 !
b1000 ,
b10101111 +
1"
#84810000
0"
0$
#84815000
b1011111 +
1"
#84820000
0"
b1111000 )
#84825000
b10111110 +
1"
#84830000
0"
#84835000
b1111100 +
1"
#84840000
0"
1$
#84845000
b101 !
b101 ,
b11111001 +
1"
#84850000
0"
0$
#84855000
b11110010 +
1"
#84860000
0"
b1111001 )
#84865000
b11100101 +
1"
#84870000
0"
#84875000
b11001010 +
1"
#84880000
0"
1$
#84885000
b11 !
b11 ,
b10010100 +
1"
#84890000
0"
0$
#84895000
b101000 +
1"
#84900000
0"
b1111010 )
#84905000
b1010000 +
1"
#84910000
0"
#84915000
b10100001 +
1"
#84920000
0"
1$
#84925000
b10 !
b10 ,
b1000010 +
1"
#84930000
0"
0$
#84935000
b10000100 +
1"
#84940000
0"
b1111011 )
#84945000
b1001 +
1"
#84950000
0"
#84955000
b10011 +
1"
#84960000
0"
1$
#84965000
b100 !
b100 ,
b100111 +
1"
#84970000
0"
0$
#84975000
b1001111 +
1"
#84980000
0"
b1111100 )
#84985000
b10011111 +
1"
#84990000
0"
#84995000
b111111 +
1"
#85000000
0"
1$
#85005000
b1000 !
b1000 ,
b1111111 +
1"
#85010000
0"
0$
#85015000
b11111111 +
1"
#85020000
0"
b1111101 )
#85025000
b11111110 +
1"
#85030000
0"
#85035000
b11111100 +
1"
#85040000
0"
1$
#85045000
b101 !
b101 ,
b11111000 +
1"
#85050000
0"
0$
#85055000
b11110000 +
1"
#85060000
0"
b1111110 )
#85065000
b11100001 +
1"
#85070000
0"
#85075000
b11000010 +
1"
#85080000
0"
1$
#85085000
b11 !
b11 ,
b10000101 +
1"
#85090000
0"
0$
#85095000
b1011 +
1"
#85100000
0"
b1111111 )
#85105000
b10111 +
1"
#85110000
0"
#85115000
b101111 +
1"
#85120000
0"
1$
#85125000
b1000 !
b1000 ,
b1011110 +
1"
#85130000
0"
0$
#85135000
b10111100 +
1"
#85140000
0"
b10000000 )
#85145000
b1111000 +
1"
#85150000
0"
#85155000
b11110001 +
1"
#85160000
0"
1$
#85165000
b10 !
b10 ,
b11100011 +
1"
#85170000
0"
0$
#85175000
b11000110 +
1"
#85180000
0"
b10000001 )
#85185000
b10001101 +
1"
#85190000
0"
#85195000
b11010 +
1"
#85200000
0"
1$
#85205000
b11 !
b11 ,
b110100 +
1"
#85210000
0"
0$
#85215000
b1101000 +
1"
#85220000
0"
b10000010 )
#85225000
b11010000 +
1"
#85230000
0"
#85235000
b10100000 +
1"
#85240000
0"
1$
#85245000
b1 !
b1 ,
b1000000 +
1"
#85250000
0"
0$
#85255000
b10000000 +
1"
#85260000
0"
b10000011 )
#85265000
b1 +
1"
#85270000
0"
#85275000
b10 +
1"
#85280000
0"
1$
#85285000
b11 !
b11 ,
b100 +
1"
#85290000
0"
0$
#85295000
b1000 +
1"
#85300000
0"
b10000100 )
#85305000
b10001 +
1"
#85310000
0"
#85315000
b100011 +
1"
#85320000
0"
1$
#85325000
b100 !
b100 ,
b1000111 +
1"
#85330000
0"
0$
#85335000
b10001110 +
1"
#85340000
0"
b10000101 )
#85345000
b11100 +
1"
#85350000
0"
#85355000
b111000 +
1"
#85360000
0"
1$
#85365000
b1 !
b1 ,
b1110001 +
1"
#85370000
0"
0$
#85375000
b11100010 +
1"
#85380000
0"
b10000110 )
#85385000
b11000100 +
1"
#85390000
0"
#85395000
b10001001 +
1"
#85400000
0"
1$
#85405000
b10 !
b10 ,
b10010 +
1"
#85410000
0"
0$
#85415000
b100101 +
1"
#85420000
0"
b10000111 )
#85425000
b1001011 +
1"
#85430000
0"
#85435000
b10010111 +
1"
#85440000
0"
1$
#85445000
b1000 !
b1000 ,
b101110 +
1"
#85450000
0"
0$
#85455000
b1011100 +
1"
#85460000
0"
b10001000 )
#85465000
b10111000 +
1"
#85470000
0"
#85475000
b1110000 +
1"
#85480000
0"
1$
#85485000
b1 !
b1 ,
b11100000 +
1"
#85490000
0"
0$
#85495000
b11000000 +
1"
#85500000
0"
b10001001 )
#85505000
b10000001 +
1"
#85510000
0"
#85515000
b11 +
1"
#85520000
0"
1$
#85525000
b100 !
b100 ,
b110 +
1"
#85530000
0"
0$
#85535000
b1100 +
1"
#85540000
0"
b10001010 )
#85545000
b11001 +
1"
#85550000
0"
#85555000
b110010 +
1"
#85560000
0"
1$
#85565000
b11 !
b11 ,
b1100100 +
1"
#85570000
0"
0$
#85575000
b11001001 +
1"
#85580000
0"
b10001011 )
#85585000
b10010010 +
1"
#85590000
0"
#85595000
b100100 +
1"
#85600000
0"
1$
#85605000
b101 !
b101 ,
b1001001 +
1"
#85610000
0"
0$
#85615000
b10010011 +
1"
#85620000
0"
b10001100 )
#85625000
b100110 +
1"
#85630000
0"
#85635000
b1001101 +
1"
#85640000
0"
1$
#85645000
b110 !
b110 ,
b10011011 +
1"
#85650000
0"
0$
#85655000
b110111 +
1"
#85660000
0"
b10001101 )
#85665000
b1101110 +
1"
#85670000
0"
#85675000
b11011100 +
1"
#85680000
0"
1$
#85685000
b101 !
b101 ,
b10111001 +
1"
#85690000
0"
0$
#85695000
b1110010 +
1"
#85700000
0"
b10001110 )
#85705000
b11100100 +
1"
#85710000
0"
#85715000
b11001000 +
1"
#85720000
0"
1$
#85725000
b1 !
b1 ,
b10010000 +
1"
#85730000
0"
0$
#85735000
b100000 +
1"
#85740000
0"
b10001111 )
#85745000
b1000001 +
1"
#85750000
0"
#85755000
b10000010 +
1"
#85760000
0"
1$
#85765000
b11 !
b11 ,
b101 +
1"
#85770000
0"
0$
#85775000
b1010 +
1"
#85780000
0"
b10010000 )
#85785000
b10101 +
1"
#85790000
0"
#85795000
b101011 +
1"
#85800000
0"
1$
#85805000
b100 !
b100 ,
b1010110 +
1"
#85810000
0"
0$
#85815000
b10101101 +
1"
#85820000
0"
b10010001 )
#85825000
b1011011 +
1"
#85830000
0"
#85835000
b10110110 +
1"
#85840000
0"
1$
#85845000
b111 !
b111 ,
b1101101 +
1"
#85850000
0"
0$
#85855000
b11011010 +
1"
#85860000
0"
b10010010 )
#85865000
b10110101 +
1"
#85870000
0"
#85875000
b1101011 +
1"
#85880000
0"
1$
#85885000
b100 !
b100 ,
b11010110 +
1"
#85890000
0"
0$
#85895000
b10101100 +
1"
#85900000
0"
b10010011 )
#85905000
b1011001 +
1"
#85910000
0"
#85915000
b10110010 +
1"
#85920000
0"
1$
#85925000
b11 !
b11 ,
b1100101 +
1"
#85930000
0"
0$
#85935000
b11001011 +
1"
#85940000
0"
b10010100 )
#85945000
b10010110 +
1"
#85950000
0"
#85955000
b101100 +
1"
#85960000
0"
1$
#85965000
b101 !
b101 ,
b1011000 +
1"
#85970000
0"
0$
#85975000
b10110000 +
1"
#85980000
0"
b10010101 )
#85985000
b1100001 +
1"
#85990000
0"
#85995000
b11000011 +
1"
#86000000
0"
1$
#86005000
b100 !
b100 ,
b10000111 +
1"
#86010000
0"
0$
#86015000
b1111 +
1"
#86020000
0"
b10010110 )
#86025000
b11111 +
1"
#86030000
0"
#86035000
b111110 +
1"
#86040000
0"
1$
#86045000
b111 !
b111 ,
b1111101 +
1"
#86050000
0"
0$
#86055000
b11111011 +
1"
#86060000
0"
b10010111 )
#86065000
b11110110 +
1"
#86070000
0"
#86075000
b11101101 +
1"
#86080000
0"
1$
#86085000
b110 !
b110 ,
b11011011 +
1"
#86090000
0"
0$
#86095000
b10110111 +
1"
#86100000
0"
b10011000 )
#86105000
b1101111 +
1"
#86110000
0"
#86115000
b11011110 +
1"
#86120000
0"
1$
#86125000
b111 !
b111 ,
b10111101 +
1"
#86130000
0"
0$
#86135000
b1111010 +
1"
#86140000
0"
b10011001 )
#86145000
b11110101 +
1"
#86150000
0"
#86155000
b11101011 +
1"
#86160000
0"
1$
#86165000
b100 !
b100 ,
b11010111 +
1"
#86170000
0"
0$
#86175000
b10101110 +
1"
#86180000
0"
b10011010 )
#86185000
b1011101 +
1"
#86190000
0"
#86195000
b10111010 +
1"
#86200000
0"
1$
#86205000
b11 !
b11 ,
b1110100 +
1"
#86210000
0"
0$
#86215000
b11101000 +
1"
#86220000
0"
b10011011 )
#86225000
b11010001 +
1"
#86230000
0"
#86235000
b10100010 +
1"
#86240000
0"
1$
#86245000
b1000100 +
1"
#86250000
0"
0$
#86255000
b10001000 +
1"
#86260000
0"
b10011100 )
#86265000
b10000 +
1"
#86270000
0"
#86275000
b100001 +
1"
#86280000
0"
1$
#86285000
b10 !
b10 ,
b1000011 +
1"
#86290000
0"
0$
#86295000
b10000110 +
1"
#86300000
0"
b10011101 )
#86305000
b1101 +
1"
#86310000
0"
#86315000
b11011 +
1"
#86320000
0"
1$
#86325000
b100 !
b100 ,
b110110 +
1"
#86330000
0"
0$
#86335000
b1101100 +
1"
#86340000
0"
b10011110 )
#86345000
b11011000 +
1"
#86350000
0"
#86355000
b10110001 +
1"
#86360000
0"
1$
#86365000
b10 !
b10 ,
b1100011 +
1"
#86370000
0"
0$
#86375000
b11000111 +
1"
#86380000
0"
b10011111 )
#86385000
b10001111 +
1"
#86390000
0"
#86395000
b11110 +
1"
#86400000
0"
1$
#86405000
b111 !
b111 ,
b111100 +
1"
#86410000
0"
0$
#86415000
b1111001 +
1"
#86420000
0"
b10100000 )
#86425000
b11110011 +
1"
#86430000
0"
#86435000
b11100111 +
1"
#86440000
0"
1$
#86445000
b1000 !
b1000 ,
b11001110 +
1"
#86450000
0"
0$
#86455000
b10011100 +
1"
#86460000
0"
b10100001 )
#86465000
b111001 +
1"
#86470000
0"
#86475000
b1110011 +
1"
#86480000
0"
1$
#86485000
b100 !
b100 ,
b11100110 +
1"
#86490000
0"
0$
#86495000
b11001100 +
1"
#86500000
0"
b10100010 )
#86505000
b10011000 +
1"
#86510000
0"
#86515000
b110001 +
1"
#86520000
0"
1$
#86525000
b10 !
b10 ,
b1100010 +
1"
#86530000
0"
0$
#86535000
b11000101 +
1"
#86540000
0"
b10100011 )
#86545000
b10001011 +
1"
#86550000
0"
#86555000
b10110 +
1"
#86560000
0"
1$
#86565000
b111 !
b111 ,
b101101 +
1"
#86570000
0"
0$
#86575000
b1011010 +
1"
#86580000
0"
b10100100 )
#86585000
b10110100 +
1"
#86590000
0"
#86595000
b1101001 +
1"
#86600000
0"
1$
#86605000
b10 !
b10 ,
b11010010 +
1"
#86610000
0"
0$
#86615000
b10100100 +
1"
#86620000
0"
b10100101 )
#86625000
b1001000 +
1"
#86630000
0"
#86635000
b10010001 +
1"
#86640000
0"
1$
#86645000
b100010 +
1"
#86650000
0"
0$
#86655000
b1000101 +
1"
#86660000
0"
b10100110 )
#86665000
b10001010 +
1"
#86670000
0"
#86675000
b10100 +
1"
#86680000
0"
1$
#86685000
b101 !
b101 ,
b101001 +
1"
#86690000
0"
0$
#86695000
b1010010 +
1"
#86700000
0"
b10100111 )
#86705000
b10100101 +
1"
#86710000
0"
#86715000
b1001010 +
1"
#86720000
0"
1$
#86725000
b11 !
b11 ,
b10010101 +
1"
#86730000
0"
0$
#86735000
b101010 +
1"
#86740000
0"
b10101000 )
#86745000
b1010100 +
1"
#86750000
0"
#86755000
b10101001 +
1"
#86760000
0"
1$
#86765000
b10 !
b10 ,
b1010011 +
1"
#86770000
0"
0$
#86775000
b10100111 +
1"
#86780000
0"
b10101001 )
#86785000
b1001110 +
1"
#86790000
0"
#86795000
b10011101 +
1"
#86800000
0"
1$
#86805000
b110 !
b110 ,
b111011 +
1"
#86810000
0"
0$
#86815000
b1110111 +
1"
#86820000
0"
b10101010 )
#86825000
b11101110 +
1"
#86830000
0"
#86835000
b11011101 +
1"
#86840000
0"
1$
#86845000
b10111011 +
1"
#86850000
0"
0$
#86855000
b1110110 +
1"
#86860000
0"
b10101011 )
#86865000
b11101100 +
1"
#86870000
0"
#86875000
b11011001 +
1"
#86880000
0"
1$
#86885000
b10 !
b10 ,
b10110011 +
1"
#86890000
0"
0$
#86895000
b1100111 +
1"
#86900000
0"
b10101100 )
#86905000
b11001111 +
1"
#86910000
0"
#86915000
b10011110 +
1"
#86920000
0"
1$
#86925000
b111 !
b111 ,
b111101 +
1"
#86930000
0"
0$
#86935000
b1111011 +
1"
#86940000
0"
b10101101 )
#86945000
b11110111 +
1"
#86950000
0"
#86955000
b11101111 +
1"
#86960000
0"
1$
#86965000
b1000 !
b1000 ,
b11011111 +
1"
#86970000
0"
0$
#86975000
b10111111 +
1"
#86980000
0"
b10101110 )
#86985000
b1111110 +
1"
#86990000
0"
#86995000
b11111101 +
1"
#87000000
0"
1$
#87005000
b110 !
b110 ,
b11111010 +
1"
#87010000
0"
0$
#87015000
b11110100 +
1"
#87020000
0"
b10101111 )
#87025000
b11101001 +
1"
#87030000
0"
#87035000
b11010011 +
1"
#87040000
0"
1$
#87045000
b100 !
b100 ,
b10100110 +
1"
#87050000
0"
0$
#87055000
b1001100 +
1"
#87060000
0"
b10110000 )
#87065000
b10011001 +
1"
#87070000
0"
#87075000
b110011 +
1"
#87080000
0"
1$
#87085000
b1100110 +
1"
#87090000
0"
0$
#87095000
b11001101 +
1"
#87100000
0"
b10110001 )
#87105000
b10011010 +
1"
#87110000
0"
#87115000
b110101 +
1"
#87120000
0"
1$
#87125000
b110 !
b110 ,
b1101010 +
1"
#87130000
0"
0$
#87135000
b11010100 +
1"
#87140000
0"
b10110010 )
#87145000
b10101000 +
1"
#87150000
0"
#87155000
b1010001 +
1"
#87160000
0"
1$
#87165000
b10 !
b10 ,
b10100011 +
1"
#87170000
0"
0$
#87175000
b1000110 +
1"
#87180000
0"
b10110011 )
#87185000
b10001100 +
1"
#87190000
0"
#87195000
b11000 +
1"
#87200000
0"
1$
#87205000
b1 !
b1 ,
b110000 +
1"
#87210000
0"
0$
#87215000
b1100000 +
1"
#87220000
0"
b10110100 )
#87225000
b11000001 +
1"
#87230000
0"
#87235000
b10000011 +
1"
#87240000
0"
1$
#87245000
b100 !
b100 ,
b111 +
1"
#87250000
0"
0$
#87255000
b1110 +
1"
#87260000
0"
b10110101 )
#87265000
b11101 +
1"
#87270000
0"
#87275000
b111010 +
1"
#87280000
0"
1$
#87285000
b11 !
b11 ,
b1110101 +
1"
#87290000
0"
0$
#87295000
b11101010 +
1"
#87300000
0"
b10110110 )
#87305000
b11010101 +
1"
#87310000
0"
#87315000
b10101010 +
1"
#87320000
0"
1$
#87325000
b1010101 +
1"
#87330000
0"
0$
#87335000
b10101011 +
1"
#87340000
0"
b10110111 )
#87345000
b1010111 +
1"
#87350000
0"
#87355000
b10101111 +
1"
#87360000
0"
1$
#87365000
b1000 !
b1000 ,
b1011111 +
1"
#87370000
0"
0$
#87375000
b10111110 +
1"
#87380000
0"
b10111000 )
#87385000
b1111100 +
1"
#87390000
0"
#87395000
b11111001 +
1"
#87400000
0"
1$
#87405000
b10 !
b10 ,
b11110010 +
1"
#87410000
0"
0$
#87415000
b11100101 +
1"
#87420000
0"
b10111001 )
#87425000
b11001010 +
1"
#87430000
0"
#87435000
b10010100 +
1"
#87440000
0"
1$
#87445000
b101 !
b101 ,
b101000 +
1"
#87450000
0"
0$
#87455000
b1010000 +
1"
#87460000
0"
b10111010 )
#87465000
b10100001 +
1"
#87470000
0"
#87475000
b1000010 +
1"
#87480000
0"
1$
#87485000
b11 !
b11 ,
b10000100 +
1"
#87490000
0"
0$
#87495000
b1001 +
1"
#87500000
0"
b10111011 )
#87505000
b10011 +
1"
#87510000
0"
#87515000
b100111 +
1"
#87520000
0"
1$
#87525000
b1000 !
b1000 ,
b1001111 +
1"
#87530000
0"
0$
#87535000
b10011111 +
1"
#87540000
0"
b10111100 )
#87545000
b111111 +
1"
#87550000
0"
#87555000
b1111111 +
1"
#87560000
0"
1$
#87565000
b11111111 +
1"
#87570000
0"
0$
#87575000
b11111110 +
1"
#87580000
0"
b10111101 )
#87585000
b11111100 +
1"
#87590000
0"
#87595000
b11111000 +
1"
#87600000
0"
1$
#87605000
b1 !
b1 ,
b11110000 +
1"
#87610000
0"
0$
#87615000
b11100001 +
1"
#87620000
0"
b10111110 )
#87625000
b11000010 +
1"
#87630000
0"
#87635000
b10000101 +
1"
#87640000
0"
1$
#87645000
b110 !
b110 ,
b1011 +
1"
#87650000
0"
0$
#87655000
b10111 +
1"
#87660000
0"
b10111111 )
#87665000
b101111 +
1"
#87670000
0"
#87675000
b1011110 +
1"
#87680000
0"
1$
#87685000
b111 !
b111 ,
b10111100 +
1"
#87690000
0"
0$
#87695000
b1111000 +
1"
#87700000
0"
b11000000 )
#87705000
b11110001 +
1"
#87710000
0"
#87715000
b11100011 +
1"
#87720000
0"
1$
#87725000
b100 !
b100 ,
b11000110 +
1"
#87730000
0"
0$
#87735000
b10001101 +
1"
#87740000
0"
b11000001 )
#87745000
b11010 +
1"
#87750000
0"
#87755000
b110100 +
1"
#87760000
0"
1$
#87765000
b101 !
b101 ,
b1101000 +
1"
#87770000
0"
0$
#87775000
b11010000 +
1"
#87780000
0"
b11000010 )
#87785000
b10100000 +
1"
#87790000
0"
#87795000
b1000000 +
1"
#87800000
0"
1$
#87805000
b1 !
b1 ,
b10000000 +
1"
#87810000
0"
0$
#87815000
b1 +
1"
#87820000
0"
b11000011 )
#87825000
b10 +
1"
#87830000
0"
#87835000
b100 +
1"
#87840000
0"
1$
#87845000
b101 !
b101 ,
b1000 +
1"
#87850000
0"
0$
#87855000
b10001 +
1"
#87860000
0"
b11000100 )
#87865000
b100011 +
1"
#87870000
0"
#87875000
b1000111 +
1"
#87880000
0"
1$
#87885000
b1000 !
b1000 ,
b10001110 +
1"
#87890000
0"
0$
#87895000
b11100 +
1"
#87900000
0"
b11000101 )
#87905000
b111000 +
1"
#87910000
0"
#87915000
b1110001 +
1"
#87920000
0"
1$
#87925000
b10 !
b10 ,
b11100010 +
1"
#87930000
0"
0$
#87935000
b11000100 +
1"
#87940000
0"
b11000110 )
#87945000
b10001001 +
1"
#87950000
0"
#87955000
b10010 +
1"
#87960000
0"
1$
#87965000
b11 !
b11 ,
b100101 +
1"
#87970000
0"
0$
#87975000
b1001011 +
1"
#87980000
0"
b11000111 )
#87985000
b10010111 +
1"
#87990000
0"
#87995000
b101110 +
1"
#88000000
0"
1$
#88005000
b111 !
b111 ,
b1011100 +
1"
#88010000
0"
0$
#88015000
b10111000 +
1"
#88020000
0"
b11001000 )
#88025000
b1110000 +
1"
#88030000
0"
#88035000
b11100000 +
1"
#88040000
0"
1$
#88045000
b1 !
b1 ,
b11000000 +
1"
#88050000
0"
0$
#88055000
b10000001 +
1"
#88060000
0"
b11001001 )
#88065000
b11 +
1"
#88070000
0"
#88075000
b110 +
1"
#88080000
0"
1$
#88085000
b111 !
b111 ,
b1100 +
1"
#88090000
0"
0$
#88095000
b11001 +
1"
#88100000
0"
b11001010 )
#88105000
b110010 +
1"
#88110000
0"
#88115000
b1100100 +
1"
#88120000
0"
1$
#88125000
b101 !
b101 ,
b11001001 +
1"
#88130000
0"
0$
#88135000
b10010010 +
1"
#88140000
0"
b11001011 )
#88145000
b100100 +
1"
#88150000
0"
#88155000
b1001001 +
1"
#88160000
0"
1$
#88165000
b10 !
b10 ,
b10010011 +
1"
#88170000
0"
0$
#88175000
b100110 +
1"
#88180000
0"
b11001100 )
#88185000
b1001101 +
1"
#88190000
0"
#88195000
b10011011 +
1"
#88200000
0"
1$
#88205000
b100 !
b100 ,
b110111 +
1"
#88210000
0"
0$
#88215000
b1101110 +
1"
#88220000
0"
b11001101 )
#88225000
b11011100 +
1"
#88230000
0"
#88235000
b10111001 +
1"
#88240000
0"
1$
#88245000
b10 !
b10 ,
b1110010 +
1"
#88250000
0"
0$
#88255000
b11100100 +
1"
#88260000
0"
b11001110 )
#88265000
b11001000 +
1"
#88270000
0"
#88275000
b10010000 +
1"
#88280000
0"
1$
#88285000
b1 !
b1 ,
b100000 +
1"
#88290000
0"
0$
#88295000
b1000001 +
1"
#88300000
0"
b11001111 )
#88305000
b10000010 +
1"
#88310000
0"
#88315000
b101 +
1"
#88320000
0"
1$
#88325000
b110 !
b110 ,
b1010 +
1"
#88330000
0"
0$
#88335000
b10101 +
1"
#88340000
0"
b11010000 )
#88345000
b101011 +
1"
#88350000
0"
#88355000
b1010110 +
1"
#88360000
0"
1$
#88365000
b111 !
b111 ,
b10101101 +
1"
#88370000
0"
0$
#88375000
b1011011 +
1"
#88380000
0"
b11010001 )
#88385000
b10110110 +
1"
#88390000
0"
#88395000
b1101101 +
1"
#88400000
0"
1$
#88405000
b110 !
b110 ,
b11011010 +
1"
#88410000
0"
0$
#88415000
b10110101 +
1"
#88420000
0"
b11010010 )
#88425000
b1101011 +
1"
#88430000
0"
#88435000
b11010110 +
1"
#88440000
0"
1$
#88445000
b111 !
b111 ,
b10101100 +
1"
#88450000
0"
0$
#88455000
b1011001 +
1"
#88460000
0"
b11010011 )
#88465000
b10110010 +
1"
#88470000
0"
#88475000
b1100101 +
1"
#88480000
0"
1$
#88485000
b110 !
b110 ,
b11001011 +
1"
#88490000
0"
0$
#88495000
b10010110 +
1"
#88500000
0"
b11010100 )
#88505000
b101100 +
1"
#88510000
0"
#88515000
b1011000 +
1"
#88520000
0"
1$
#88525000
b1 !
b1 ,
b10110000 +
1"
#88530000
0"
0$
#88535000
b1100001 +
1"
#88540000
0"
b11010101 )
#88545000
b11000011 +
1"
#88550000
0"
#88555000
b10000111 +
1"
#88560000
0"
1$
#88565000
b1000 !
b1000 ,
b1111 +
1"
#88570000
0"
0$
#88575000
b11111 +
1"
#88580000
0"
b11010110 )
#88585000
b111110 +
1"
#88590000
0"
#88595000
b1111101 +
1"
#88600000
0"
1$
#88605000
b110 !
b110 ,
b11111011 +
1"
#88610000
0"
0$
#88615000
b11110110 +
1"
#88620000
0"
b11010111 )
#88625000
b11101101 +
1"
#88630000
0"
#88635000
b11011011 +
1"
#88640000
0"
1$
#88645000
b100 !
b100 ,
b10110111 +
1"
#88650000
0"
0$
#88655000
b1101111 +
1"
#88660000
0"
b11011000 )
#88665000
b11011110 +
1"
#88670000
0"
#88675000
b10111101 +
1"
#88680000
0"
1$
#88685000
b110 !
b110 ,
b1111010 +
1"
#88690000
0"
0$
#88695000
b11110101 +
1"
#88700000
0"
b11011001 )
#88705000
b11101011 +
1"
#88710000
0"
#88715000
b11010111 +
1"
#88720000
0"
1$
#88725000
b1000 !
b1000 ,
b10101110 +
1"
#88730000
0"
0$
#88735000
b1011101 +
1"
#88740000
0"
b11011010 )
#88745000
b10111010 +
1"
#88750000
0"
#88755000
b1110100 +
1"
#88760000
0"
1$
#88765000
b101 !
b101 ,
b11101000 +
1"
#88770000
0"
0$
#88775000
b11010001 +
1"
#88780000
0"
b11011011 )
#88785000
b10100010 +
1"
#88790000
0"
#88795000
b1000100 +
1"
#88800000
0"
1$
#88805000
b10001000 +
1"
#88810000
0"
0$
#88815000
b10000 +
1"
#88820000
0"
b11011100 )
#88825000
b100001 +
1"
#88830000
0"
#88835000
b1000011 +
1"
#88840000
0"
1$
#88845000
b100 !
b100 ,
b10000110 +
1"
#88850000
0"
0$
#88855000
b1101 +
1"
#88860000
0"
b11011101 )
#88865000
b11011 +
1"
#88870000
0"
#88875000
b110110 +
1"
#88880000
0"
1$
#88885000
b111 !
b111 ,
b1101100 +
1"
#88890000
0"
0$
#88895000
b11011000 +
1"
#88900000
0"
b11011110 )
#88905000
b10110001 +
1"
#88910000
0"
#88915000
b1100011 +
1"
#88920000
0"
1$
#88925000
b100 !
b100 ,
b11000111 +
1"
#88930000
0"
0$
#88935000
b10001111 +
1"
#88940000
0"
b11011111 )
#88945000
b11110 +
1"
#88950000
0"
#88955000
b111100 +
1"
#88960000
0"
1$
#88965000
b101 !
b101 ,
b1111001 +
1"
#88970000
0"
0$
#88975000
b11110011 +
1"
#88980000
0"
b11100000 )
#88985000
b11100111 +
1"
#88990000
0"
#88995000
b11001110 +
1"
#89000000
0"
1$
#89005000
b111 !
b111 ,
b10011100 +
1"
#89010000
0"
0$
#89015000
b111001 +
1"
#89020000
0"
b11100001 )
#89025000
b1110011 +
1"
#89030000
0"
#89035000
b11100110 +
1"
#89040000
0"
1$
#89045000
b11001100 +
1"
#89050000
0"
0$
#89055000
b10011000 +
1"
#89060000
0"
b11100010 )
#89065000
b110001 +
1"
#89070000
0"
#89075000
b1100010 +
1"
#89080000
0"
1$
#89085000
b11 !
b11 ,
b11000101 +
1"
#89090000
0"
0$
#89095000
b10001011 +
1"
#89100000
0"
b11100011 )
#89105000
b10110 +
1"
#89110000
0"
#89115000
b101101 +
1"
#89120000
0"
1$
#89125000
b110 !
b110 ,
b1011010 +
1"
#89130000
0"
0$
#89135000
b10110100 +
1"
#89140000
0"
b11100100 )
#89145000
b1101001 +
1"
#89150000
0"
#89155000
b11010010 +
1"
#89160000
0"
1$
#89165000
b11 !
b11 ,
b10100100 +
1"
#89170000
0"
0$
#89175000
b1001000 +
1"
#89180000
0"
b11100101 )
#89185000
b10010001 +
1"
#89190000
0"
#89195000
b100010 +
1"
#89200000
0"
1$
#89205000
b1000101 +
1"
#89210000
0"
0$
#89215000
b10001010 +
1"
#89220000
0"
b11100110 )
#89225000
b10100 +
1"
#89230000
0"
#89235000
b101001 +
1"
#89240000
0"
1$
#89245000
b10 !
b10 ,
b1010010 +
1"
#89250000
0"
0$
#89255000
b10100101 +
1"
#89260000
0"
b11100111 )
#89265000
b1001010 +
1"
#89270000
0"
#89275000
b10010101 +
1"
#89280000
0"
1$
#89285000
b110 !
b110 ,
b101010 +
1"
#89290000
0"
0$
#89295000
b1010100 +
1"
#89300000
0"
b11101000 )
#89305000
b10101001 +
1"
#89310000
0"
#89315000
b1010011 +
1"
#89320000
0"
1$
#89325000
b100 !
b100 ,
b10100111 +
1"
#89330000
0"
0$
#89335000
b1001110 +
1"
#89340000
0"
b11101001 )
#89345000
b10011101 +
1"
#89350000
0"
#89355000
b111011 +
1"
#89360000
0"
1$
#89365000
b1110111 +
1"
#89370000
0"
0$
#89375000
b11101110 +
1"
#89380000
0"
b11101010 )
#89385000
b11011101 +
1"
#89390000
0"
#89395000
b10111011 +
1"
#89400000
0"
1$
#89405000
b1110110 +
1"
#89410000
0"
0$
#89415000
b11101100 +
1"
#89420000
0"
b11101011 )
#89425000
b11011001 +
1"
#89430000
0"
#89435000
b10110011 +
1"
#89440000
0"
1$
#89445000
b1100111 +
1"
#89450000
0"
0$
#89455000
b11001111 +
1"
#89460000
0"
b11101100 )
#89465000
b10011110 +
1"
#89470000
0"
#89475000
b111101 +
1"
#89480000
0"
1$
#89485000
b110 !
b110 ,
b1111011 +
1"
#89490000
0"
0$
#89495000
b11110111 +
1"
#89500000
0"
b11101101 )
#89505000
b11101111 +
1"
#89510000
0"
#89515000
b11011111 +
1"
#89520000
0"
1$
#89525000
b1000 !
b1000 ,
b10111111 +
1"
#89530000
0"
0$
#89535000
b1111110 +
1"
#89540000
0"
b11101110 )
#89545000
b11111101 +
1"
#89550000
0"
#89555000
b11111010 +
1"
#89560000
0"
1$
#89565000
b11 !
b11 ,
b11110100 +
1"
#89570000
0"
0$
#89575000
b11101001 +
1"
#89580000
0"
b11101111 )
#89585000
b11010011 +
1"
#89590000
0"
#89595000
b10100110 +
1"
#89600000
0"
1$
#89605000
b111 !
b111 ,
b1001100 +
1"
#89610000
0"
0$
#89615000
b10011001 +
1"
#89620000
0"
b11110000 )
#89625000
b110011 +
1"
#89630000
0"
#89635000
b1100110 +
1"
#89640000
0"
1$
#89645000
b11001101 +
1"
#89650000
0"
0$
#89655000
b10011010 +
1"
#89660000
0"
b11110001 )
#89665000
b110101 +
1"
#89670000
0"
#89675000
b1101010 +
1"
#89680000
0"
1$
#89685000
b11 !
b11 ,
b11010100 +
1"
#89690000
0"
0$
#89695000
b10101000 +
1"
#89700000
0"
b11110010 )
#89705000
b1010001 +
1"
#89710000
0"
#89715000
b10100011 +
1"
#89720000
0"
1$
#89725000
b100 !
b100 ,
b1000110 +
1"
#89730000
0"
0$
#89735000
b10001100 +
1"
#89740000
0"
b11110011 )
#89745000
b11000 +
1"
#89750000
0"
#89755000
b110000 +
1"
#89760000
0"
1$
#89765000
b1 !
b1 ,
b1100000 +
1"
#89770000
0"
0$
#89775000
b11000001 +
1"
#89780000
0"
b11110100 )
#89785000
b10000011 +
1"
#89790000
0"
#89795000
b111 +
1"
#89800000
0"
1$
#89805000
b1000 !
b1000 ,
b1110 +
1"
#89810000
0"
0$
#89815000
b11101 +
1"
#89820000
0"
b11110101 )
#89825000
b111010 +
1"
#89830000
0"
#89835000
b1110101 +
1"
#89840000
0"
1$
#89845000
b110 !
b110 ,
b11101010 +
1"
#89850000
0"
0$
#89855000
b11010101 +
1"
#89860000
0"
b11110110 )
#89865000
b10101010 +
1"
#89870000
0"
#89875000
b1010101 +
1"
#89880000
0"
1$
#89885000
b10101011 +
1"
#89890000
0"
0$
#89895000
b1010111 +
1"
#89900000
0"
b11110111 )
#89905000
b10101111 +
1"
#89910000
0"
#89915000
b1011111 +
1"
#89920000
0"
1$
#89925000
b1000 !
b1000 ,
b10111110 +
1"
#89930000
0"
0$
#89935000
b1111100 +
1"
#89940000
0"
b11111000 )
#89945000
b11111001 +
1"
#89950000
0"
#89955000
b11110010 +
1"
#89960000
0"
1$
#89965000
b11 !
b11 ,
b11100101 +
1"
#89970000
0"
0$
#89975000
b11001010 +
1"
#89980000
0"
b11111001 )
#89985000
b10010100 +
1"
#89990000
0"
#89995000
b101000 +
1"
#90000000
0"
1$
#90005000
b1 !
b1 ,
b1010000 +
1"
#90010000
0"
0$
#90015000
b10100001 +
1"
#90020000
0"
b11111010 )
#90025000
b1000010 +
1"
#90030000
0"
#90035000
b10000100 +
1"
#90040000
0"
1$
#90045000
b101 !
b101 ,
b1001 +
1"
#90050000
0"
0$
#90055000
b10011 +
1"
#90060000
0"
b11111011 )
#90065000
b100111 +
1"
#90070000
0"
#90075000
b1001111 +
1"
#90080000
0"
1$
#90085000
b1000 !
b1000 ,
b10011111 +
1"
#90090000
0"
0$
#90095000
b111111 +
1"
#90100000
0"
b11111100 )
#90105000
b1111111 +
1"
#90110000
0"
#90115000
b11111111 +
1"
#90120000
0"
1$
#90125000
b11111110 +
1"
#90130000
0"
0$
#90135000
b11111100 +
1"
#90140000
0"
b11111101 )
#90145000
b11111000 +
1"
#90150000
0"
#90155000
b11110000 +
1"
#90160000
0"
1$
#90165000
b1 !
b1 ,
b11100001 +
1"
#90170000
0"
0$
#90175000
b11000010 +
1"
#90180000
0"
b11111110 )
#90185000
b10000101 +
1"
#90190000
0"
#90195000
b1011 +
1"
#90200000
0"
1$
#90205000
b100 !
b100 ,
b10111 +
1"
#90210000
0"
0$
#90215000
b101111 +
1"
#90220000
0"
b11111111 )
#90225000
b1011110 +
1"
#90230000
0"
#90235000
b10111100 +
1"
#90240000
0"
1$
#90245000
b101 !
b101 ,
b1111000 +
1"
#90250000
0"
0$
#90255000
b11110001 +
1"
#90260000
0"
b100000000 )
#90265000
b11100011 +
1"
#90270000
0"
#90275000
b11000110 +
1"
#90280000
0"
1$
#90285000
b111 !
b111 ,
b10001101 +
1"
#90290000
0"
0$
#90295000
b11010 +
1"
#90300000
0"
b100000001 )
#90305000
b110100 +
1"
#90310000
0"
#90315000
b1101000 +
1"
#90320000
0"
1$
#90325000
b1 !
b1 ,
b11010000 +
1"
#90330000
0"
0$
#90335000
b10100000 +
1"
#90340000
0"
b100000010 )
#90345000
b1000000 +
1"
#90350000
0"
#90355000
b10000000 +
1"
#90360000
0"
1$
#90365000
b1 +
1"
#90370000
0"
0$
#90375000
b10 +
1"
#90380000
0"
b100000011 )
#90385000
b100 +
1"
#90390000
0"
#90395000
b1000 +
1"
#90400000
0"
1$
#90405000
b10001 +
1"
#90410000
0"
0$
#90415000
b100011 +
1"
#90420000
0"
b100000100 )
#90425000
b1000111 +
1"
#90430000
0"
#90435000
b10001110 +
1"
#90440000
0"
1$
#90445000
b111 !
b111 ,
b11100 +
1"
#90450000
0"
0$
#90455000
b111000 +
1"
#90460000
0"
b100000101 )
#90465000
b1110001 +
1"
#90470000
0"
#90475000
b11100010 +
1"
#90480000
0"
1$
#90485000
b11 !
b11 ,
b11000100 +
1"
#90490000
0"
0$
#90495000
b10001001 +
1"
#90500000
0"
b100000110 )
#90505000
b10010 +
1"
#90510000
0"
#90515000
b100101 +
1"
#90520000
0"
1$
#90525000
b110 !
b110 ,
b1001011 +
1"
#90530000
0"
0$
#90535000
b10010111 +
1"
#90540000
0"
b100000111 )
#90545000
b101110 +
1"
#90550000
0"
#90555000
b1011100 +
1"
#90560000
0"
1$
#90565000
b101 !
b101 ,
b10111000 +
1"
#90570000
0"
0$
#90575000
b1110000 +
1"
#90580000
0"
b100001000 )
#90585000
b11100000 +
1"
#90590000
0"
#90595000
b11000000 +
1"
#90600000
0"
1$
#90605000
b1 !
b1 ,
b10000001 +
1"
#90610000
0"
0$
#90615000
b11 +
1"
#90620000
0"
b100001001 )
#90625000
b110 +
1"
#90630000
0"
#90635000
b1100 +
1"
#90640000
0"
1$
#90645000
b101 !
b101 ,
b11001 +
1"
#90650000
0"
0$
#90655000
b110010 +
1"
#90660000
0"
b100001010 )
#90665000
b1100100 +
1"
#90670000
0"
#90675000
b11001001 +
1"
#90680000
0"
1$
#90685000
b10 !
b10 ,
b10010010 +
1"
#90690000
0"
0$
#90695000
b100100 +
1"
#90700000
0"
b100001011 )
#90705000
b1001001 +
1"
#90710000
0"
#90715000
b10010011 +
1"
#90720000
0"
1$
#90725000
b100 !
b100 ,
b100110 +
1"
#90730000
0"
0$
#90735000
b1001101 +
1"
#90740000
0"
b100001100 )
#90745000
b10011011 +
1"
#90750000
0"
#90755000
b110111 +
1"
#90760000
0"
1$
#90765000
b1000 !
b1000 ,
b1101110 +
1"
#90770000
0"
0$
#90775000
b11011100 +
1"
#90780000
0"
b100001101 )
#90785000
b10111001 +
1"
#90790000
0"
#90795000
b1110010 +
1"
#90800000
0"
1$
#90805000
b11 !
b11 ,
b11100100 +
1"
#90810000
0"
0$
#90815000
b11001000 +
1"
#90820000
0"
b100001110 )
#90825000
b10010000 +
1"
#90830000
0"
#90835000
b100000 +
1"
#90840000
0"
1$
#90845000
b1 !
b1 ,
b1000001 +
1"
#90850000
0"
0$
#90855000
b10000010 +
1"
#90860000
0"
b100001111 )
#90865000
b101 +
1"
#90870000
0"
#90875000
b1010 +
1"
#90880000
0"
1$
#90885000
b11 !
b11 ,
b10101 +
1"
#90890000
0"
0$
#90895000
b101011 +
1"
#90900000
0"
b100010000 )
#90905000
b1010110 +
1"
#90910000
0"
#90915000
b10101101 +
1"
#90920000
0"
1$
#90925000
b110 !
b110 ,
b1011011 +
1"
#90930000
0"
0$
#90935000
b10110110 +
1"
#90940000
0"
b100010001 )
#90945000
b1101101 +
1"
#90950000
0"
#90955000
b11011010 +
1"
#90960000
0"
1$
#90965000
b11 !
b11 ,
b10110101 +
1"
#90970000
0"
0$
#90975000
b1101011 +
1"
#90980000
0"
b100010010 )
#90985000
b11010110 +
1"
#90990000
0"
#90995000
b10101100 +
1"
#91000000
0"
1$
#91005000
b101 !
b101 ,
b1011001 +
1"
#91010000
0"
0$
#91015000
b10110010 +
1"
#91020000
0"
b100010011 )
#91025000
b1100101 +
1"
#91030000
0"
#91035000
b11001011 +
1"
#91040000
0"
1$
#91045000
b100 !
b100 ,
b10010110 +
1"
#91050000
0"
0$
#91055000
b101100 +
1"
#91060000
0"
b100010100 )
#91065000
b1011000 +
1"
#91070000
0"
#91075000
b10110000 +
1"
#91080000
0"
1$
#91085000
b1 !
b1 ,
b1100001 +
1"
#91090000
0"
0$
#91095000
b11000011 +
1"
#91100000
0"
b100010101 )
#91105000
b10000111 +
1"
#91110000
0"
#91115000
b1111 +
1"
#91120000
0"
1$
#91125000
b1000 !
b1000 ,
b11111 +
1"
#91130000
0"
0$
#91135000
b111110 +
1"
#91140000
0"
b100010110 )
#91145000
b1111101 +
1"
#91150000
0"
#91155000
b11111011 +
1"
#91160000
0"
1$
#91165000
b100 !
b100 ,
b11110110 +
1"
#91170000
0"
0$
#91175000
b11101101 +
1"
#91180000
0"
b100010111 )
#91185000
b11011011 +
1"
#91190000
0"
#91195000
b10110111 +
1"
#91200000
0"
1$
#91205000
b1000 !
b1000 ,
b1101111 +
1"
#91210000
0"
0$
#91215000
b11011110 +
1"
#91220000
0"
b100011000 )
#91225000
b10111101 +
1"
#91230000
0"
#91235000
b1111010 +
1"
#91240000
0"
1$
#91245000
b11 !
b11 ,
b11110101 +
1"
#91250000
0"
0$
#91255000
b11101011 +
1"
#91260000
0"
b100011001 )
#91265000
b11010111 +
1"
#91270000
0"
#91275000
b10101110 +
1"
#91280000
0"
1$
#91285000
b111 !
b111 ,
b1011101 +
1"
#91290000
0"
0$
#91295000
b10111010 +
1"
#91300000
0"
b100011010 )
#91305000
b1110100 +
1"
#91310000
0"
#91315000
b11101000 +
1"
#91320000
0"
1$
#91325000
b1 !
b1 ,
b11010001 +
1"
#91330000
0"
0$
#91335000
b10100010 +
1"
#91340000
0"
b100011011 )
#91345000
b1000100 +
1"
#91350000
0"
#91355000
b10001000 +
1"
#91360000
0"
1$
#91365000
b10000 +
1"
#91370000
0"
0$
#91375000
b100001 +
1"
#91380000
0"
b100011100 )
#91385000
b1000011 +
1"
#91390000
0"
#91395000
b10000110 +
1"
#91400000
0"
1$
#91405000
b111 !
b111 ,
b1101 +
1"
#91410000
0"
0$
#91415000
b11011 +
1"
#91420000
0"
b100011101 )
#91425000
b110110 +
1"
#91430000
0"
#91435000
b1101100 +
1"
#91440000
0"
1$
#91445000
b101 !
b101 ,
b11011000 +
1"
#91450000
0"
0$
#91455000
b10110001 +
1"
#91460000
0"
b100011110 )
#91465000
b1100011 +
1"
#91470000
0"
#91475000
b11000111 +
1"
#91480000
0"
1$
#91485000
b1000 !
b1000 ,
b10001111 +
1"
#91490000
0"
0$
#91495000
b11110 +
1"
#91500000
0"
b100011111 )
#91505000
b111100 +
1"
#91510000
0"
#91515000
b1111001 +
1"
#91520000
0"
1$
#91525000
b10 !
b10 ,
b11110011 +
1"
#91530000
0"
0$
#91535000
b11100111 +
1"
#91540000
0"
b100100000 )
#91545000
b11001110 +
1"
#91550000
0"
#91555000
b10011100 +
1"
#91560000
0"
1$
#91565000
b101 !
b101 ,
b111001 +
1"
#91570000
0"
0$
#91575000
b1110011 +
1"
#91580000
0"
b100100001 )
#91585000
b11100110 +
1"
#91590000
0"
#91595000
b11001100 +
1"
#91600000
0"
1$
#91605000
b10011000 +
1"
#91610000
0"
0$
#91615000
b110001 +
1"
#91620000
0"
b100100010 )
#91625000
b1100010 +
1"
#91630000
0"
#91635000
b11000101 +
1"
#91640000
0"
1$
#91645000
b110 !
b110 ,
b10001011 +
1"
#91650000
0"
0$
#91655000
b10110 +
1"
#91660000
0"
b100100011 )
#91665000
b101101 +
1"
#91670000
0"
#91675000
b1011010 +
1"
#91680000
0"
1$
#91685000
b11 !
b11 ,
b10110100 +
1"
#91690000
0"
0$
#91695000
b1101001 +
1"
#91700000
0"
b100100100 )
#91705000
b11010010 +
1"
#91710000
0"
#91715000
b10100100 +
1"
#91720000
0"
1$
#91725000
b101 !
b101 ,
b1001000 +
1"
#91730000
0"
0$
#91735000
b10010001 +
1"
#91740000
0"
b100100101 )
#91745000
b100010 +
1"
#91750000
0"
#91755000
b1000101 +
1"
#91760000
0"
1$
#91765000
b110 !
b110 ,
b10001010 +
1"
#91770000
0"
0$
#91775000
b10100 +
1"
#91780000
0"
b100100110 )
#91785000
b101001 +
1"
#91790000
0"
#91795000
b1010010 +
1"
#91800000
0"
1$
#91805000
b11 !
b11 ,
b10100101 +
1"
#91810000
0"
0$
#91815000
b1001010 +
1"
#91820000
0"
b100100111 )
#91825000
b10010101 +
1"
#91830000
0"
#91835000
b101010 +
1"
#91840000
0"
1$
#91845000
b1010100 +
1"
#91850000
0"
0$
#91855000
b10101001 +
1"
#91860000
0"
b100101000 )
#91865000
b1010011 +
1"
#91870000
0"
#91875000
b10100111 +
1"
#91880000
0"
1$
#91885000
b1000 !
b1000 ,
b1001110 +
1"
#91890000
0"
0$
#91895000
b10011101 +
1"
#91900000
0"
b100101001 )
#91905000
b111011 +
1"
#91910000
0"
#91915000
b1110111 +
1"
#91920000
0"
1$
#91925000
b11101110 +
1"
#91930000
0"
0$
#91935000
b11011101 +
1"
#91940000
0"
b100101010 )
#91945000
b10111011 +
1"
#91950000
0"
#91955000
b1110110 +
1"
#91960000
0"
1$
#91965000
b111 !
b111 ,
b11101100 +
1"
#91970000
0"
0$
#91975000
b11011001 +
1"
#91980000
0"
b100101011 )
#91985000
b10110011 +
1"
#91990000
0"
#91995000
b1100111 +
1"
#92000000
0"
1$
#92005000
b1000 !
b1000 ,
b11001111 +
1"
#92010000
0"
0$
#92015000
b10011110 +
1"
#92020000
0"
b100101100 )
#92025000
b111101 +
1"
#92030000
0"
#92035000
b1111011 +
1"
#92040000
0"
1$
#92045000
b100 !
b100 ,
b11110111 +
1"
#92050000
0"
0$
#92055000
b11101111 +
1"
#92060000
0"
b100101101 )
#92065000
b11011111 +
1"
#92070000
0"
#92075000
b10111111 +
1"
#92080000
0"
1$
#92085000
b1000 !
b1000 ,
b1111110 +
1"
#92090000
0"
0$
#92095000
b11111101 +
1"
#92100000
0"
b100101110 )
#92105000
b11111010 +
1"
#92110000
0"
#92115000
b11110100 +
1"
#92120000
0"
1$
#92125000
b101 !
b101 ,
b11101001 +
1"
#92130000
0"
0$
#92135000
b11010011 +
1"
#92140000
0"
b100101111 )
#92145000
b10100110 +
1"
#92150000
0"
#92155000
b1001100 +
1"
#92160000
0"
1$
#92165000
b10011001 +
1"
#92170000
0"
0$
#92175000
b110011 +
1"
#92180000
0"
b100110000 )
#92185000
b1100110 +
1"
#92190000
0"
#92195000
b11001101 +
1"
#92200000
0"
1$
#92205000
b110 !
b110 ,
b10011010 +
1"
#92210000
0"
0$
#92215000
b110101 +
1"
#92220000
0"
b100110001 )
#92225000
b1101010 +
1"
#92230000
0"
#92235000
b11010100 +
1"
#92240000
0"
1$
#92245000
b101 !
b101 ,
b10101000 +
1"
#92250000
0"
0$
#92255000
b1010001 +
1"
#92260000
0"
b100110010 )
#92265000
b10100011 +
1"
#92270000
0"
#92275000
b1000110 +
1"
#92280000
0"
1$
#92285000
b111 !
b111 ,
b10001100 +
1"
#92290000
0"
0$
#92295000
b11000 +
1"
#92300000
0"
b100110011 )
#92305000
b110000 +
1"
#92310000
0"
#92315000
b1100000 +
1"
#92320000
0"
1$
#92325000
b1 !
b1 ,
b11000001 +
1"
#92330000
0"
0$
#92335000
b10000011 +
1"
#92340000
0"
b100110100 )
#92345000
b111 +
1"
#92350000
0"
#92355000
b1110 +
1"
#92360000
0"
1$
#92365000
b111 !
b111 ,
b11101 +
1"
#92370000
0"
0$
#92375000
b111010 +
1"
#92380000
0"
b100110101 )
#92385000
b1110101 +
1"
#92390000
0"
#92395000
b11101010 +
1"
#92400000
0"
1$
#92405000
b11 !
b11 ,
b11010101 +
1"
#92410000
0"
0$
#92415000
b10101010 +
1"
#92420000
0"
b100110110 )
#92425000
b1010101 +
1"
#92430000
0"
#92435000
b10101011 +
1"
#92440000
0"
1$
#92445000
b100 !
b100 ,
b1010111 +
1"
#92450000
0"
0$
#92455000
b10101111 +
1"
#92460000
0"
b100110111 )
#92465000
b1011111 +
1"
#92470000
0"
#92475000
b10111110 +
1"
#92480000
0"
1$
#92485000
b111 !
b111 ,
b1111100 +
1"
#92490000
0"
0$
#92495000
b11111001 +
1"
#92500000
0"
b100111000 )
#92505000
b11110010 +
1"
#92510000
0"
#92515000
b11100101 +
1"
#92520000
0"
1$
#92525000
b110 !
b110 ,
b11001010 +
1"
#92530000
0"
0$
#92535000
b10010100 +
1"
#92540000
0"
b100111001 )
#92545000
b101000 +
1"
#92550000
0"
#92555000
b1010000 +
1"
#92560000
0"
1$
#92565000
b1 !
b1 ,
b10100001 +
1"
#92570000
0"
0$
#92575000
b1000010 +
1"
#92580000
0"
b100111010 )
#92585000
b10000100 +
1"
#92590000
0"
#92595000
b1001 +
1"
#92600000
0"
1$
#92605000
b10 !
b10 ,
b10011 +
1"
#92610000
0"
0$
#92615000
b100111 +
1"
#92620000
0"
b100111011 )
#92625000
b1001111 +
1"
#92630000
0"
#92635000
b10011111 +
1"
#92640000
0"
1$
#92645000
b1000 !
b1000 ,
b111111 +
1"
#92650000
0"
0$
#92655000
b1111111 +
1"
#92660000
0"
b100111100 )
#92665000
b11111111 +
1"
#92670000
0"
#92675000
b11111110 +
1"
#92680000
0"
1$
#92685000
b111 !
b111 ,
b11111100 +
1"
#92690000
0"
0$
#92695000
b11111000 +
1"
#92700000
0"
b100111101 )
#92705000
b11110000 +
1"
#92710000
0"
#92715000
b11100001 +
1"
#92720000
0"
1$
#92725000
b10 !
b10 ,
b11000010 +
1"
#92730000
0"
0$
#92735000
b10000101 +
1"
#92740000
0"
b100111110 )
#92745000
b1011 +
1"
#92750000
0"
#92755000
b10111 +
1"
#92760000
0"
1$
#92765000
b1000 !
b1000 ,
b101111 +
1"
#92770000
0"
0$
#92775000
b1011110 +
1"
#92780000
0"
b100111111 )
#92785000
b10111100 +
1"
#92790000
0"
#92795000
b1111000 +
1"
#92800000
0"
1$
#92805000
b1 !
b1 ,
b11110001 +
1"
#92810000
0"
0$
#92815000
b11100011 +
1"
#92820000
0"
b101000000 )
#92825000
b11000110 +
1"
#92830000
0"
#92835000
b10001101 +
1"
#92840000
0"
1$
#92845000
b110 !
b110 ,
b11010 +
1"
#92850000
0"
0$
#92855000
b110100 +
1"
#92860000
0"
b101000001 )
#92865000
b1101000 +
1"
#92870000
0"
#92875000
b11010000 +
1"
#92880000
0"
1$
#92885000
b1 !
b1 ,
b10100000 +
1"
#92890000
0"
0$
#92895000
b1000000 +
1"
#92900000
0"
b101000010 )
#92905000
b10000000 +
1"
#92910000
0"
#92915000
b1 +
1"
#92920000
0"
1$
#92925000
b10 !
b10 ,
b10 +
1"
#92930000
0"
0$
#92935000
b100 +
1"
#92940000
0"
b101000011 )
#92945000
b1000 +
1"
#92950000
0"
#92955000
b10001 +
1"
#92960000
0"
1$
#92965000
b100011 +
1"
#92970000
0"
0$
#92975000
b1000111 +
1"
#92980000
0"
b101000100 )
#92985000
b10001110 +
1"
#92990000
0"
#92995000
b11100 +
1"
#93000000
0"
1$
#93005000
b101 !
b101 ,
b111000 +
1"
#93010000
0"
0$
#93015000
b1110001 +
1"
#93020000
0"
b101000101 )
#93025000
b11100010 +
1"
#93030000
0"
#93035000
b11000100 +
1"
#93040000
0"
1$
#93045000
b10001001 +
1"
#93050000
0"
0$
#93055000
b10010 +
1"
#93060000
0"
b101000110 )
#93065000
b100101 +
1"
#93070000
0"
#93075000
b1001011 +
1"
#93080000
0"
1$
#93085000
b100 !
b100 ,
b10010111 +
1"
#93090000
0"
0$
#93095000
b101110 +
1"
#93100000
0"
b101000111 )
#93105000
b1011100 +
1"
#93110000
0"
#93115000
b10111000 +
1"
#93120000
0"
1$
#93125000
b1 !
b1 ,
b1110000 +
1"
#93130000
0"
0$
#93135000
b11100000 +
1"
#93140000
0"
b101001000 )
#93145000
b11000000 +
1"
#93150000
0"
#93155000
b10000001 +
1"
#93160000
0"
1$
#93165000
b10 !
b10 ,
b11 +
1"
#93170000
0"
0$
#93175000
b110 +
1"
#93180000
0"
b101001001 )
#93185000
b1100 +
1"
#93190000
0"
#93195000
b11001 +
1"
#93200000
0"
1$
#93205000
b110010 +
1"
#93210000
0"
0$
#93215000
b1100100 +
1"
#93220000
0"
b101001010 )
#93225000
b11001001 +
1"
#93230000
0"
#93235000
b10010010 +
1"
#93240000
0"
1$
#93245000
b11 !
b11 ,
b100100 +
1"
#93250000
0"
0$
#93255000
b1001001 +
1"
#93260000
0"
b101001011 )
#93265000
b10010011 +
1"
#93270000
0"
#93275000
b100110 +
1"
#93280000
0"
1$
#93285000
b111 !
b111 ,
b1001101 +
1"
#93290000
0"
0$
#93295000
b10011011 +
1"
#93300000
0"
b101001100 )
#93305000
b110111 +
1"
#93310000
0"
#93315000
b1101110 +
1"
#93320000
0"
1$
#93325000
b11011100 +
1"
#93330000
0"
0$
#93335000
b10111001 +
1"
#93340000
0"
b101001101 )
#93345000
b1110010 +
1"
#93350000
0"
#93355000
b11100100 +
1"
#93360000
0"
1$
#93365000
b101 !
b101 ,
b11001000 +
1"
#93370000
0"
0$
#93375000
b10010000 +
1"
#93380000
0"
b101001110 )
#93385000
b100000 +
1"
#93390000
0"
#93395000
b1000001 +
1"
#93400000
0"
1$
#93405000
b10 !
b10 ,
b10000010 +
1"
#93410000
0"
0$
#93415000
b101 +
1"
#93420000
0"
b101001111 )
#93425000
b1010 +
1"
#93430000
0"
#93435000
b10101 +
1"
#93440000
0"
1$
#93445000
b110 !
b110 ,
b101011 +
1"
#93450000
0"
0$
#93455000
b1010110 +
1"
#93460000
0"
b101010000 )
#93465000
b10101101 +
1"
#93470000
0"
#93475000
b1011011 +
1"
#93480000
0"
1$
#93485000
b100 !
b100 ,
b10110110 +
1"
#93490000
0"
0$
#93495000
b1101101 +
1"
#93500000
0"
b101010001 )
#93505000
b11011010 +
1"
#93510000
0"
#93515000
b10110101 +
1"
#93520000
0"
1$
#93525000
b110 !
b110 ,
b1101011 +
1"
#93530000
0"
0$
#93535000
b11010110 +
1"
#93540000
0"
b101010010 )
#93545000
b10101100 +
1"
#93550000
0"
#93555000
b1011001 +
1"
#93560000
0"
1$
#93565000
b10 !
b10 ,
b10110010 +
1"
#93570000
0"
0$
#93575000
b1100101 +
1"
#93580000
0"
b101010011 )
#93585000
b11001011 +
1"
#93590000
0"
#93595000
b10010110 +
1"
#93600000
0"
1$
#93605000
b111 !
b111 ,
b101100 +
1"
#93610000
0"
0$
#93615000
b1011000 +
1"
#93620000
0"
b101010100 )
#93625000
b10110000 +
1"
#93630000
0"
#93635000
b1100001 +
1"
#93640000
0"
1$
#93645000
b10 !
b10 ,
b11000011 +
1"
#93650000
0"
0$
#93655000
b10000111 +
1"
#93660000
0"
b101010101 )
#93665000
b1111 +
1"
#93670000
0"
#93675000
b11111 +
1"
#93680000
0"
1$
#93685000
b1000 !
b1000 ,
b111110 +
1"
#93690000
0"
0$
#93695000
b1111101 +
1"
#93700000
0"
b101010110 )
#93705000
b11111011 +
1"
#93710000
0"
#93715000
b11110110 +
1"
#93720000
0"
1$
#93725000
b111 !
b111 ,
b11101101 +
1"
#93730000
0"
0$
#93735000
b11011011 +
1"
#93740000
0"
b101010111 )
#93745000
b10110111 +
1"
#93750000
0"
#93755000
b1101111 +
1"
#93760000
0"
1$
#93765000
b1000 !
b1000 ,
b11011110 +
1"
#93770000
0"
0$
#93775000
b10111101 +
1"
#93780000
0"
b101011000 )
#93785000
b1111010 +
1"
#93790000
0"
#93795000
b11110101 +
1"
#93800000
0"
1$
#93805000
b110 !
b110 ,
b11101011 +
1"
#93810000
0"
0$
#93815000
b11010111 +
1"
#93820000
0"
b101011001 )
#93825000
b10101110 +
1"
#93830000
0"
#93835000
b1011101 +
1"
#93840000
0"
1$
#93845000
b10111010 +
1"
#93850000
0"
0$
#93855000
b1110100 +
1"
#93860000
0"
b101011010 )
#93865000
b11101000 +
1"
#93870000
0"
#93875000
b11010001 +
1"
#93880000
0"
1$
#93885000
b10 !
b10 ,
b10100010 +
1"
#93890000
0"
0$
#93895000
b1000100 +
1"
#93900000
0"
b101011011 )
#93905000
b10001000 +
1"
#93910000
0"
#93915000
b10000 +
1"
#93920000
0"
1$
#93925000
b1 !
b1 ,
b100001 +
1"
#93930000
0"
0$
#93935000
b1000011 +
1"
#93940000
0"
b101011100 )
#93945000
b10000110 +
1"
#93950000
0"
#93955000
b1101 +
1"
#93960000
0"
1$
#93965000
b110 !
b110 ,
b11011 +
1"
#93970000
0"
0$
#93975000
b110110 +
1"
#93980000
0"
b101011101 )
#93985000
b1101100 +
1"
#93990000
0"
#93995000
b11011000 +
1"
#94000000
0"
1$
#94005000
b1 !
b1 ,
b10110001 +
1"
#94010000
0"
0$
#94015000
b1100011 +
1"
#94020000
0"
b101011110 )
#94025000
b11000111 +
1"
#94030000
0"
#94035000
b10001111 +
1"
#94040000
0"
1$
#94045000
b1000 !
b1000 ,
b11110 +
1"
#94050000
0"
0$
#94055000
b111100 +
1"
#94060000
0"
b101011111 )
#94065000
b1111001 +
1"
#94070000
0"
#94075000
b11110011 +
1"
#94080000
0"
1$
#94085000
b100 !
b100 ,
b11100111 +
1"
#94090000
0"
0$
#94095000
b11001110 +
1"
#94100000
0"
b101100000 )
#94105000
b10011100 +
1"
#94110000
0"
#94115000
b111001 +
1"
#94120000
0"
1$
#94125000
b10 !
b10 ,
b1110011 +
1"
#94130000
0"
0$
#94135000
b11100110 +
1"
#94140000
0"
b101100001 )
#94145000
b11001100 +
1"
#94150000
0"
#94155000
b10011000 +
1"
#94160000
0"
1$
#94165000
b1 !
b1 ,
b110001 +
1"
#94170000
0"
0$
#94175000
b1100010 +
1"
#94180000
0"
b101100010 )
#94185000
b11000101 +
1"
#94190000
0"
#94195000
b10001011 +
1"
#94200000
0"
1$
#94205000
b100 !
b100 ,
b10110 +
1"
#94210000
0"
0$
#94215000
b101101 +
1"
#94220000
0"
b101100011 )
#94225000
b1011010 +
1"
#94230000
0"
#94235000
b10110100 +
1"
#94240000
0"
1$
#94245000
b101 !
b101 ,
b1101001 +
1"
#94250000
0"
0$
#94255000
b11010010 +
1"
#94260000
0"
b101100100 )
#94265000
b10100100 +
1"
#94270000
0"
#94275000
b1001000 +
1"
#94280000
0"
1$
#94285000
b1 !
b1 ,
b10010001 +
1"
#94290000
0"
0$
#94295000
b100010 +
1"
#94300000
0"
b101100101 )
#94305000
b1000101 +
1"
#94310000
0"
#94315000
b10001010 +
1"
#94320000
0"
1$
#94325000
b11 !
b11 ,
b10100 +
1"
#94330000
0"
0$
#94335000
b101001 +
1"
#94340000
0"
b101100110 )
#94345000
b1010010 +
1"
#94350000
0"
#94355000
b10100101 +
1"
#94360000
0"
1$
#94365000
b110 !
b110 ,
b1001010 +
1"
#94370000
0"
0$
#94375000
b10010101 +
1"
#94380000
0"
b101100111 )
#94385000
b101010 +
1"
#94390000
0"
#94395000
b1010100 +
1"
#94400000
0"
1$
#94405000
b101 !
b101 ,
b10101001 +
1"
#94410000
0"
0$
#94415000
b1010011 +
1"
#94420000
0"
b101101000 )
#94425000
b10100111 +
1"
#94430000
0"
#94435000
b1001110 +
1"
#94440000
0"
1$
#94445000
b111 !
b111 ,
b10011101 +
1"
#94450000
0"
0$
#94455000
b111011 +
1"
#94460000
0"
b101101001 )
#94465000
b1110111 +
1"
#94470000
0"
#94475000
b11101110 +
1"
#94480000
0"
1$
#94485000
b11011101 +
1"
#94490000
0"
0$
#94495000
b10111011 +
1"
#94500000
0"
b101101010 )
#94505000
b1110110 +
1"
#94510000
0"
#94515000
b11101100 +
1"
#94520000
0"
1$
#94525000
b101 !
b101 ,
b11011001 +
1"
#94530000
0"
0$
#94535000
b10110011 +
1"
#94540000
0"
b101101011 )
#94545000
b1100111 +
1"
#94550000
0"
#94555000
b11001111 +
1"
#94560000
0"
1$
#94565000
b1000 !
b1000 ,
b10011110 +
1"
#94570000
0"
0$
#94575000
b111101 +
1"
#94580000
0"
b101101100 )
#94585000
b1111011 +
1"
#94590000
0"
#94595000
b11110111 +
1"
#94600000
0"
1$
#94605000
b11101111 +
1"
#94610000
0"
0$
#94615000
b11011111 +
1"
#94620000
0"
b101101101 )
#94625000
b10111111 +
1"
#94630000
0"
#94635000
b1111110 +
1"
#94640000
0"
1$
#94645000
b111 !
b111 ,
b11111101 +
1"
#94650000
0"
0$
#94655000
b11111010 +
1"
#94660000
0"
b101101110 )
#94665000
b11110100 +
1"
#94670000
0"
#94675000
b11101001 +
1"
#94680000
0"
1$
#94685000
b10 !
b10 ,
b11010011 +
1"
#94690000
0"
0$
#94695000
b10100110 +
1"
#94700000
0"
b101101111 )
#94705000
b1001100 +
1"
#94710000
0"
#94715000
b10011001 +
1"
#94720000
0"
1$
#94725000
b110011 +
1"
#94730000
0"
0$
#94735000
b1100110 +
1"
#94740000
0"
b101110000 )
#94745000
b11001101 +
1"
#94750000
0"
#94755000
b10011010 +
1"
#94760000
0"
1$
#94765000
b11 !
b11 ,
b110101 +
1"
#94770000
0"
0$
#94775000
b1101010 +
1"
#94780000
0"
b101110001 )
#94785000
b11010100 +
1"
#94790000
0"
#94795000
b10101000 +
1"
#94800000
0"
1$
#94805000
b1 !
b1 ,
b1010001 +
1"
#94810000
0"
0$
#94815000
b10100011 +
1"
#94820000
0"
b101110010 )
#94825000
b1000110 +
1"
#94830000
0"
#94835000
b10001100 +
1"
#94840000
0"
1$
#94845000
b101 !
b101 ,
b11000 +
1"
#94850000
0"
0$
#94855000
b110000 +
1"
#94860000
0"
b101110011 )
#94865000
b1100000 +
1"
#94870000
0"
#94875000
b11000001 +
1"
#94880000
0"
1$
#94885000
b10 !
b10 ,
b10000011 +
1"
#94890000
0"
0$
#94895000
b111 +
1"
#94900000
0"
b101110100 )
#94905000
b1110 +
1"
#94910000
0"
#94915000
b11101 +
1"
#94920000
0"
1$
#94925000
b110 !
b110 ,
b111010 +
1"
#94930000
0"
0$
#94935000
b1110101 +
1"
#94940000
0"
b101110101 )
#94945000
b11101010 +
1"
#94950000
0"
#94955000
b11010101 +
1"
#94960000
0"
1$
#94965000
b10101010 +
1"
#94970000
0"
0$
#94975000
b1010101 +
1"
#94980000
0"
b101110110 )
#94985000
b10101011 +
1"
#94990000
0"
#94995000
b1010111 +
1"
#95000000
0"
1$
#95005000
b1000 !
b1000 ,
b10101111 +
1"
#95010000
0"
0$
#95015000
b1011111 +
1"
#95020000
0"
b101110111 )
#95025000
b10111110 +
1"
#95030000
0"
#95035000
b1111100 +
1"
#95040000
0"
1$
#95045000
b101 !
b101 ,
b11111001 +
1"
#95050000
0"
0$
#95055000
b11110010 +
1"
#95060000
0"
b101111000 )
#95065000
b11100101 +
1"
#95070000
0"
#95075000
b11001010 +
1"
#95080000
0"
1$
#95085000
b11 !
b11 ,
b10010100 +
1"
#95090000
0"
0$
#95095000
b101000 +
1"
#95100000
0"
b101111001 )
#95105000
b1010000 +
1"
#95110000
0"
#95115000
b10100001 +
1"
#95120000
0"
1$
#95125000
b10 !
b10 ,
b1000010 +
1"
#95130000
0"
0$
#95135000
b10000100 +
1"
#95140000
0"
b101111010 )
#95145000
b1001 +
1"
#95150000
0"
#95155000
b10011 +
1"
#95160000
0"
1$
#95165000
b100 !
b100 ,
b100111 +
1"
#95170000
0"
0$
#95175000
b1001111 +
1"
#95180000
0"
b101111011 )
#95185000
b10011111 +
1"
#95190000
0"
#95195000
b111111 +
1"
#95200000
0"
1$
#95205000
b1000 !
b1000 ,
b1111111 +
1"
#95210000
0"
0$
#95215000
b11111111 +
1"
#95220000
0"
b101111100 )
#95225000
b11111110 +
1"
#95230000
0"
#95235000
b11111100 +
1"
#95240000
0"
1$
#95245000
b101 !
b101 ,
b11111000 +
1"
#95250000
0"
0$
#95255000
b11110000 +
1"
#95260000
0"
b101111101 )
#95265000
b11100001 +
1"
#95270000
0"
#95275000
b11000010 +
1"
#95280000
0"
1$
#95285000
b11 !
b11 ,
b10000101 +
1"
#95290000
0"
0$
#95295000
b1011 +
1"
#95300000
0"
b101111110 )
#95305000
b10111 +
1"
#95310000
0"
#95315000
b101111 +
1"
#95320000
0"
1$
#95325000
b1000 !
b1000 ,
b1011110 +
1"
#95330000
0"
0$
#95335000
b10111100 +
1"
#95340000
0"
b101111111 )
#95345000
b1111000 +
1"
#95350000
0"
#95355000
b11110001 +
1"
#95360000
0"
1$
#95365000
b10 !
b10 ,
b11100011 +
1"
#95370000
0"
0$
#95375000
b11000110 +
1"
#95380000
0"
b110000000 )
#95385000
b10001101 +
1"
#95390000
0"
#95395000
b11010 +
1"
#95400000
0"
1$
#95405000
b11 !
b11 ,
b110100 +
1"
#95410000
0"
0$
#95415000
b1101000 +
1"
#95420000
0"
b110000001 )
#95425000
b11010000 +
1"
#95430000
0"
#95435000
b10100000 +
1"
#95440000
0"
1$
#95445000
b1 !
b1 ,
b1000000 +
1"
#95450000
0"
0$
#95455000
b10000000 +
1"
#95460000
0"
b110000010 )
#95465000
b1 +
1"
#95470000
0"
#95475000
b10 +
1"
#95480000
0"
1$
#95485000
b11 !
b11 ,
b100 +
1"
#95490000
0"
0$
#95495000
b1000 +
1"
#95500000
0"
b110000011 )
#95505000
b10001 +
1"
#95510000
0"
#95515000
b100011 +
1"
#95520000
0"
1$
#95525000
b100 !
b100 ,
b1000111 +
1"
#95530000
0"
0$
#95535000
b10001110 +
1"
#95540000
0"
b110000100 )
#95545000
b11100 +
1"
#95550000
0"
#95555000
b111000 +
1"
#95560000
0"
1$
#95565000
b1 !
b1 ,
b1110001 +
1"
#95570000
0"
0$
#95575000
b11100010 +
1"
#95580000
0"
b110000101 )
#95585000
b11000100 +
1"
#95590000
0"
#95595000
b10001001 +
1"
#95600000
0"
1$
#95605000
b10 !
b10 ,
b10010 +
1"
#95610000
0"
0$
#95615000
b100101 +
1"
#95620000
0"
b110000110 )
#95625000
b1001011 +
1"
#95630000
0"
#95635000
b10010111 +
1"
#95640000
0"
1$
#95645000
b1000 !
b1000 ,
b101110 +
1"
#95650000
0"
0$
#95655000
b1011100 +
1"
#95660000
0"
b110000111 )
#95665000
b10111000 +
1"
#95670000
0"
#95675000
b1110000 +
1"
#95680000
0"
1$
#95685000
b1 !
b1 ,
b11100000 +
1"
#95690000
0"
0$
#95695000
b11000000 +
1"
#95700000
0"
b110001000 )
#95705000
b10000001 +
1"
#95710000
0"
#95715000
b11 +
1"
#95720000
0"
1$
#95725000
b100 !
b100 ,
b110 +
1"
#95730000
0"
0$
#95735000
b1100 +
1"
#95740000
0"
b110001001 )
#95745000
b11001 +
1"
#95750000
0"
#95755000
b110010 +
1"
#95760000
0"
1$
#95765000
b11 !
b11 ,
b1100100 +
1"
#95770000
0"
0$
#95775000
b11001001 +
1"
#95780000
0"
b110001010 )
#95785000
b10010010 +
1"
#95790000
0"
#95795000
b100100 +
1"
#95800000
0"
1$
#95805000
b101 !
b101 ,
b1001001 +
1"
#95810000
0"
0$
#95815000
b10010011 +
1"
#95820000
0"
b110001011 )
#95825000
b100110 +
1"
#95830000
0"
#95835000
b1001101 +
1"
#95840000
0"
1$
#95845000
b110 !
b110 ,
b10011011 +
1"
#95850000
0"
0$
#95855000
b110111 +
1"
#95860000
0"
b110001100 )
#95865000
b1101110 +
1"
#95870000
0"
#95875000
b11011100 +
1"
#95880000
0"
1$
#95885000
b101 !
b101 ,
b10111001 +
1"
#95890000
0"
0$
#95895000
b1110010 +
1"
#95900000
0"
b110001101 )
#95905000
b11100100 +
1"
#95910000
0"
#95915000
b11001000 +
1"
#95920000
0"
1$
#95925000
b1 !
b1 ,
b10010000 +
1"
#95930000
0"
0$
#95935000
b100000 +
1"
#95940000
0"
b110001110 )
#95945000
b1000001 +
1"
#95950000
0"
#95955000
b10000010 +
1"
#95960000
0"
1$
#95965000
b11 !
b11 ,
b101 +
1"
#95970000
0"
0$
#95975000
b1010 +
1"
#95980000
0"
b110001111 )
#95985000
b10101 +
1"
#95990000
0"
#95995000
b101011 +
1"
#96000000
0"
1$
#96005000
b100 !
b100 ,
b1010110 +
1"
#96010000
0"
0$
#96015000
b10101101 +
1"
#96020000
0"
b110010000 )
#96025000
b1011011 +
1"
#96030000
0"
#96035000
b10110110 +
1"
#96040000
0"
1$
#96045000
b111 !
b111 ,
b1101101 +
1"
#96050000
0"
0$
#96055000
b11011010 +
1"
#96060000
0"
b110010001 )
#96065000
b10110101 +
1"
#96070000
0"
#96075000
b1101011 +
1"
#96080000
0"
1$
#96085000
b100 !
b100 ,
b11010110 +
1"
#96090000
0"
0$
#96095000
b10101100 +
1"
#96100000
0"
b110010010 )
#96105000
b1011001 +
1"
#96110000
0"
#96115000
b10110010 +
1"
#96120000
0"
1$
#96125000
b11 !
b11 ,
b1100101 +
1"
#96130000
0"
0$
#96135000
b11001011 +
1"
#96140000
0"
b110010011 )
#96145000
b10010110 +
1"
#96150000
0"
#96155000
b101100 +
1"
#96160000
0"
1$
#96165000
b101 !
b101 ,
b1011000 +
1"
#96170000
0"
0$
#96175000
b10110000 +
1"
#96180000
0"
b110010100 )
#96185000
b1100001 +
1"
#96190000
0"
#96195000
b11000011 +
1"
#96200000
0"
1$
#96205000
b100 !
b100 ,
b10000111 +
1"
#96210000
0"
0$
#96215000
b1111 +
1"
#96220000
0"
b110010101 )
#96225000
b11111 +
1"
#96230000
0"
#96235000
b111110 +
1"
#96240000
0"
1$
#96245000
b111 !
b111 ,
b1111101 +
1"
#96250000
0"
0$
#96255000
b11111011 +
1"
#96260000
0"
b110010110 )
#96265000
b11110110 +
1"
#96270000
0"
#96275000
b11101101 +
1"
#96280000
0"
1$
#96285000
b110 !
b110 ,
b11011011 +
1"
#96290000
0"
0$
#96295000
b10110111 +
1"
#96300000
0"
b110010111 )
#96305000
b1101111 +
1"
#96310000
0"
#96315000
b11011110 +
1"
#96320000
0"
1$
#96325000
b111 !
b111 ,
b10111101 +
1"
#96330000
0"
0$
#96335000
b1111010 +
1"
#96340000
0"
b110011000 )
#96345000
b11110101 +
1"
#96350000
0"
#96355000
b11101011 +
1"
#96360000
0"
1$
#96365000
b100 !
b100 ,
b11010111 +
1"
#96370000
0"
0$
#96375000
b10101110 +
1"
#96380000
0"
b110011001 )
#96385000
b1011101 +
1"
#96390000
0"
#96395000
b10111010 +
1"
#96400000
0"
1$
#96405000
b11 !
b11 ,
b1110100 +
1"
#96410000
0"
0$
#96415000
b11101000 +
1"
#96420000
0"
b110011010 )
#96425000
b11010001 +
1"
#96430000
0"
#96435000
b10100010 +
1"
#96440000
0"
1$
#96445000
b1000100 +
1"
#96450000
0"
0$
#96455000
b10001000 +
1"
#96460000
0"
b110011011 )
#96465000
b10000 +
1"
#96470000
0"
#96475000
b100001 +
1"
#96480000
0"
1$
#96485000
b10 !
b10 ,
b1000011 +
1"
#96490000
0"
0$
#96495000
b10000110 +
1"
#96500000
0"
b110011100 )
#96505000
b1101 +
1"
#96510000
0"
#96515000
b11011 +
1"
#96520000
0"
1$
#96525000
b100 !
b100 ,
b110110 +
1"
#96530000
0"
0$
#96535000
b1101100 +
1"
#96540000
0"
b110011101 )
#96545000
b11011000 +
1"
#96550000
0"
#96555000
b10110001 +
1"
#96560000
0"
1$
#96565000
b10 !
b10 ,
b1100011 +
1"
#96570000
0"
0$
#96575000
b11000111 +
1"
#96580000
0"
b110011110 )
#96585000
b10001111 +
1"
#96590000
0"
#96595000
b11110 +
1"
#96600000
0"
1$
#96605000
b111 !
b111 ,
b111100 +
1"
#96610000
0"
0$
#96615000
b1111001 +
1"
#96620000
0"
b110011111 )
#96625000
b11110011 +
1"
#96630000
0"
#96635000
b11100111 +
1"
#96640000
0"
1$
#96645000
b1000 !
b1000 ,
b11001110 +
1"
#96650000
0"
0$
#96655000
b10011100 +
1"
#96660000
0"
b110100000 )
#96665000
b111001 +
1"
#96670000
0"
#96675000
b1110011 +
1"
#96680000
0"
1$
#96685000
b100 !
b100 ,
b11100110 +
1"
#96690000
0"
0$
#96695000
b11001100 +
1"
#96700000
0"
b110100001 )
#96705000
b10011000 +
1"
#96710000
0"
#96715000
b110001 +
1"
#96720000
0"
1$
#96725000
b10 !
b10 ,
b1100010 +
1"
#96730000
0"
0$
#96735000
b11000101 +
1"
#96740000
0"
b110100010 )
#96745000
b10001011 +
1"
#96750000
0"
#96755000
b10110 +
1"
#96760000
0"
1$
#96765000
b111 !
b111 ,
b101101 +
1"
#96770000
0"
0$
#96775000
b1011010 +
1"
#96780000
0"
b110100011 )
#96785000
b10110100 +
1"
#96790000
0"
#96795000
b1101001 +
1"
#96800000
0"
1$
#96805000
b10 !
b10 ,
b11010010 +
1"
#96810000
0"
0$
#96815000
b10100100 +
1"
#96820000
0"
b110100100 )
#96825000
b1001000 +
1"
#96830000
0"
#96835000
b10010001 +
1"
#96840000
0"
1$
#96845000
b100010 +
1"
#96850000
0"
0$
#96855000
b1000101 +
1"
#96860000
0"
b110100101 )
#96865000
b10001010 +
1"
#96870000
0"
#96875000
b10100 +
1"
#96880000
0"
1$
#96885000
b101 !
b101 ,
b101001 +
1"
#96890000
0"
0$
#96895000
b1010010 +
1"
#96900000
0"
b110100110 )
#96905000
b10100101 +
1"
#96910000
0"
#96915000
b1001010 +
1"
#96920000
0"
1$
#96925000
b11 !
b11 ,
b10010101 +
1"
#96930000
0"
0$
#96935000
b101010 +
1"
#96940000
0"
b110100111 )
#96945000
b1010100 +
1"
#96950000
0"
#96955000
b10101001 +
1"
#96960000
0"
1$
#96965000
b10 !
b10 ,
b1010011 +
1"
#96970000
0"
0$
#96975000
b10100111 +
1"
#96980000
0"
b110101000 )
#96985000
b1001110 +
1"
#96990000
0"
#96995000
b10011101 +
1"
#97000000
0"
1$
#97005000
b110 !
b110 ,
b111011 +
1"
#97010000
0"
0$
#97015000
b1110111 +
1"
#97020000
0"
b110101001 )
#97025000
b11101110 +
1"
#97030000
0"
#97035000
b11011101 +
1"
#97040000
0"
1$
#97045000
b10111011 +
1"
#97050000
0"
0$
#97055000
b1110110 +
1"
#97060000
0"
b110101010 )
#97065000
b11101100 +
1"
#97070000
0"
#97075000
b11011001 +
1"
#97080000
0"
1$
#97085000
b10 !
b10 ,
b10110011 +
1"
#97090000
0"
0$
#97095000
b1100111 +
1"
#97100000
0"
b110101011 )
#97105000
b11001111 +
1"
#97110000
0"
#97115000
b10011110 +
1"
#97120000
0"
1$
#97125000
b111 !
b111 ,
b111101 +
1"
#97130000
0"
0$
#97135000
b1111011 +
1"
#97140000
0"
b110101100 )
#97145000
b11110111 +
1"
#97150000
0"
#97155000
b11101111 +
1"
#97160000
0"
1$
#97165000
b1000 !
b1000 ,
b11011111 +
1"
#97170000
0"
0$
#97175000
b10111111 +
1"
#97180000
0"
b110101101 )
#97185000
b1111110 +
1"
#97190000
0"
#97195000
b11111101 +
1"
#97200000
0"
1$
#97205000
b110 !
b110 ,
b11111010 +
1"
#97210000
0"
0$
#97215000
b11110100 +
1"
#97220000
0"
b110101110 )
#97225000
b11101001 +
1"
#97230000
0"
#97235000
b11010011 +
1"
#97240000
0"
1$
#97245000
b100 !
b100 ,
b10100110 +
1"
#97250000
0"
0$
#97255000
b1001100 +
1"
#97260000
0"
b110101111 )
#97265000
b10011001 +
1"
#97270000
0"
#97275000
b110011 +
1"
#97280000
0"
1$
#97285000
b1100110 +
1"
#97290000
0"
0$
#97295000
b11001101 +
1"
#97300000
0"
b110110000 )
#97305000
b10011010 +
1"
#97310000
0"
#97315000
b110101 +
1"
#97320000
0"
1$
#97325000
b110 !
b110 ,
b1101010 +
1"
#97330000
0"
0$
#97335000
b11010100 +
1"
#97340000
0"
b110110001 )
#97345000
b10101000 +
1"
#97350000
0"
#97355000
b1010001 +
1"
#97360000
0"
1$
#97365000
b10 !
b10 ,
b10100011 +
1"
#97370000
0"
0$
#97375000
b1000110 +
1"
#97380000
0"
b110110010 )
#97385000
b10001100 +
1"
#97390000
0"
#97395000
b11000 +
1"
#97400000
0"
1$
#97405000
b1 !
b1 ,
b110000 +
1"
#97410000
0"
0$
#97415000
b1100000 +
1"
#97420000
0"
b110110011 )
#97425000
b11000001 +
1"
#97430000
0"
#97435000
b10000011 +
1"
#97440000
0"
1$
#97445000
b100 !
b100 ,
b111 +
1"
#97450000
0"
0$
#97455000
b1110 +
1"
#97460000
0"
b110110100 )
#97465000
b11101 +
1"
#97470000
0"
#97475000
b111010 +
1"
#97480000
0"
1$
#97485000
b11 !
b11 ,
b1110101 +
1"
#97490000
0"
0$
#97495000
b11101010 +
1"
#97500000
0"
b110110101 )
#97505000
b11010101 +
1"
#97510000
0"
#97515000
b10101010 +
1"
#97520000
0"
1$
#97525000
b1010101 +
1"
#97530000
0"
0$
#97535000
b10101011 +
1"
#97540000
0"
b110110110 )
#97545000
b1010111 +
1"
#97550000
0"
#97555000
b10101111 +
1"
#97560000
0"
1$
#97565000
b1000 !
b1000 ,
b1011111 +
1"
#97570000
0"
0$
#97575000
b10111110 +
1"
#97580000
0"
b110110111 )
#97585000
b1111100 +
1"
#97590000
0"
#97595000
b11111001 +
1"
#97600000
0"
1$
#97605000
b10 !
b10 ,
b11110010 +
1"
#97610000
0"
0$
#97615000
b11100101 +
1"
#97620000
0"
b110111000 )
#97625000
b11001010 +
1"
#97630000
0"
#97635000
b10010100 +
1"
#97640000
0"
1$
#97645000
b101 !
b101 ,
b101000 +
1"
#97650000
0"
0$
#97655000
b1010000 +
1"
#97660000
0"
b110111001 )
#97665000
b10100001 +
1"
#97670000
0"
#97675000
b1000010 +
1"
#97680000
0"
1$
#97685000
b11 !
b11 ,
b10000100 +
1"
#97690000
0"
0$
#97695000
b1001 +
1"
#97700000
0"
b110111010 )
#97705000
b10011 +
1"
#97710000
0"
#97715000
b100111 +
1"
#97720000
0"
1$
#97725000
b1000 !
b1000 ,
b1001111 +
1"
#97730000
0"
0$
#97735000
b10011111 +
1"
#97740000
0"
b110111011 )
#97745000
b111111 +
1"
#97750000
0"
#97755000
b1111111 +
1"
#97760000
0"
1$
#97765000
b11111111 +
1"
#97770000
0"
0$
#97775000
b11111110 +
1"
#97780000
0"
b110111100 )
#97785000
b11111100 +
1"
#97790000
0"
#97795000
b11111000 +
1"
#97800000
0"
1$
#97805000
b1 !
b1 ,
b11110000 +
1"
#97810000
0"
0$
#97815000
b11100001 +
1"
#97820000
0"
b110111101 )
#97825000
b11000010 +
1"
#97830000
0"
#97835000
b10000101 +
1"
#97840000
0"
1$
#97845000
b110 !
b110 ,
b1011 +
1"
#97850000
0"
0$
#97855000
b10111 +
1"
#97860000
0"
b110111110 )
#97865000
b101111 +
1"
#97870000
0"
#97875000
b1011110 +
1"
#97880000
0"
1$
#97885000
b111 !
b111 ,
b10111100 +
1"
#97890000
0"
0$
#97895000
b1111000 +
1"
#97900000
0"
b110111111 )
#97905000
b11110001 +
1"
#97910000
0"
#97915000
b11100011 +
1"
#97920000
0"
1$
#97925000
b100 !
b100 ,
b11000110 +
1"
#97930000
0"
0$
#97935000
b10001101 +
1"
#97940000
0"
b111000000 )
#97945000
b11010 +
1"
#97950000
0"
#97955000
b110100 +
1"
#97960000
0"
1$
#97965000
b101 !
b101 ,
b1101000 +
1"
#97970000
0"
0$
#97975000
b11010000 +
1"
#97980000
0"
b111000001 )
#97985000
b10100000 +
1"
#97990000
0"
#97995000
b1000000 +
1"
#98000000
0"
1$
#98005000
b1 !
b1 ,
b10000000 +
1"
#98010000
0"
0$
#98015000
b1 +
1"
#98020000
0"
b111000010 )
#98025000
b10 +
1"
#98030000
0"
#98035000
b100 +
1"
#98040000
0"
1$
#98045000
b101 !
b101 ,
b1000 +
1"
#98050000
0"
0$
#98055000
b10001 +
1"
#98060000
0"
b111000011 )
#98065000
b100011 +
1"
#98070000
0"
#98075000
b1000111 +
1"
#98080000
0"
1$
#98085000
b1000 !
b1000 ,
b10001110 +
1"
#98090000
0"
0$
#98095000
b11100 +
1"
#98100000
0"
b111000100 )
#98105000
b111000 +
1"
#98110000
0"
#98115000
b1110001 +
1"
#98120000
0"
1$
#98125000
b10 !
b10 ,
b11100010 +
1"
#98130000
0"
0$
#98135000
b11000100 +
1"
#98140000
0"
b111000101 )
#98145000
b10001001 +
1"
#98150000
0"
#98155000
b10010 +
1"
#98160000
0"
1$
#98165000
b11 !
b11 ,
b100101 +
1"
#98170000
0"
0$
#98175000
b1001011 +
1"
#98180000
0"
b111000110 )
#98185000
b10010111 +
1"
#98190000
0"
#98195000
b101110 +
1"
#98200000
0"
1$
#98205000
b111 !
b111 ,
b1011100 +
1"
#98210000
0"
0$
#98215000
b10111000 +
1"
#98220000
0"
b111000111 )
#98225000
b1110000 +
1"
#98230000
0"
#98235000
b11100000 +
1"
#98240000
0"
1$
#98245000
b1 !
b1 ,
b11000000 +
1"
#98250000
0"
0$
#98255000
b10000001 +
1"
#98260000
0"
b111001000 )
#98265000
b11 +
1"
#98270000
0"
#98275000
b110 +
1"
#98280000
0"
1$
#98285000
b111 !
b111 ,
b1100 +
1"
#98290000
0"
0$
#98295000
b11001 +
1"
#98300000
0"
b111001001 )
#98305000
b110010 +
1"
#98310000
0"
#98315000
b1100100 +
1"
#98320000
0"
1$
#98325000
b101 !
b101 ,
b11001001 +
1"
#98330000
0"
0$
#98335000
b10010010 +
1"
#98340000
0"
b111001010 )
#98345000
b100100 +
1"
#98350000
0"
#98355000
b1001001 +
1"
#98360000
0"
1$
#98365000
b10 !
b10 ,
b10010011 +
1"
#98370000
0"
0$
#98375000
b100110 +
1"
#98380000
0"
b111001011 )
#98385000
b1001101 +
1"
#98390000
0"
#98395000
b10011011 +
1"
#98400000
0"
1$
#98405000
b100 !
b100 ,
b110111 +
1"
#98410000
0"
0$
#98415000
b1101110 +
1"
#98420000
0"
b111001100 )
#98425000
b11011100 +
1"
#98430000
0"
#98435000
b10111001 +
1"
#98440000
0"
1$
#98445000
b10 !
b10 ,
b1110010 +
1"
#98450000
0"
0$
#98455000
b11100100 +
1"
#98460000
0"
b111001101 )
#98465000
b11001000 +
1"
#98470000
0"
#98475000
b10010000 +
1"
#98480000
0"
1$
#98485000
b1 !
b1 ,
b100000 +
1"
#98490000
0"
0$
#98495000
b1000001 +
1"
#98500000
0"
b111001110 )
#98505000
b10000010 +
1"
#98510000
0"
#98515000
b101 +
1"
#98520000
0"
1$
#98525000
b110 !
b110 ,
b1010 +
1"
#98530000
0"
0$
#98535000
b10101 +
1"
#98540000
0"
b111001111 )
#98545000
b101011 +
1"
#98550000
0"
#98555000
b1010110 +
1"
#98560000
0"
1$
#98565000
b111 !
b111 ,
b10101101 +
1"
#98570000
0"
0$
#98575000
b1011011 +
1"
#98580000
0"
b111010000 )
#98585000
b10110110 +
1"
#98590000
0"
#98595000
b1101101 +
1"
#98600000
0"
1$
#98605000
b110 !
b110 ,
b11011010 +
1"
#98610000
0"
0$
#98615000
b10110101 +
1"
#98620000
0"
b111010001 )
#98625000
b1101011 +
1"
#98630000
0"
#98635000
b11010110 +
1"
#98640000
0"
1$
#98645000
b111 !
b111 ,
b10101100 +
1"
#98650000
0"
0$
#98655000
b1011001 +
1"
#98660000
0"
b111010010 )
#98665000
b10110010 +
1"
#98670000
0"
#98675000
b1100101 +
1"
#98680000
0"
1$
#98685000
b110 !
b110 ,
b11001011 +
1"
#98690000
0"
0$
#98695000
b10010110 +
1"
#98700000
0"
b111010011 )
#98705000
b101100 +
1"
#98710000
0"
#98715000
b1011000 +
1"
#98720000
0"
1$
#98725000
b1 !
b1 ,
b10110000 +
1"
#98730000
0"
0$
#98735000
b1100001 +
1"
#98740000
0"
b111010100 )
#98745000
b11000011 +
1"
#98750000
0"
#98755000
b10000111 +
1"
#98760000
0"
1$
#98765000
b1000 !
b1000 ,
b1111 +
1"
#98770000
0"
0$
#98775000
b11111 +
1"
#98780000
0"
b111010101 )
#98785000
b111110 +
1"
#98790000
0"
#98795000
b1111101 +
1"
#98800000
0"
1$
#98805000
b110 !
b110 ,
b11111011 +
1"
#98810000
0"
0$
#98815000
b11110110 +
1"
#98820000
0"
b111010110 )
#98825000
b11101101 +
1"
#98830000
0"
#98835000
b11011011 +
1"
#98840000
0"
1$
#98845000
b100 !
b100 ,
b10110111 +
1"
#98850000
0"
0$
#98855000
b1101111 +
1"
#98860000
0"
b111010111 )
#98865000
b11011110 +
1"
#98870000
0"
#98875000
b10111101 +
1"
#98880000
0"
1$
#98885000
b110 !
b110 ,
b1111010 +
1"
#98890000
0"
0$
#98895000
b11110101 +
1"
#98900000
0"
b111011000 )
#98905000
b11101011 +
1"
#98910000
0"
#98915000
b11010111 +
1"
#98920000
0"
1$
#98925000
b1000 !
b1000 ,
b10101110 +
1"
#98930000
0"
0$
#98935000
b1011101 +
1"
#98940000
0"
b111011001 )
#98945000
b10111010 +
1"
#98950000
0"
#98955000
b1110100 +
1"
#98960000
0"
1$
#98965000
b101 !
b101 ,
b11101000 +
1"
#98970000
0"
0$
#98975000
b11010001 +
1"
#98980000
0"
b111011010 )
#98985000
b10100010 +
1"
#98990000
0"
#98995000
b1000100 +
1"
#99000000
0"
1$
#99005000
b10001000 +
1"
#99010000
0"
0$
#99015000
b10000 +
1"
#99020000
0"
b111011011 )
#99025000
b100001 +
1"
#99030000
0"
#99035000
b1000011 +
1"
#99040000
0"
1$
#99045000
b100 !
b100 ,
b10000110 +
1"
#99050000
0"
0$
#99055000
b1101 +
1"
#99060000
0"
b111011100 )
#99065000
b11011 +
1"
#99070000
0"
#99075000
b110110 +
1"
#99080000
0"
1$
#99085000
b111 !
b111 ,
b1101100 +
1"
#99090000
0"
0$
#99095000
b11011000 +
1"
#99100000
0"
b111011101 )
#99105000
b10110001 +
1"
#99110000
0"
#99115000
b1100011 +
1"
#99120000
0"
1$
#99125000
b100 !
b100 ,
b11000111 +
1"
#99130000
0"
0$
#99135000
b10001111 +
1"
#99140000
0"
b111011110 )
#99145000
b11110 +
1"
#99150000
0"
#99155000
b111100 +
1"
#99160000
0"
1$
#99165000
b101 !
b101 ,
b1111001 +
1"
#99170000
0"
0$
#99175000
b11110011 +
1"
#99180000
0"
b111011111 )
#99185000
b11100111 +
1"
#99190000
0"
#99195000
b11001110 +
1"
#99200000
0"
1$
#99205000
b111 !
b111 ,
b10011100 +
1"
#99210000
0"
0$
#99215000
b111001 +
1"
#99220000
0"
b111100000 )
#99225000
b1110011 +
1"
#99230000
0"
#99235000
b11100110 +
1"
#99240000
0"
1$
#99245000
b11001100 +
1"
#99250000
0"
0$
#99255000
b10011000 +
1"
#99260000
0"
b111100001 )
#99265000
b110001 +
1"
#99270000
0"
#99275000
b1100010 +
1"
#99280000
0"
1$
#99285000
b11 !
b11 ,
b11000101 +
1"
#99290000
0"
0$
#99295000
b10001011 +
1"
#99300000
0"
b111100010 )
#99305000
b10110 +
1"
#99310000
0"
#99315000
b101101 +
1"
#99320000
0"
1$
#99325000
b110 !
b110 ,
b1011010 +
1"
#99330000
0"
0$
#99335000
b10110100 +
1"
#99340000
0"
b111100011 )
#99345000
b1101001 +
1"
#99350000
0"
#99355000
b11010010 +
1"
#99360000
0"
1$
#99365000
b11 !
b11 ,
b10100100 +
1"
#99370000
0"
0$
#99375000
b1001000 +
1"
#99380000
0"
b111100100 )
#99385000
b10010001 +
1"
#99390000
0"
#99395000
b100010 +
1"
#99400000
0"
1$
#99405000
b1000101 +
1"
#99410000
0"
0$
#99415000
b10001010 +
1"
#99420000
0"
b111100101 )
#99425000
b10100 +
1"
#99430000
0"
#99435000
b101001 +
1"
#99440000
0"
1$
#99445000
b10 !
b10 ,
b1010010 +
1"
#99450000
0"
0$
#99455000
b10100101 +
1"
#99460000
0"
b111100110 )
#99465000
b1001010 +
1"
#99470000
0"
#99475000
b10010101 +
1"
#99480000
0"
1$
#99485000
b110 !
b110 ,
b101010 +
1"
#99490000
0"
0$
#99495000
b1010100 +
1"
#99500000
0"
b111100111 )
#99505000
b10101001 +
1"
#99510000
0"
#99515000
b1010011 +
1"
#99520000
0"
1$
#99525000
b100 !
b100 ,
b10100111 +
1"
#99530000
0"
0$
#99535000
b1001110 +
1"
#99540000
0"
b111101000 )
#99545000
b10011101 +
1"
#99550000
0"
#99555000
b111011 +
1"
#99560000
0"
1$
#99565000
b1110111 +
1"
#99570000
0"
0$
#99575000
b11101110 +
1"
#99580000
0"
b111101001 )
#99585000
b11011101 +
1"
#99590000
0"
#99595000
b10111011 +
1"
#99600000
0"
1$
#99605000
b1110110 +
1"
#99610000
0"
0$
#99615000
b11101100 +
1"
#99620000
0"
b111101010 )
#99625000
b11011001 +
1"
#99630000
0"
#99635000
b10110011 +
1"
#99640000
0"
1$
#99645000
b1100111 +
1"
#99650000
0"
0$
#99655000
b11001111 +
1"
#99660000
0"
b111101011 )
#99665000
b10011110 +
1"
#99670000
0"
#99675000
b111101 +
1"
#99680000
0"
1$
#99685000
b110 !
b110 ,
b1111011 +
1"
#99690000
0"
0$
#99695000
b11110111 +
1"
#99700000
0"
b111101100 )
#99705000
b11101111 +
1"
#99710000
0"
#99715000
b11011111 +
1"
#99720000
0"
1$
#99725000
b1000 !
b1000 ,
b10111111 +
1"
#99730000
0"
0$
#99735000
b1111110 +
1"
#99740000
0"
b111101101 )
#99745000
b11111101 +
1"
#99750000
0"
#99755000
b11111010 +
1"
#99760000
0"
1$
#99765000
b11 !
b11 ,
b11110100 +
1"
#99770000
0"
0$
#99775000
b11101001 +
1"
#99780000
0"
b111101110 )
#99785000
b11010011 +
1"
#99790000
0"
#99795000
b10100110 +
1"
#99800000
0"
1$
#99805000
b111 !
b111 ,
b1001100 +
1"
#99810000
0"
0$
#99815000
b10011001 +
1"
#99820000
0"
b111101111 )
#99825000
b110011 +
1"
#99830000
0"
#99835000
b1100110 +
1"
#99840000
0"
1$
#99845000
b11001101 +
1"
#99850000
0"
0$
#99855000
b10011010 +
1"
#99860000
0"
b111110000 )
#99865000
b110101 +
1"
#99870000
0"
#99875000
b1101010 +
1"
#99880000
0"
1$
#99885000
b11 !
b11 ,
b11010100 +
1"
#99890000
0"
0$
#99895000
b10101000 +
1"
#99900000
0"
b111110001 )
#99905000
b1010001 +
1"
#99910000
0"
#99915000
b10100011 +
1"
#99920000
0"
1$
#99925000
b100 !
b100 ,
b1000110 +
1"
#99930000
0"
0$
#99935000
b10001100 +
1"
#99940000
0"
b111110010 )
#99945000
b11000 +
1"
#99950000
0"
#99955000
b110000 +
1"
#99960000
0"
1$
#99965000
b1 !
b1 ,
b1100000 +
1"
#99970000
0"
0$
#99975000
b11000001 +
1"
#99980000
0"
b111110011 )
#99985000
b10000011 +
1"
#99990000
0"
#99995000
b111 +
1"
#100000000
0"
1$
#100005000
b1000 !
b1000 ,
b1110 +
1"
#100010000
0"
0$
#100015000
b11101 +
1"
#100020000
0"
b111110100 )
#100025000
b111010 +
1"
#100030000
0"
#100035000
b1110101 +
1"
#100040000
0"
1$
#100045000
b110 !
b110 ,
b11101010 +
1"
#100050000
0"
0$
#100055000
b11010101 +
1"
#100060000
0"
b111110101 )
#100065000
b10101010 +
1"
#100070000
0"
#100075000
b1010101 +
1"
#100080000
0"
1$
#100085000
b10101011 +
1"
#100090000
0"
0$
#100095000
b1010111 +
1"
#100100000
0"
b111110110 )
#100105000
b10101111 +
1"
#100110000
0"
#100115000
b1011111 +
1"
#100120000
0"
1$
#100125000
b1000 !
b1000 ,
b10111110 +
1"
#100130000
0"
0$
#100135000
b1111100 +
1"
#100140000
0"
b111110111 )
#100145000
b11111001 +
1"
#100150000
0"
#100155000
b11110010 +
1"
#100160000
0"
1$
#100165000
b11 !
b11 ,
b11100101 +
1"
#100170000
0"
0$
#100175000
b11001010 +
1"
#100180000
0"
b111111000 )
#100185000
b10010100 +
1"
#100190000
0"
#100195000
b101000 +
1"
#100200000
0"
1$
#100205000
b1 !
b1 ,
b1010000 +
1"
#100210000
0"
0$
#100215000
b10100001 +
1"
#100220000
0"
b111111001 )
#100225000
b1000010 +
1"
#100230000
0"
#100235000
b10000100 +
1"
#100240000
0"
1$
#100245000
b101 !
b101 ,
b1001 +
1"
#100250000
0"
0$
#100255000
b10011 +
1"
#100260000
0"
b111111010 )
#100265000
b100111 +
1"
#100270000
0"
#100275000
b1001111 +
1"
#100280000
0"
1$
#100285000
b1000 !
b1000 ,
b10011111 +
1"
#100290000
0"
0$
#100295000
b111111 +
1"
#100300000
0"
b111111011 )
#100305000
b1111111 +
1"
#100310000
0"
#100315000
b11111111 +
1"
#100320000
0"
1$
#100325000
b11111110 +
1"
#100330000
0"
0$
#100335000
b11111100 +
1"
#100340000
0"
b111111100 )
#100345000
b11111000 +
1"
#100350000
0"
#100355000
b11110000 +
1"
#100360000
0"
1$
#100365000
b1 !
b1 ,
b11100001 +
1"
#100370000
0"
0$
#100375000
b11000010 +
1"
#100380000
0"
b111111101 )
#100385000
b10000101 +
1"
#100390000
0"
#100395000
b1011 +
1"
#100400000
0"
1$
#100405000
b100 !
b100 ,
b10111 +
1"
#100410000
0"
0$
#100415000
b101111 +
1"
#100420000
0"
b111111110 )
#100425000
b1011110 +
1"
#100430000
0"
#100435000
b10111100 +
1"
#100440000
0"
1$
#100445000
b101 !
b101 ,
b1111000 +
1"
#100450000
0"
0$
#100455000
b11110001 +
1"
#100460000
0"
b111111111 )
#100465000
b11100011 +
1"
#100470000
0"
#100475000
b11000110 +
1"
#100480000
0"
1$
#100485000
b111 !
b111 ,
b10001101 +
1"
#100490000
0"
0$
#100495000
b11010 +
1"
#100500000
0"
b1000000000 )
#100505000
b110100 +
1"
#100510000
0"
#100515000
b1101000 +
1"
#100520000
0"
1$
#100525000
b1 !
b1 ,
b11010000 +
1"
#100530000
0"
0$
#100535000
b10100000 +
1"
#100540000
0"
b1000000001 )
#100545000
b1000000 +
1"
#100550000
0"
#100555000
b10000000 +
1"
#100560000
0"
1$
#100565000
b1 +
1"
#100570000
0"
0$
#100575000
b10 +
1"
#100580000
0"
b1000000010 )
#100585000
b100 +
1"
#100590000
0"
#100595000
b1000 +
1"
#100600000
0"
1$
#100605000
b10001 +
1"
#100610000
0"
0$
#100615000
b100011 +
1"
#100620000
0"
b1000000011 )
#100625000
b1000111 +
1"
#100630000
0"
#100635000
b10001110 +
1"
#100640000
0"
1$
#100645000
b111 !
b111 ,
b11100 +
1"
#100650000
0"
0$
#100655000
b111000 +
1"
#100660000
0"
b1000000100 )
#100665000
b1110001 +
1"
#100670000
0"
#100675000
b11100010 +
1"
#100680000
0"
1$
#100685000
b11 !
b11 ,
b11000100 +
1"
#100690000
0"
0$
#100695000
b10001001 +
1"
#100700000
0"
b1000000101 )
#100705000
b10010 +
1"
#100710000
0"
#100715000
b100101 +
1"
#100720000
0"
1$
#100725000
b110 !
b110 ,
b1001011 +
1"
#100730000
0"
0$
#100735000
b10010111 +
1"
#100740000
0"
b1000000110 )
#100745000
b101110 +
1"
#100750000
0"
#100755000
b1011100 +
1"
#100760000
0"
1$
#100765000
b101 !
b101 ,
b10111000 +
1"
#100770000
0"
0$
#100775000
b1110000 +
1"
#100780000
0"
b1000000111 )
#100785000
b11100000 +
1"
#100790000
0"
#100795000
b11000000 +
1"
#100800000
0"
1$
#100805000
b1 !
b1 ,
b10000001 +
1"
#100810000
0"
0$
#100815000
b11 +
1"
#100820000
0"
b1000001000 )
#100825000
b110 +
1"
#100830000
0"
#100835000
b1100 +
1"
#100840000
0"
1$
#100845000
b101 !
b101 ,
b11001 +
1"
#100850000
0"
0$
#100855000
b110010 +
1"
#100860000
0"
b1000001001 )
#100865000
b1100100 +
1"
#100870000
0"
#100875000
b11001001 +
1"
#100880000
0"
1$
#100885000
b10 !
b10 ,
b10010010 +
1"
#100890000
0"
0$
#100895000
b100100 +
1"
#100900000
0"
b1000001010 )
#100905000
b1001001 +
1"
#100910000
0"
#100915000
b10010011 +
1"
#100920000
0"
1$
#100925000
b100 !
b100 ,
b100110 +
1"
#100930000
0"
0$
#100935000
b1001101 +
1"
#100940000
0"
b1000001011 )
#100945000
b10011011 +
1"
#100950000
0"
#100955000
b110111 +
1"
#100960000
0"
1$
#100965000
b1000 !
b1000 ,
b1101110 +
1"
#100970000
0"
0$
#100975000
b11011100 +
1"
#100980000
0"
b1000001100 )
#100985000
b10111001 +
1"
#100990000
0"
#100995000
b1110010 +
1"
#101000000
0"
1$
#101005000
b11 !
b11 ,
b11100100 +
1"
#101010000
0"
0$
#101015000
b11001000 +
1"
#101020000
0"
b1000001101 )
#101025000
b10010000 +
1"
#101030000
0"
#101035000
b100000 +
1"
#101040000
0"
1$
#101045000
b1 !
b1 ,
b1000001 +
1"
#101050000
0"
0$
#101055000
b10000010 +
1"
#101060000
0"
b1000001110 )
#101065000
b101 +
1"
#101070000
0"
#101075000
b1010 +
1"
#101080000
0"
1$
#101085000
b11 !
b11 ,
b10101 +
1"
#101090000
0"
0$
#101095000
b101011 +
1"
#101100000
0"
b1000001111 )
#101105000
b1010110 +
1"
#101110000
0"
#101115000
b10101101 +
1"
#101120000
0"
1$
#101125000
b110 !
b110 ,
b1011011 +
1"
#101130000
0"
0$
#101135000
b10110110 +
1"
#101140000
0"
b1000010000 )
#101145000
b1101101 +
1"
#101150000
0"
#101155000
b11011010 +
1"
#101160000
0"
1$
#101165000
b11 !
b11 ,
b10110101 +
1"
#101170000
0"
0$
#101175000
b1101011 +
1"
#101180000
0"
b1000010001 )
#101185000
b11010110 +
1"
#101190000
0"
#101195000
b10101100 +
1"
#101200000
0"
1$
#101205000
b101 !
b101 ,
b1011001 +
1"
#101210000
0"
0$
#101215000
b10110010 +
1"
#101220000
0"
b1000010010 )
#101225000
b1100101 +
1"
#101230000
0"
#101235000
b11001011 +
1"
#101240000
0"
1$
#101245000
b100 !
b100 ,
b10010110 +
1"
#101250000
0"
0$
#101255000
b101100 +
1"
#101260000
0"
b1000010011 )
#101265000
b1011000 +
1"
#101270000
0"
#101275000
b10110000 +
1"
#101280000
0"
1$
#101285000
b1 !
b1 ,
b1100001 +
1"
#101290000
0"
0$
#101295000
b11000011 +
1"
#101300000
0"
b1000010100 )
#101305000
b10000111 +
1"
#101310000
0"
#101315000
b1111 +
1"
#101320000
0"
1$
#101325000
b1000 !
b1000 ,
b11111 +
1"
#101330000
0"
0$
#101335000
b111110 +
1"
#101340000
0"
b1000010101 )
#101345000
b1111101 +
1"
#101350000
0"
#101355000
b11111011 +
1"
#101360000
0"
1$
#101365000
b100 !
b100 ,
b11110110 +
1"
#101370000
0"
0$
#101375000
b11101101 +
1"
#101380000
0"
b1000010110 )
#101385000
b11011011 +
1"
#101390000
0"
#101395000
b10110111 +
1"
#101400000
0"
1$
#101405000
b1000 !
b1000 ,
b1101111 +
1"
#101410000
0"
0$
#101415000
b11011110 +
1"
#101420000
0"
b1000010111 )
#101425000
b10111101 +
1"
#101430000
0"
#101435000
b1111010 +
1"
#101440000
0"
1$
#101445000
b11 !
b11 ,
b11110101 +
1"
#101450000
0"
0$
#101455000
b11101011 +
1"
#101460000
0"
b1000011000 )
#101465000
b11010111 +
1"
#101470000
0"
#101475000
b10101110 +
1"
#101480000
0"
1$
#101485000
b111 !
b111 ,
b1011101 +
1"
#101490000
0"
0$
#101495000
b10111010 +
1"
#101500000
0"
b1000011001 )
#101505000
b1110100 +
1"
#101510000
0"
#101515000
b11101000 +
1"
#101520000
0"
1$
#101525000
b1 !
b1 ,
b11010001 +
1"
#101530000
0"
0$
#101535000
b10100010 +
1"
#101540000
0"
b1000011010 )
#101545000
b1000100 +
1"
#101550000
0"
#101555000
b10001000 +
1"
#101560000
0"
1$
#101565000
b10000 +
1"
#101570000
0"
0$
#101575000
b100001 +
1"
#101580000
0"
b1000011011 )
#101585000
b1000011 +
1"
#101590000
0"
#101595000
b10000110 +
1"
#101600000
0"
1$
#101605000
b111 !
b111 ,
b1101 +
1"
#101610000
0"
0$
#101615000
b11011 +
1"
#101620000
0"
b1000011100 )
#101625000
b110110 +
1"
#101630000
0"
#101635000
b1101100 +
1"
#101640000
0"
1$
#101645000
b101 !
b101 ,
b11011000 +
1"
#101650000
0"
0$
#101655000
b10110001 +
1"
#101660000
0"
b1000011101 )
#101665000
b1100011 +
1"
#101670000
0"
#101675000
b11000111 +
1"
#101680000
0"
1$
#101685000
b1000 !
b1000 ,
b10001111 +
1"
#101690000
0"
0$
#101695000
b11110 +
1"
#101700000
0"
b1000011110 )
#101705000
b111100 +
1"
#101710000
0"
#101715000
b1111001 +
1"
#101720000
0"
1$
#101725000
b10 !
b10 ,
b11110011 +
1"
#101730000
0"
0$
#101735000
b11100111 +
1"
#101740000
0"
b1000011111 )
#101745000
b11001110 +
1"
#101750000
0"
#101755000
b10011100 +
1"
#101760000
0"
1$
#101765000
b101 !
b101 ,
b111001 +
1"
#101770000
0"
0$
#101775000
b1110011 +
1"
#101780000
0"
b1000100000 )
#101785000
b11100110 +
1"
#101790000
0"
#101795000
b11001100 +
1"
#101800000
0"
1$
#101805000
b10011000 +
1"
#101810000
0"
0$
#101815000
b110001 +
1"
#101820000
0"
b1000100001 )
#101825000
b1100010 +
1"
#101830000
0"
#101835000
b11000101 +
1"
#101840000
0"
1$
#101845000
b110 !
b110 ,
b10001011 +
1"
#101850000
0"
0$
#101855000
b10110 +
1"
#101860000
0"
b1000100010 )
#101865000
b101101 +
1"
#101870000
0"
#101875000
b1011010 +
1"
#101880000
0"
1$
#101885000
b11 !
b11 ,
b10110100 +
1"
#101890000
0"
0$
#101895000
b1101001 +
1"
#101900000
0"
b1000100011 )
#101905000
b11010010 +
1"
#101910000
0"
#101915000
b10100100 +
1"
#101920000
0"
1$
#101925000
b101 !
b101 ,
b1001000 +
1"
#101930000
0"
0$
#101935000
b10010001 +
1"
#101940000
0"
b1000100100 )
#101945000
b100010 +
1"
#101950000
0"
#101955000
b1000101 +
1"
#101960000
0"
1$
#101965000
b110 !
b110 ,
b10001010 +
1"
#101970000
0"
0$
#101975000
b10100 +
1"
#101980000
0"
b1000100101 )
#101985000
b101001 +
1"
#101990000
0"
#101995000
b1010010 +
1"
#102000000
0"
1$
#102005000
b11 !
b11 ,
b10100101 +
1"
#102010000
0"
0$
#102015000
b1001010 +
1"
#102020000
0"
b1000100110 )
#102025000
b10010101 +
1"
#102030000
0"
#102035000
b101010 +
1"
#102040000
0"
1$
#102045000
b1010100 +
1"
#102050000
0"
0$
#102055000
b10101001 +
1"
#102060000
0"
b1000100111 )
#102065000
b1010011 +
1"
#102070000
0"
#102075000
b10100111 +
1"
#102080000
0"
1$
#102085000
b1000 !
b1000 ,
b1001110 +
1"
#102090000
0"
0$
#102095000
b10011101 +
1"
#102100000
0"
b1000101000 )
#102105000
b111011 +
1"
#102110000
0"
#102115000
b1110111 +
1"
#102120000
0"
1$
#102125000
b11101110 +
1"
#102130000
0"
0$
#102135000
b11011101 +
1"
#102140000
0"
b1000101001 )
#102145000
b10111011 +
1"
#102150000
0"
#102155000
b1110110 +
1"
#102160000
0"
1$
#102165000
b111 !
b111 ,
b11101100 +
1"
#102170000
0"
0$
#102175000
b11011001 +
1"
#102180000
0"
b1000101010 )
#102185000
b10110011 +
1"
#102190000
0"
#102195000
b1100111 +
1"
#102200000
0"
1$
#102205000
b1000 !
b1000 ,
b11001111 +
1"
#102210000
0"
0$
#102215000
b10011110 +
1"
#102220000
0"
b1000101011 )
#102225000
b111101 +
1"
#102230000
0"
#102235000
b1111011 +
1"
#102240000
0"
1$
#102245000
b100 !
b100 ,
b11110111 +
1"
#102250000
0"
0$
#102255000
b11101111 +
1"
#102260000
0"
b1000101100 )
#102265000
b11011111 +
1"
#102270000
0"
#102275000
b10111111 +
1"
#102280000
0"
1$
#102285000
b1000 !
b1000 ,
b1111110 +
1"
#102290000
0"
0$
#102295000
b11111101 +
1"
#102300000
0"
b1000101101 )
#102305000
b11111010 +
1"
#102310000
0"
#102315000
b11110100 +
1"
#102320000
0"
1$
#102325000
b101 !
b101 ,
b11101001 +
1"
#102330000
0"
0$
#102335000
b11010011 +
1"
#102340000
0"
b1000101110 )
#102345000
b10100110 +
1"
#102350000
0"
#102355000
b1001100 +
1"
#102360000
0"
1$
#102365000
b10011001 +
1"
#102370000
0"
0$
#102375000
b110011 +
1"
#102380000
0"
b1000101111 )
#102385000
b1100110 +
1"
#102390000
0"
#102395000
b11001101 +
1"
#102400000
0"
1$
#102405000
b110 !
b110 ,
b10011010 +
1"
#102410000
0"
0$
#102415000
b110101 +
1"
#102420000
0"
b1000110000 )
#102425000
b1101010 +
1"
#102430000
0"
#102435000
b11010100 +
1"
#102440000
0"
1$
#102445000
b101 !
b101 ,
b10101000 +
1"
#102450000
0"
0$
#102455000
b1010001 +
1"
#102460000
0"
b1000110001 )
#102465000
b10100011 +
1"
#102470000
0"
#102475000
b1000110 +
1"
#102480000
0"
1$
#102485000
b111 !
b111 ,
b10001100 +
1"
#102490000
0"
0$
#102495000
b11000 +
1"
#102500000
0"
b1000110010 )
#102505000
b110000 +
1"
#102510000
0"
#102515000
b1100000 +
1"
#102520000
0"
1$
#102525000
b1 !
b1 ,
b11000001 +
1"
#102530000
0"
0$
#102535000
b10000011 +
1"
#102540000
0"
b1000110011 )
#102545000
b111 +
1"
#102550000
0"
#102555000
b1110 +
1"
#102560000
0"
1$
#102565000
b111 !
b111 ,
b11101 +
1"
#102570000
0"
0$
#102575000
b111010 +
1"
#102580000
0"
b1000110100 )
#102585000
b1110101 +
1"
#102590000
0"
#102595000
b11101010 +
1"
#102600000
0"
1$
#102605000
b11 !
b11 ,
b11010101 +
1"
#102610000
0"
0$
#102615000
b10101010 +
1"
#102620000
0"
b1000110101 )
#102625000
b1010101 +
1"
#102630000
0"
#102635000
b10101011 +
1"
#102640000
0"
1$
#102645000
b100 !
b100 ,
b1010111 +
1"
#102650000
0"
0$
#102655000
b10101111 +
1"
#102660000
0"
b1000110110 )
#102665000
b1011111 +
1"
#102670000
0"
#102675000
b10111110 +
1"
#102680000
0"
1$
#102685000
b111 !
b111 ,
b1111100 +
1"
#102690000
0"
0$
#102695000
b11111001 +
1"
#102700000
0"
b1000110111 )
#102705000
b11110010 +
1"
#102710000
0"
#102715000
b11100101 +
1"
#102720000
0"
1$
#102725000
b110 !
b110 ,
b11001010 +
1"
#102730000
0"
0$
#102735000
b10010100 +
1"
#102740000
0"
b1000111000 )
#102745000
b101000 +
1"
#102750000
0"
#102755000
b1010000 +
1"
#102760000
0"
1$
#102765000
b1 !
b1 ,
b10100001 +
1"
#102770000
0"
0$
#102775000
b1000010 +
1"
#102780000
0"
b1000111001 )
#102785000
b10000100 +
1"
#102790000
0"
#102795000
b1001 +
1"
#102800000
0"
1$
#102805000
b10 !
b10 ,
b10011 +
1"
#102810000
0"
0$
#102815000
b100111 +
1"
#102820000
0"
b1000111010 )
#102825000
b1001111 +
1"
#102830000
0"
#102835000
b10011111 +
1"
#102840000
0"
1$
#102845000
b1000 !
b1000 ,
b111111 +
1"
#102850000
0"
0$
#102855000
b1111111 +
1"
#102860000
0"
b1000111011 )
#102865000
b11111111 +
1"
#102870000
0"
#102875000
b11111110 +
1"
#102880000
0"
1$
#102885000
b111 !
b111 ,
b11111100 +
1"
#102890000
0"
0$
#102895000
b11111000 +
1"
#102900000
0"
b1000111100 )
#102905000
b11110000 +
1"
#102910000
0"
#102915000
b11100001 +
1"
#102920000
0"
1$
#102925000
b10 !
b10 ,
b11000010 +
1"
#102930000
0"
0$
#102935000
b10000101 +
1"
#102940000
0"
b1000111101 )
#102945000
b1011 +
1"
#102950000
0"
#102955000
b10111 +
1"
#102960000
0"
1$
#102965000
b1000 !
b1000 ,
b101111 +
1"
#102970000
0"
0$
#102975000
b1011110 +
1"
#102980000
0"
b1000111110 )
#102985000
b10111100 +
1"
#102990000
0"
#102995000
b1111000 +
1"
#103000000
0"
1$
#103005000
b1 !
b1 ,
b11110001 +
1"
#103010000
0"
0$
#103015000
b11100011 +
1"
#103020000
0"
b1000111111 )
#103025000
b11000110 +
1"
#103030000
0"
#103035000
b10001101 +
1"
#103040000
0"
1$
#103045000
b110 !
b110 ,
b11010 +
1"
#103050000
0"
0$
#103055000
b110100 +
1"
#103060000
0"
b1001000000 )
#103065000
b1101000 +
1"
#103070000
0"
#103075000
b11010000 +
1"
#103080000
0"
1$
#103085000
b1 !
b1 ,
b10100000 +
1"
#103090000
0"
0$
#103095000
b1000000 +
1"
#103100000
0"
b1001000001 )
#103105000
b10000000 +
1"
#103110000
0"
#103115000
b1 +
1"
#103120000
0"
1$
#103125000
b10 !
b10 ,
b10 +
1"
#103130000
0"
0$
#103135000
b100 +
1"
#103140000
0"
b1001000010 )
#103145000
b1000 +
1"
#103150000
0"
#103155000
b10001 +
1"
#103160000
0"
1$
#103165000
b100011 +
1"
#103170000
0"
0$
#103175000
b1000111 +
1"
#103180000
0"
b1001000011 )
#103185000
b10001110 +
1"
#103190000
0"
#103195000
b11100 +
1"
#103200000
0"
1$
#103205000
b101 !
b101 ,
b111000 +
1"
#103210000
0"
0$
#103215000
b1110001 +
1"
#103220000
0"
b1001000100 )
#103225000
b11100010 +
1"
#103230000
0"
#103235000
b11000100 +
1"
#103240000
0"
1$
#103245000
b10001001 +
1"
#103250000
0"
0$
#103255000
b10010 +
1"
#103260000
0"
b1001000101 )
#103265000
b100101 +
1"
#103270000
0"
#103275000
b1001011 +
1"
#103280000
0"
1$
#103285000
b100 !
b100 ,
b10010111 +
1"
#103290000
0"
0$
#103295000
b101110 +
1"
#103300000
0"
b1001000110 )
#103305000
b1011100 +
1"
#103310000
0"
#103315000
b10111000 +
1"
#103320000
0"
1$
#103325000
b1 !
b1 ,
b1110000 +
1"
#103330000
0"
0$
#103335000
b11100000 +
1"
#103340000
0"
b1001000111 )
#103345000
b11000000 +
1"
#103350000
0"
#103355000
b10000001 +
1"
#103360000
0"
1$
#103365000
b10 !
b10 ,
b11 +
1"
#103370000
0"
0$
#103375000
b110 +
1"
#103380000
0"
b1001001000 )
#103385000
b1100 +
1"
#103390000
0"
#103395000
b11001 +
1"
#103400000
0"
1$
#103405000
b110010 +
1"
#103410000
0"
0$
#103415000
b1100100 +
1"
#103420000
0"
b1001001001 )
#103425000
b11001001 +
1"
#103430000
0"
#103435000
b10010010 +
1"
#103440000
0"
1$
#103445000
b11 !
b11 ,
b100100 +
1"
#103450000
0"
0$
#103455000
b1001001 +
1"
#103460000
0"
b1001001010 )
#103465000
b10010011 +
1"
#103470000
0"
#103475000
b100110 +
1"
#103480000
0"
1$
#103485000
b111 !
b111 ,
b1001101 +
1"
#103490000
0"
0$
#103495000
b10011011 +
1"
#103500000
0"
b1001001011 )
#103505000
b110111 +
1"
#103510000
0"
#103515000
b1101110 +
1"
#103520000
0"
1$
#103525000
b11011100 +
1"
#103530000
0"
0$
#103535000
b10111001 +
1"
#103540000
0"
b1001001100 )
#103545000
b1110010 +
1"
#103550000
0"
#103555000
b11100100 +
1"
#103560000
0"
1$
#103565000
b101 !
b101 ,
b11001000 +
1"
#103570000
0"
0$
#103575000
b10010000 +
1"
#103580000
0"
b1001001101 )
#103585000
b100000 +
1"
#103590000
0"
#103595000
b1000001 +
1"
#103600000
0"
1$
#103605000
b10 !
b10 ,
b10000010 +
1"
#103610000
0"
0$
#103615000
b101 +
1"
#103620000
0"
b1001001110 )
#103625000
b1010 +
1"
#103630000
0"
#103635000
b10101 +
1"
#103640000
0"
1$
#103645000
b110 !
b110 ,
b101011 +
1"
#103650000
0"
0$
#103655000
b1010110 +
1"
#103660000
0"
b1001001111 )
#103665000
b10101101 +
1"
#103670000
0"
#103675000
b1011011 +
1"
#103680000
0"
1$
#103685000
b100 !
b100 ,
b10110110 +
1"
#103690000
0"
0$
#103695000
b1101101 +
1"
#103700000
0"
b1001010000 )
#103705000
b11011010 +
1"
#103710000
0"
#103715000
b10110101 +
1"
#103720000
0"
1$
#103725000
b110 !
b110 ,
b1101011 +
1"
#103730000
0"
0$
#103735000
b11010110 +
1"
#103740000
0"
b1001010001 )
#103745000
b10101100 +
1"
#103750000
0"
#103755000
b1011001 +
1"
#103760000
0"
1$
#103765000
b10 !
b10 ,
b10110010 +
1"
#103770000
0"
0$
#103775000
b1100101 +
1"
#103780000
0"
b1001010010 )
#103785000
b11001011 +
1"
#103790000
0"
#103795000
b10010110 +
1"
#103800000
0"
1$
#103805000
b111 !
b111 ,
b101100 +
1"
#103810000
0"
0$
#103815000
b1011000 +
1"
#103820000
0"
b1001010011 )
#103825000
b10110000 +
1"
#103830000
0"
#103835000
b1100001 +
1"
#103840000
0"
1$
#103845000
b10 !
b10 ,
b11000011 +
1"
#103850000
0"
0$
#103855000
b10000111 +
1"
#103860000
0"
b1001010100 )
#103865000
b1111 +
1"
#103870000
0"
#103875000
b11111 +
1"
#103880000
0"
1$
#103885000
b1000 !
b1000 ,
b111110 +
1"
#103890000
0"
0$
#103895000
b1111101 +
1"
#103900000
0"
b1001010101 )
#103905000
b11111011 +
1"
#103910000
0"
#103915000
b11110110 +
1"
#103920000
0"
1$
#103925000
b111 !
b111 ,
b11101101 +
1"
#103930000
0"
0$
#103935000
b11011011 +
1"
#103940000
0"
b1001010110 )
#103945000
b10110111 +
1"
#103950000
0"
#103955000
b1101111 +
1"
#103960000
0"
1$
#103965000
b1000 !
b1000 ,
b11011110 +
1"
#103970000
0"
0$
#103975000
b10111101 +
1"
#103980000
0"
b1001010111 )
#103985000
b1111010 +
1"
#103990000
0"
#103995000
b11110101 +
1"
#104000000
0"
1$
#104005000
b110 !
b110 ,
b11101011 +
1"
#104010000
0"
0$
#104015000
b11010111 +
1"
#104020000
0"
b1001011000 )
#104025000
b10101110 +
1"
#104030000
0"
#104035000
b1011101 +
1"
#104040000
0"
1$
#104045000
b10111010 +
1"
#104050000
0"
0$
#104055000
b1110100 +
1"
#104060000
0"
b1001011001 )
#104065000
b11101000 +
1"
#104070000
0"
#104075000
b11010001 +
1"
#104080000
0"
1$
#104085000
b10 !
b10 ,
b10100010 +
1"
#104090000
0"
0$
#104095000
b1000100 +
1"
#104100000
0"
b1001011010 )
#104105000
b10001000 +
1"
#104110000
0"
#104115000
b10000 +
1"
#104120000
0"
1$
#104125000
b1 !
b1 ,
b100001 +
1"
#104130000
0"
0$
#104135000
b1000011 +
1"
#104140000
0"
b1001011011 )
#104145000
b10000110 +
1"
#104150000
0"
#104155000
b1101 +
1"
#104160000
0"
1$
#104165000
b110 !
b110 ,
b11011 +
1"
#104170000
0"
0$
#104175000
b110110 +
1"
#104180000
0"
b1001011100 )
#104185000
b1101100 +
1"
#104190000
0"
#104195000
b11011000 +
1"
#104200000
0"
1$
#104205000
b1 !
b1 ,
b10110001 +
1"
#104210000
0"
0$
#104215000
b1100011 +
1"
#104220000
0"
b1001011101 )
#104225000
b11000111 +
1"
#104230000
0"
#104235000
b10001111 +
1"
#104240000
0"
1$
#104245000
b1000 !
b1000 ,
b11110 +
1"
#104250000
0"
0$
#104255000
b111100 +
1"
#104260000
0"
b1001011110 )
#104265000
b1111001 +
1"
#104270000
0"
#104275000
b11110011 +
1"
#104280000
0"
1$
#104285000
b100 !
b100 ,
b11100111 +
1"
#104290000
0"
0$
#104295000
b11001110 +
1"
#104300000
0"
b1001011111 )
#104305000
b10011100 +
1"
#104310000
0"
#104315000
b111001 +
1"
#104320000
0"
1$
#104325000
b10 !
b10 ,
b1110011 +
1"
#104330000
0"
0$
#104335000
b11100110 +
1"
#104340000
0"
b1001100000 )
#104345000
b11001100 +
1"
#104350000
0"
#104355000
b10011000 +
1"
#104360000
0"
1$
#104365000
b1 !
b1 ,
b110001 +
1"
#104370000
0"
0$
#104375000
b1100010 +
1"
#104380000
0"
b1001100001 )
#104385000
b11000101 +
1"
#104390000
0"
#104395000
b10001011 +
1"
#104400000
0"
1$
#104405000
b100 !
b100 ,
b10110 +
1"
#104410000
0"
0$
#104415000
b101101 +
1"
#104420000
0"
b1001100010 )
#104425000
b1011010 +
1"
#104430000
0"
#104435000
b10110100 +
1"
#104440000
0"
1$
#104445000
b101 !
b101 ,
b1101001 +
1"
#104450000
0"
0$
#104455000
b11010010 +
1"
#104460000
0"
b1001100011 )
#104465000
b10100100 +
1"
#104470000
0"
#104475000
b1001000 +
1"
#104480000
0"
1$
#104485000
b1 !
b1 ,
b10010001 +
1"
#104490000
0"
0$
#104495000
b100010 +
1"
#104500000
0"
b1001100100 )
#104505000
b1000101 +
1"
#104510000
0"
#104515000
b10001010 +
1"
#104520000
0"
1$
#104525000
b11 !
b11 ,
b10100 +
1"
#104530000
0"
0$
#104535000
b101001 +
1"
#104540000
0"
b1001100101 )
#104545000
b1010010 +
1"
#104550000
0"
#104555000
b10100101 +
1"
#104560000
0"
1$
#104565000
b110 !
b110 ,
b1001010 +
1"
#104570000
0"
0$
#104575000
b10010101 +
1"
#104580000
0"
b1001100110 )
#104585000
b101010 +
1"
#104590000
0"
#104595000
b1010100 +
1"
#104600000
0"
1$
#104605000
b101 !
b101 ,
b10101001 +
1"
#104610000
0"
0$
#104615000
b1010011 +
1"
#104620000
0"
b1001100111 )
#104625000
b10100111 +
1"
#104630000
0"
#104635000
b1001110 +
1"
#104640000
0"
1$
#104645000
b111 !
b111 ,
b10011101 +
1"
#104650000
0"
0$
#104655000
b111011 +
1"
#104660000
0"
b1001101000 )
#104665000
b1110111 +
1"
#104670000
0"
#104675000
b11101110 +
1"
#104680000
0"
1$
#104685000
b11011101 +
1"
#104690000
0"
0$
#104695000
b10111011 +
1"
#104700000
0"
b1001101001 )
#104705000
b1110110 +
1"
#104710000
0"
#104715000
b11101100 +
1"
#104720000
0"
1$
#104725000
b101 !
b101 ,
b11011001 +
1"
#104730000
0"
0$
#104735000
b10110011 +
1"
#104740000
0"
b1001101010 )
#104745000
b1100111 +
1"
#104750000
0"
#104755000
b11001111 +
1"
#104760000
0"
1$
#104765000
b1000 !
b1000 ,
b10011110 +
1"
#104770000
0"
0$
#104775000
b111101 +
1"
#104780000
0"
b1001101011 )
#104785000
b1111011 +
1"
#104790000
0"
#104795000
b11110111 +
1"
#104800000
0"
1$
#104805000
b11101111 +
1"
#104810000
0"
0$
#104815000
b11011111 +
1"
#104820000
0"
b1001101100 )
#104825000
b10111111 +
1"
#104830000
0"
#104835000
b1111110 +
1"
#104840000
0"
1$
#104845000
b111 !
b111 ,
b11111101 +
1"
#104850000
0"
0$
#104855000
b11111010 +
1"
#104860000
0"
b1001101101 )
#104865000
b11110100 +
1"
#104870000
0"
#104875000
b11101001 +
1"
#104880000
0"
1$
#104885000
b10 !
b10 ,
b11010011 +
1"
#104890000
0"
0$
#104895000
b10100110 +
1"
#104900000
0"
b1001101110 )
#104905000
b1001100 +
1"
#104910000
0"
#104915000
b10011001 +
1"
#104920000
0"
1$
#104925000
b110011 +
1"
#104930000
0"
0$
#104935000
b1100110 +
1"
#104940000
0"
b1001101111 )
#104945000
b11001101 +
1"
#104950000
0"
#104955000
b10011010 +
1"
#104960000
0"
1$
#104965000
b11 !
b11 ,
b110101 +
1"
#104970000
0"
0$
#104975000
b1101010 +
1"
#104980000
0"
b1001110000 )
#104985000
b11010100 +
1"
#104990000
0"
#104995000
b10101000 +
1"
#105000000
0"
1$
#105005000
b1 !
b1 ,
b1010001 +
1"
#105010000
0"
0$
#105015000
b10100011 +
1"
#105020000
0"
b1001110001 )
#105025000
b1000110 +
1"
#105030000
0"
#105035000
b10001100 +
1"
#105040000
0"
1$
#105045000
b101 !
b101 ,
b11000 +
1"
#105050000
0"
0$
#105055000
b110000 +
1"
#105060000
0"
b1001110010 )
#105065000
b1100000 +
1"
#105070000
0"
#105075000
b11000001 +
1"
#105080000
0"
1$
#105085000
b10 !
b10 ,
b10000011 +
1"
#105090000
0"
0$
#105095000
b111 +
1"
#105100000
0"
b1001110011 )
#105105000
b1110 +
1"
#105110000
0"
#105115000
b11101 +
1"
#105120000
0"
1$
#105125000
b110 !
b110 ,
b111010 +
1"
#105130000
0"
0$
#105135000
b1110101 +
1"
#105140000
0"
b1001110100 )
#105145000
b11101010 +
1"
#105150000
0"
#105155000
b11010101 +
1"
#105160000
0"
1$
#105165000
b10101010 +
1"
#105170000
0"
0$
#105175000
b1010101 +
1"
#105180000
0"
b1001110101 )
#105185000
b10101011 +
1"
#105190000
0"
#105195000
b1010111 +
1"
#105200000
0"
1$
#105205000
b1000 !
b1000 ,
b10101111 +
1"
#105210000
0"
0$
#105215000
b1011111 +
1"
#105220000
0"
b1001110110 )
#105225000
b10111110 +
1"
#105230000
0"
#105235000
b1111100 +
1"
#105240000
0"
1$
#105245000
b101 !
b101 ,
b11111001 +
1"
#105250000
0"
0$
#105255000
b11110010 +
1"
#105260000
0"
b1001110111 )
#105265000
b11100101 +
1"
#105270000
0"
#105275000
b11001010 +
1"
#105280000
0"
1$
#105285000
b11 !
b11 ,
b10010100 +
1"
#105290000
0"
0$
#105295000
b101000 +
1"
#105300000
0"
b1001111000 )
#105305000
b1010000 +
1"
#105310000
0"
#105315000
b10100001 +
1"
#105320000
0"
1$
#105325000
b10 !
b10 ,
b1000010 +
1"
#105330000
0"
0$
#105335000
b10000100 +
1"
#105340000
0"
b1001111001 )
#105345000
b1001 +
1"
#105350000
0"
#105355000
b10011 +
1"
#105360000
0"
1$
#105365000
b100 !
b100 ,
b100111 +
1"
#105370000
0"
0$
#105375000
b1001111 +
1"
#105380000
0"
b1001111010 )
#105385000
b10011111 +
1"
#105390000
0"
#105395000
b111111 +
1"
#105400000
0"
1$
#105405000
b1000 !
b1000 ,
b1111111 +
1"
#105410000
0"
0$
#105415000
b11111111 +
1"
#105420000
0"
b1001111011 )
#105425000
b11111110 +
1"
#105430000
0"
#105435000
b11111100 +
1"
#105440000
0"
1$
#105445000
b101 !
b101 ,
b11111000 +
1"
#105450000
0"
0$
#105455000
b11110000 +
1"
#105460000
0"
b1001111100 )
#105465000
b11100001 +
1"
#105470000
0"
#105475000
b11000010 +
1"
#105480000
0"
1$
#105485000
b11 !
b11 ,
b10000101 +
1"
#105490000
0"
0$
#105495000
b1011 +
1"
#105500000
0"
b1001111101 )
#105505000
b10111 +
1"
#105510000
0"
#105515000
b101111 +
1"
#105520000
0"
1$
#105525000
b1000 !
b1000 ,
b1011110 +
1"
#105530000
0"
0$
#105535000
b10111100 +
1"
#105540000
0"
b1001111110 )
#105545000
b1111000 +
1"
#105550000
0"
#105555000
b11110001 +
1"
#105560000
0"
1$
#105565000
b10 !
b10 ,
b11100011 +
1"
#105570000
0"
0$
#105575000
b11000110 +
1"
#105580000
0"
b1001111111 )
#105585000
b10001101 +
1"
#105590000
0"
#105595000
b11010 +
1"
#105600000
0"
1$
#105605000
b11 !
b11 ,
b110100 +
1"
#105610000
0"
0$
#105615000
b1101000 +
1"
#105620000
0"
b1010000000 )
#105625000
b11010000 +
1"
#105630000
0"
#105635000
b10100000 +
1"
#105640000
0"
1$
#105645000
b1 !
b1 ,
b1000000 +
1"
#105650000
0"
0$
#105655000
b10000000 +
1"
#105660000
0"
b1010000001 )
#105665000
b1 +
1"
#105670000
0"
#105675000
b10 +
1"
#105680000
0"
1$
#105685000
b11 !
b11 ,
b100 +
1"
#105690000
0"
0$
#105695000
b1000 +
1"
#105700000
0"
b1010000010 )
#105705000
b10001 +
1"
#105710000
0"
#105715000
b100011 +
1"
#105720000
0"
1$
#105725000
b100 !
b100 ,
b1000111 +
1"
#105730000
0"
0$
#105735000
b10001110 +
1"
#105740000
0"
b1010000011 )
#105745000
b11100 +
1"
#105750000
0"
#105755000
b111000 +
1"
#105760000
0"
1$
#105765000
b1 !
b1 ,
b1110001 +
1"
#105770000
0"
0$
#105775000
b11100010 +
1"
#105780000
0"
b1010000100 )
#105785000
b11000100 +
1"
#105790000
0"
#105795000
b10001001 +
1"
#105800000
0"
1$
#105805000
b10 !
b10 ,
b10010 +
1"
#105810000
0"
0$
#105815000
b100101 +
1"
#105820000
0"
b1010000101 )
#105825000
b1001011 +
1"
#105830000
0"
#105835000
b10010111 +
1"
#105840000
0"
1$
#105845000
b1000 !
b1000 ,
b101110 +
1"
#105850000
0"
0$
#105855000
b1011100 +
1"
#105860000
0"
b1010000110 )
#105865000
b10111000 +
1"
#105870000
0"
#105875000
b1110000 +
1"
#105880000
0"
1$
#105885000
b1 !
b1 ,
b11100000 +
1"
#105890000
0"
0$
#105895000
b11000000 +
1"
#105900000
0"
b1010000111 )
#105905000
b10000001 +
1"
#105910000
0"
#105915000
b11 +
1"
#105920000
0"
1$
#105925000
b100 !
b100 ,
b110 +
1"
#105930000
0"
0$
#105935000
b1100 +
1"
#105940000
0"
b1010001000 )
#105945000
b11001 +
1"
#105950000
0"
#105955000
b110010 +
1"
#105960000
0"
1$
#105965000
b11 !
b11 ,
b1100100 +
1"
#105970000
0"
0$
#105975000
b11001001 +
1"
#105980000
0"
b1010001001 )
#105985000
b10010010 +
1"
#105990000
0"
#105995000
b100100 +
1"
#106000000
0"
1$
#106005000
b101 !
b101 ,
b1001001 +
1"
#106010000
0"
0$
#106015000
b10010011 +
1"
#106020000
0"
b1010001010 )
#106025000
b100110 +
1"
#106030000
0"
#106035000
b1001101 +
1"
#106040000
0"
1$
#106045000
b110 !
b110 ,
b10011011 +
1"
#106050000
0"
0$
#106055000
b110111 +
1"
#106060000
0"
b1010001011 )
#106065000
b1101110 +
1"
#106070000
0"
#106075000
b11011100 +
1"
#106080000
0"
1$
#106085000
b101 !
b101 ,
b10111001 +
1"
#106090000
0"
0$
#106095000
b1110010 +
1"
#106100000
0"
b1010001100 )
#106105000
b11100100 +
1"
#106110000
0"
#106115000
b11001000 +
1"
#106120000
0"
1$
#106125000
b1 !
b1 ,
b10010000 +
1"
#106130000
0"
0$
#106135000
b100000 +
1"
#106140000
0"
b1010001101 )
#106145000
b1000001 +
1"
#106150000
0"
#106155000
b10000010 +
1"
#106160000
0"
1$
#106165000
b11 !
b11 ,
b101 +
1"
#106170000
0"
0$
#106175000
b1010 +
1"
#106180000
0"
b1010001110 )
#106185000
b10101 +
1"
#106190000
0"
#106195000
b101011 +
1"
#106200000
0"
1$
#106205000
b100 !
b100 ,
b1010110 +
1"
#106210000
0"
0$
#106215000
b10101101 +
1"
#106220000
0"
b1010001111 )
#106225000
b1011011 +
1"
#106230000
0"
#106235000
b10110110 +
1"
#106240000
0"
1$
#106245000
b111 !
b111 ,
b1101101 +
1"
#106250000
0"
0$
#106255000
b11011010 +
1"
#106260000
0"
b1010010000 )
#106265000
b10110101 +
1"
#106270000
0"
#106275000
b1101011 +
1"
#106280000
0"
1$
#106285000
b100 !
b100 ,
b11010110 +
1"
#106290000
0"
0$
#106295000
b10101100 +
1"
#106300000
0"
b1010010001 )
#106305000
b1011001 +
1"
#106310000
0"
#106315000
b10110010 +
1"
#106320000
0"
1$
#106325000
b11 !
b11 ,
b1100101 +
1"
#106330000
0"
0$
#106335000
b11001011 +
1"
#106340000
0"
b1010010010 )
#106345000
b10010110 +
1"
#106350000
0"
#106355000
b101100 +
1"
#106360000
0"
1$
#106365000
b101 !
b101 ,
b1011000 +
1"
#106370000
0"
0$
#106375000
b10110000 +
1"
#106380000
0"
b1010010011 )
#106385000
b1100001 +
1"
#106390000
0"
#106395000
b11000011 +
1"
#106400000
0"
1$
#106405000
b100 !
b100 ,
b10000111 +
1"
#106410000
0"
0$
#106415000
b1111 +
1"
#106420000
0"
b1010010100 )
#106425000
b11111 +
1"
#106430000
0"
#106435000
b111110 +
1"
#106440000
0"
1$
#106445000
b111 !
b111 ,
b1111101 +
1"
#106450000
0"
0$
#106455000
b11111011 +
1"
#106460000
0"
b1010010101 )
#106465000
b11110110 +
1"
#106470000
0"
#106475000
b11101101 +
1"
#106480000
0"
1$
#106485000
b110 !
b110 ,
b11011011 +
1"
#106490000
0"
0$
#106495000
b10110111 +
1"
#106500000
0"
b1010010110 )
#106505000
b1101111 +
1"
#106510000
0"
#106515000
b11011110 +
1"
#106520000
0"
1$
#106525000
b111 !
b111 ,
b10111101 +
1"
#106530000
0"
0$
#106535000
b1111010 +
1"
#106540000
0"
b1010010111 )
#106545000
b11110101 +
1"
#106550000
0"
#106555000
b11101011 +
1"
#106560000
0"
1$
#106565000
b100 !
b100 ,
b11010111 +
1"
#106570000
0"
0$
#106575000
b10101110 +
1"
#106580000
0"
b1010011000 )
#106585000
b1011101 +
1"
#106590000
0"
#106595000
b10111010 +
1"
#106600000
0"
1$
#106605000
b11 !
b11 ,
b1110100 +
1"
#106610000
0"
0$
#106615000
b11101000 +
1"
#106620000
0"
b1010011001 )
#106625000
b11010001 +
1"
#106630000
0"
#106635000
b10100010 +
1"
#106640000
0"
1$
#106645000
b1000100 +
1"
#106650000
0"
0$
#106655000
b10001000 +
1"
#106660000
0"
b1010011010 )
#106665000
b10000 +
1"
#106670000
0"
#106675000
b100001 +
1"
#106680000
0"
1$
#106685000
b10 !
b10 ,
b1000011 +
1"
#106690000
0"
0$
#106695000
b10000110 +
1"
#106700000
0"
b1010011011 )
#106705000
b1101 +
1"
#106710000
0"
#106715000
b11011 +
1"
#106720000
0"
1$
#106725000
b100 !
b100 ,
b110110 +
1"
#106730000
0"
0$
#106735000
b1101100 +
1"
#106740000
0"
b1010011100 )
#106745000
b11011000 +
1"
#106750000
0"
#106755000
b10110001 +
1"
#106760000
0"
1$
#106765000
b10 !
b10 ,
b1100011 +
1"
#106770000
0"
0$
#106775000
b11000111 +
1"
#106780000
0"
b1010011101 )
#106785000
b10001111 +
1"
#106790000
0"
#106795000
b11110 +
1"
#106800000
0"
1$
#106805000
b111 !
b111 ,
b111100 +
1"
#106810000
0"
0$
#106815000
b1111001 +
1"
#106820000
0"
b1010011110 )
#106825000
b11110011 +
1"
#106830000
0"
#106835000
b11100111 +
1"
#106840000
0"
1$
#106845000
b1000 !
b1000 ,
b11001110 +
1"
#106850000
0"
0$
#106855000
b10011100 +
1"
#106860000
0"
b1010011111 )
#106865000
b111001 +
1"
#106870000
0"
#106875000
b1110011 +
1"
#106880000
0"
1$
#106885000
b100 !
b100 ,
b11100110 +
1"
#106890000
0"
0$
#106895000
b11001100 +
1"
#106900000
0"
b1010100000 )
#106905000
b10011000 +
1"
#106910000
0"
#106915000
b110001 +
1"
#106920000
0"
1$
#106925000
b10 !
b10 ,
b1100010 +
1"
#106930000
0"
0$
#106935000
b11000101 +
1"
#106940000
0"
b1010100001 )
#106945000
b10001011 +
1"
#106950000
0"
#106955000
b10110 +
1"
#106960000
0"
1$
#106965000
b111 !
b111 ,
b101101 +
1"
#106970000
0"
0$
#106975000
b1011010 +
1"
#106980000
0"
b1010100010 )
#106985000
b10110100 +
1"
#106990000
0"
#106995000
b1101001 +
1"
#107000000
0"
1$
#107005000
b10 !
b10 ,
b11010010 +
1"
#107010000
0"
0$
#107015000
b10100100 +
1"
#107020000
0"
b1010100011 )
#107025000
b1001000 +
1"
#107030000
0"
#107035000
b10010001 +
1"
#107040000
0"
1$
#107045000
b100010 +
1"
#107050000
0"
0$
#107055000
b1000101 +
1"
#107060000
0"
b1010100100 )
#107065000
b10001010 +
1"
#107070000
0"
#107075000
b10100 +
1"
#107080000
0"
1$
#107085000
b101 !
b101 ,
b101001 +
1"
#107090000
0"
0$
#107095000
b1010010 +
1"
#107100000
0"
b1010100101 )
#107105000
b10100101 +
1"
#107110000
0"
#107115000
b1001010 +
1"
#107120000
0"
1$
#107125000
b11 !
b11 ,
b10010101 +
1"
#107130000
0"
0$
#107135000
b101010 +
1"
#107140000
0"
b1010100110 )
#107145000
b1010100 +
1"
#107150000
0"
#107155000
b10101001 +
1"
#107160000
0"
1$
#107165000
b10 !
b10 ,
b1010011 +
1"
#107170000
0"
0$
#107175000
b10100111 +
1"
#107180000
0"
b1010100111 )
#107185000
b1001110 +
1"
#107190000
0"
#107195000
b10011101 +
1"
#107200000
0"
1$
#107205000
b110 !
b110 ,
b111011 +
1"
#107210000
0"
0$
#107215000
b1110111 +
1"
#107220000
0"
b1010101000 )
#107225000
b11101110 +
1"
#107230000
0"
#107235000
b11011101 +
1"
#107240000
0"
1$
#107245000
b10111011 +
1"
#107250000
0"
0$
#107255000
b1110110 +
1"
#107260000
0"
b1010101001 )
#107265000
b11101100 +
1"
#107270000
0"
#107275000
b11011001 +
1"
#107280000
0"
1$
#107285000
b10 !
b10 ,
b10110011 +
1"
#107290000
0"
0$
#107295000
b1100111 +
1"
#107300000
0"
b1010101010 )
#107305000
b11001111 +
1"
#107310000
0"
#107315000
b10011110 +
1"
#107320000
0"
1$
#107325000
b111 !
b111 ,
b111101 +
1"
#107330000
0"
0$
#107335000
b1111011 +
1"
#107340000
0"
b1010101011 )
#107345000
b11110111 +
1"
#107350000
0"
#107355000
b11101111 +
1"
#107360000
0"
1$
#107365000
b1000 !
b1000 ,
b11011111 +
1"
#107370000
0"
0$
#107375000
b10111111 +
1"
#107380000
0"
b1010101100 )
#107385000
b1111110 +
1"
#107390000
0"
#107395000
b11111101 +
1"
#107400000
0"
1$
#107405000
b110 !
b110 ,
b11111010 +
1"
#107410000
0"
0$
#107415000
b11110100 +
1"
#107420000
0"
b1010101101 )
#107425000
b11101001 +
1"
#107430000
0"
#107435000
b11010011 +
1"
#107440000
0"
1$
#107445000
b100 !
b100 ,
b10100110 +
1"
#107450000
0"
0$
#107455000
b1001100 +
1"
#107460000
0"
b1010101110 )
#107465000
b10011001 +
1"
#107470000
0"
#107475000
b110011 +
1"
#107480000
0"
1$
#107485000
b1100110 +
1"
#107490000
0"
0$
#107495000
b11001101 +
1"
#107500000
0"
b1010101111 )
#107505000
b10011010 +
1"
#107510000
0"
#107515000
b110101 +
1"
#107520000
0"
1$
#107525000
b110 !
b110 ,
b1101010 +
1"
#107530000
0"
0$
#107535000
b11010100 +
1"
#107540000
0"
b1010110000 )
#107545000
b10101000 +
1"
#107550000
0"
#107555000
b1010001 +
1"
#107560000
0"
1$
#107565000
b10 !
b10 ,
b10100011 +
1"
#107570000
0"
0$
#107575000
b1000110 +
1"
#107580000
0"
b1010110001 )
#107585000
b10001100 +
1"
#107590000
0"
#107595000
b11000 +
1"
#107600000
0"
1$
#107605000
b1 !
b1 ,
b110000 +
1"
#107610000
0"
0$
#107615000
b1100000 +
1"
#107620000
0"
b1010110010 )
#107625000
b11000001 +
1"
#107630000
0"
#107635000
b10000011 +
1"
#107640000
0"
1$
#107645000
b100 !
b100 ,
b111 +
1"
#107650000
0"
0$
#107655000
b1110 +
1"
#107660000
0"
b1010110011 )
#107665000
b11101 +
1"
#107670000
0"
#107675000
b111010 +
1"
#107680000
0"
1$
#107685000
b11 !
b11 ,
b1110101 +
1"
#107690000
0"
0$
#107695000
b11101010 +
1"
#107700000
0"
b1010110100 )
#107705000
b11010101 +
1"
#107710000
0"
#107715000
b10101010 +
1"
#107720000
0"
1$
#107725000
b1010101 +
1"
#107730000
0"
0$
#107735000
b10101011 +
1"
#107740000
0"
b1010110101 )
#107745000
b1010111 +
1"
#107750000
0"
#107755000
b10101111 +
1"
#107760000
0"
1$
#107765000
b1000 !
b1000 ,
b1011111 +
1"
#107770000
0"
0$
#107775000
b10111110 +
1"
#107780000
0"
b1010110110 )
#107785000
b1111100 +
1"
#107790000
0"
#107795000
b11111001 +
1"
#107800000
0"
1$
#107805000
b10 !
b10 ,
b11110010 +
1"
#107810000
0"
0$
#107815000
b11100101 +
1"
#107820000
0"
b1010110111 )
#107825000
b11001010 +
1"
#107830000
0"
#107835000
b10010100 +
1"
#107840000
0"
1$
#107845000
b101 !
b101 ,
b101000 +
1"
#107850000
0"
0$
#107855000
b1010000 +
1"
#107860000
0"
b1010111000 )
#107865000
b10100001 +
1"
#107870000
0"
#107875000
b1000010 +
1"
#107880000
0"
1$
#107885000
b11 !
b11 ,
b10000100 +
1"
#107890000
0"
0$
#107895000
b1001 +
1"
#107900000
0"
b1010111001 )
#107905000
b10011 +
1"
#107910000
0"
#107915000
b100111 +
1"
#107920000
0"
1$
#107925000
b1000 !
b1000 ,
b1001111 +
1"
#107930000
0"
0$
#107935000
b10011111 +
1"
#107940000
0"
b1010111010 )
#107945000
b111111 +
1"
#107950000
0"
#107955000
b1111111 +
1"
#107960000
0"
1$
#107965000
b11111111 +
1"
#107970000
0"
0$
#107975000
b11111110 +
1"
#107980000
0"
b1010111011 )
#107985000
b11111100 +
1"
#107990000
0"
#107995000
b11111000 +
1"
#108000000
0"
1$
#108005000
b1 !
b1 ,
b11110000 +
1"
#108010000
0"
0$
#108015000
b11100001 +
1"
#108020000
0"
b1010111100 )
#108025000
b11000010 +
1"
#108030000
0"
#108035000
b10000101 +
1"
#108040000
0"
1$
#108045000
b110 !
b110 ,
b1011 +
1"
#108050000
0"
0$
#108055000
b10111 +
1"
#108060000
0"
b1010111101 )
#108065000
b101111 +
1"
#108070000
0"
#108075000
b1011110 +
1"
#108080000
0"
1$
#108085000
b111 !
b111 ,
b10111100 +
1"
#108090000
0"
0$
#108095000
b1111000 +
1"
#108100000
0"
b1010111110 )
#108105000
b11110001 +
1"
#108110000
0"
#108115000
b11100011 +
1"
#108120000
0"
1$
#108125000
b100 !
b100 ,
b11000110 +
1"
#108130000
0"
0$
#108135000
b10001101 +
1"
#108140000
0"
b1010111111 )
#108145000
b11010 +
1"
#108150000
0"
#108155000
b110100 +
1"
#108160000
0"
1$
#108165000
b101 !
b101 ,
b1101000 +
1"
#108170000
0"
0$
#108175000
b11010000 +
1"
#108180000
0"
b1011000000 )
#108185000
b10100000 +
1"
#108190000
0"
#108195000
b1000000 +
1"
#108200000
0"
1$
#108205000
b1 !
b1 ,
b10000000 +
1"
#108210000
0"
0$
#108215000
b1 +
1"
#108220000
0"
b1011000001 )
#108225000
b10 +
1"
#108230000
0"
#108235000
b100 +
1"
#108240000
0"
1$
#108245000
b101 !
b101 ,
b1000 +
1"
#108250000
0"
0$
#108255000
b10001 +
1"
#108260000
0"
b1011000010 )
#108265000
b100011 +
1"
#108270000
0"
#108275000
b1000111 +
1"
#108280000
0"
1$
#108285000
b1000 !
b1000 ,
b10001110 +
1"
#108290000
0"
0$
#108295000
b11100 +
1"
#108300000
0"
b1011000011 )
#108305000
b111000 +
1"
#108310000
0"
#108315000
b1110001 +
1"
#108320000
0"
1$
#108325000
b10 !
b10 ,
b11100010 +
1"
#108330000
0"
0$
#108335000
b11000100 +
1"
#108340000
0"
b1011000100 )
#108345000
b10001001 +
1"
#108350000
0"
#108355000
b10010 +
1"
#108360000
0"
1$
#108365000
b11 !
b11 ,
b100101 +
1"
#108370000
0"
0$
#108375000
b1001011 +
1"
#108380000
0"
b1011000101 )
#108385000
b10010111 +
1"
#108390000
0"
#108395000
b101110 +
1"
#108400000
0"
1$
#108405000
b111 !
b111 ,
b1011100 +
1"
#108410000
0"
0$
#108415000
b10111000 +
1"
#108420000
0"
b1011000110 )
#108425000
b1110000 +
1"
#108430000
0"
#108435000
b11100000 +
1"
#108440000
0"
1$
#108445000
b1 !
b1 ,
b11000000 +
1"
#108450000
0"
0$
#108455000
b10000001 +
1"
#108460000
0"
b1011000111 )
#108465000
b11 +
1"
#108470000
0"
#108475000
b110 +
1"
#108480000
0"
1$
#108485000
b111 !
b111 ,
b1100 +
1"
#108490000
0"
0$
#108495000
b11001 +
1"
#108500000
0"
b1011001000 )
#108505000
b110010 +
1"
#108510000
0"
#108515000
b1100100 +
1"
#108520000
0"
1$
#108525000
b101 !
b101 ,
b11001001 +
1"
#108530000
0"
0$
#108535000
b10010010 +
1"
#108540000
0"
b1011001001 )
#108545000
b100100 +
1"
#108550000
0"
#108555000
b1001001 +
1"
#108560000
0"
1$
#108565000
b10 !
b10 ,
b10010011 +
1"
#108570000
0"
0$
#108575000
b100110 +
1"
#108580000
0"
b1011001010 )
#108585000
b1001101 +
1"
#108590000
0"
#108595000
b10011011 +
1"
#108600000
0"
1$
#108605000
b100 !
b100 ,
b110111 +
1"
#108610000
0"
0$
#108615000
b1101110 +
1"
#108620000
0"
b1011001011 )
#108625000
b11011100 +
1"
#108630000
0"
#108635000
b10111001 +
1"
#108640000
0"
1$
#108645000
b10 !
b10 ,
b1110010 +
1"
#108650000
0"
0$
#108655000
b11100100 +
1"
#108660000
0"
b1011001100 )
#108665000
b11001000 +
1"
#108670000
0"
#108675000
b10010000 +
1"
#108680000
0"
1$
#108685000
b1 !
b1 ,
b100000 +
1"
#108690000
0"
0$
#108695000
b1000001 +
1"
#108700000
0"
b1011001101 )
#108705000
b10000010 +
1"
#108710000
0"
#108715000
b101 +
1"
#108720000
0"
1$
#108725000
b110 !
b110 ,
b1010 +
1"
#108730000
0"
0$
#108735000
b10101 +
1"
#108740000
0"
b1011001110 )
#108745000
b101011 +
1"
#108750000
0"
#108755000
b1010110 +
1"
#108760000
0"
1$
#108765000
b111 !
b111 ,
b10101101 +
1"
#108770000
0"
0$
#108775000
b1011011 +
1"
#108780000
0"
b1011001111 )
#108785000
b10110110 +
1"
#108790000
0"
#108795000
b1101101 +
1"
#108800000
0"
1$
#108805000
b110 !
b110 ,
b11011010 +
1"
#108810000
0"
0$
#108815000
b10110101 +
1"
#108820000
0"
b1011010000 )
#108825000
b1101011 +
1"
#108830000
0"
#108835000
b11010110 +
1"
#108840000
0"
1$
#108845000
b111 !
b111 ,
b10101100 +
1"
#108850000
0"
0$
#108855000
b1011001 +
1"
#108860000
0"
b1011010001 )
#108865000
b10110010 +
1"
#108870000
0"
#108875000
b1100101 +
1"
#108880000
0"
1$
#108885000
b110 !
b110 ,
b11001011 +
1"
#108890000
0"
0$
#108895000
b10010110 +
1"
#108900000
0"
b1011010010 )
#108905000
b101100 +
1"
#108910000
0"
#108915000
b1011000 +
1"
#108920000
0"
1$
#108925000
b1 !
b1 ,
b10110000 +
1"
#108930000
0"
0$
#108935000
b1100001 +
1"
#108940000
0"
b1011010011 )
#108945000
b11000011 +
1"
#108950000
0"
#108955000
b10000111 +
1"
#108960000
0"
1$
#108965000
b1000 !
b1000 ,
b1111 +
1"
#108970000
0"
0$
#108975000
b11111 +
1"
#108980000
0"
b1011010100 )
#108985000
b111110 +
1"
#108990000
0"
#108995000
b1111101 +
1"
#109000000
0"
1$
#109005000
b110 !
b110 ,
b11111011 +
1"
#109010000
0"
0$
#109015000
b11110110 +
1"
#109020000
0"
b1011010101 )
#109025000
b11101101 +
1"
#109030000
0"
#109035000
b11011011 +
1"
#109040000
0"
1$
#109045000
b100 !
b100 ,
b10110111 +
1"
#109050000
0"
0$
#109055000
b1101111 +
1"
#109060000
0"
b1011010110 )
#109065000
b11011110 +
1"
#109070000
0"
#109075000
b10111101 +
1"
#109080000
0"
1$
#109085000
b110 !
b110 ,
b1111010 +
1"
#109090000
0"
0$
#109095000
b11110101 +
1"
#109100000
0"
b1011010111 )
#109105000
b11101011 +
1"
#109110000
0"
#109115000
b11010111 +
1"
#109120000
0"
1$
#109125000
b1000 !
b1000 ,
b10101110 +
1"
#109130000
0"
0$
#109135000
b1011101 +
1"
#109140000
0"
b1011011000 )
#109145000
b10111010 +
1"
#109150000
0"
#109155000
b1110100 +
1"
#109160000
0"
1$
#109165000
b101 !
b101 ,
b11101000 +
1"
#109170000
0"
0$
#109175000
b11010001 +
1"
#109180000
0"
b1011011001 )
#109185000
b10100010 +
1"
#109190000
0"
#109195000
b1000100 +
1"
#109200000
0"
1$
#109205000
b10001000 +
1"
#109210000
0"
0$
#109215000
b10000 +
1"
#109220000
0"
b1011011010 )
#109225000
b100001 +
1"
#109230000
0"
#109235000
b1000011 +
1"
#109240000
0"
1$
#109245000
b100 !
b100 ,
b10000110 +
1"
#109250000
0"
0$
#109255000
b1101 +
1"
#109260000
0"
b1011011011 )
#109265000
b11011 +
1"
#109270000
0"
#109275000
b110110 +
1"
#109280000
0"
1$
#109285000
b111 !
b111 ,
b1101100 +
1"
#109290000
0"
0$
#109295000
b11011000 +
1"
#109300000
0"
b1011011100 )
#109305000
b10110001 +
1"
#109310000
0"
#109315000
b1100011 +
1"
#109320000
0"
1$
#109325000
b100 !
b100 ,
b11000111 +
1"
#109330000
0"
0$
#109335000
b10001111 +
1"
#109340000
0"
b1011011101 )
#109345000
b11110 +
1"
#109350000
0"
#109355000
b111100 +
1"
#109360000
0"
1$
#109365000
b101 !
b101 ,
b1111001 +
1"
#109370000
0"
0$
#109375000
b11110011 +
1"
#109380000
0"
b1011011110 )
#109385000
b11100111 +
1"
#109390000
0"
#109395000
b11001110 +
1"
#109400000
0"
1$
#109405000
b111 !
b111 ,
b10011100 +
1"
#109410000
0"
0$
#109415000
b111001 +
1"
#109420000
0"
b1011011111 )
#109425000
b1110011 +
1"
#109430000
0"
#109435000
b11100110 +
1"
#109440000
0"
1$
#109445000
b11001100 +
1"
#109450000
0"
0$
#109455000
b10011000 +
1"
#109460000
0"
b1011100000 )
#109465000
b110001 +
1"
#109470000
0"
#109475000
b1100010 +
1"
#109480000
0"
1$
#109485000
b11 !
b11 ,
b11000101 +
1"
#109490000
0"
0$
#109495000
b10001011 +
1"
#109500000
0"
b1011100001 )
#109505000
b10110 +
1"
#109510000
0"
#109515000
b101101 +
1"
#109520000
0"
1$
#109525000
b110 !
b110 ,
b1011010 +
1"
#109530000
0"
0$
#109535000
b10110100 +
1"
#109540000
0"
b1011100010 )
#109545000
b1101001 +
1"
#109550000
0"
#109555000
b11010010 +
1"
#109560000
0"
1$
#109565000
b11 !
b11 ,
b10100100 +
1"
#109570000
0"
0$
#109575000
b1001000 +
1"
#109580000
0"
b1011100011 )
#109585000
b10010001 +
1"
#109590000
0"
#109595000
b100010 +
1"
#109600000
0"
1$
#109605000
b1000101 +
1"
#109610000
0"
0$
#109615000
b10001010 +
1"
#109620000
0"
b1011100100 )
#109625000
b10100 +
1"
#109630000
0"
#109635000
b101001 +
1"
#109640000
0"
1$
#109645000
b10 !
b10 ,
b1010010 +
1"
#109650000
0"
0$
#109655000
b10100101 +
1"
#109660000
0"
b1011100101 )
#109665000
b1001010 +
1"
#109670000
0"
#109675000
b10010101 +
1"
#109680000
0"
1$
#109685000
b110 !
b110 ,
b101010 +
1"
#109690000
0"
0$
#109695000
b1010100 +
1"
#109700000
0"
b1011100110 )
#109705000
b10101001 +
1"
#109710000
0"
#109715000
b1010011 +
1"
#109720000
0"
1$
#109725000
b100 !
b100 ,
b10100111 +
1"
#109730000
0"
0$
#109735000
b1001110 +
1"
#109740000
0"
b1011100111 )
#109745000
b10011101 +
1"
#109750000
0"
#109755000
b111011 +
1"
#109760000
0"
1$
#109765000
b1110111 +
1"
#109770000
0"
0$
#109775000
b11101110 +
1"
#109780000
0"
b1011101000 )
#109785000
b11011101 +
1"
#109790000
0"
#109795000
b10111011 +
1"
#109800000
0"
1$
#109805000
b1110110 +
1"
#109810000
0"
0$
#109815000
b11101100 +
1"
#109820000
0"
b1011101001 )
#109825000
b11011001 +
1"
#109830000
0"
#109835000
b10110011 +
1"
#109840000
0"
1$
#109845000
b1100111 +
1"
#109850000
0"
0$
#109855000
b11001111 +
1"
#109860000
0"
b1011101010 )
#109865000
b10011110 +
1"
#109870000
0"
#109875000
b111101 +
1"
#109880000
0"
1$
#109885000
b110 !
b110 ,
b1111011 +
1"
#109890000
0"
0$
#109895000
b11110111 +
1"
#109900000
0"
b1011101011 )
#109905000
b11101111 +
1"
#109910000
0"
#109915000
b11011111 +
1"
#109920000
0"
1$
#109925000
b1000 !
b1000 ,
b10111111 +
1"
#109930000
0"
0$
#109935000
b1111110 +
1"
#109940000
0"
b1011101100 )
#109945000
b11111101 +
1"
#109950000
0"
#109955000
b11111010 +
1"
#109960000
0"
1$
#109965000
b11 !
b11 ,
b11110100 +
1"
#109970000
0"
0$
#109975000
b11101001 +
1"
#109980000
0"
b1011101101 )
#109985000
b11010011 +
1"
#109990000
0"
#109995000
b10100110 +
1"
#110000000
0"
1$
#110005000
b111 !
b111 ,
b1001100 +
1"
#110010000
0"
0$
#110015000
b10011001 +
1"
#110020000
0"
b1011101110 )
#110025000
b110011 +
1"
#110030000
0"
#110035000
b1100110 +
1"
#110040000
0"
1$
#110045000
b11001101 +
1"
#110050000
0"
0$
#110055000
b10011010 +
1"
#110060000
0"
b1011101111 )
#110065000
b110101 +
1"
#110070000
0"
#110075000
b1101010 +
1"
#110080000
0"
1$
#110085000
b11 !
b11 ,
b11010100 +
1"
#110090000
0"
0$
#110095000
b10101000 +
1"
#110100000
0"
b1011110000 )
#110105000
b1010001 +
1"
#110110000
0"
#110115000
b10100011 +
1"
#110120000
0"
1$
#110125000
b100 !
b100 ,
b1000110 +
1"
#110130000
0"
0$
#110135000
b10001100 +
1"
#110140000
0"
b1011110001 )
#110145000
b11000 +
1"
#110150000
0"
#110155000
b110000 +
1"
#110160000
0"
1$
#110165000
b1 !
b1 ,
b1100000 +
1"
#110170000
0"
0$
#110175000
b11000001 +
1"
#110180000
0"
b1011110010 )
#110185000
b10000011 +
1"
#110190000
0"
#110195000
b111 +
1"
#110200000
0"
1$
#110205000
b1000 !
b1000 ,
b1110 +
1"
#110210000
0"
0$
#110215000
b11101 +
1"
#110220000
0"
b1011110011 )
#110225000
b111010 +
1"
#110230000
0"
#110235000
b1110101 +
1"
#110240000
0"
1$
#110245000
b110 !
b110 ,
b11101010 +
1"
#110250000
0"
0$
#110255000
b11010101 +
1"
#110260000
0"
b1011110100 )
#110265000
b10101010 +
1"
#110270000
0"
#110275000
b1010101 +
1"
#110280000
0"
1$
#110285000
b10101011 +
1"
#110290000
0"
0$
#110295000
b1010111 +
1"
#110300000
0"
b1011110101 )
#110305000
b10101111 +
1"
#110310000
0"
#110315000
b1011111 +
1"
#110320000
0"
1$
#110325000
b1000 !
b1000 ,
b10111110 +
1"
#110330000
0"
0$
#110335000
b1111100 +
1"
#110340000
0"
b1011110110 )
#110345000
b11111001 +
1"
#110350000
0"
#110355000
b11110010 +
1"
#110360000
0"
1$
#110365000
b11 !
b11 ,
b11100101 +
1"
#110370000
0"
0$
#110375000
b11001010 +
1"
#110380000
0"
b1011110111 )
#110385000
b10010100 +
1"
#110390000
0"
#110395000
b101000 +
1"
#110400000
0"
1$
#110405000
b1 !
b1 ,
b1010000 +
1"
#110410000
0"
0$
#110415000
b10100001 +
1"
#110420000
0"
b1011111000 )
#110425000
b1000010 +
1"
#110430000
0"
#110435000
b10000100 +
1"
#110440000
0"
1$
#110445000
b101 !
b101 ,
b1001 +
1"
#110450000
0"
0$
#110455000
b10011 +
1"
#110460000
0"
b1011111001 )
#110465000
b100111 +
1"
#110470000
0"
#110475000
b1001111 +
1"
#110480000
0"
1$
#110485000
b1000 !
b1000 ,
b10011111 +
1"
#110490000
0"
0$
#110495000
b111111 +
1"
#110500000
0"
b1011111010 )
#110505000
b1111111 +
1"
#110510000
0"
#110515000
b11111111 +
1"
#110520000
0"
1$
#110525000
b11111110 +
1"
#110530000
0"
0$
#110535000
b11111100 +
1"
#110540000
0"
b1011111011 )
#110545000
b11111000 +
1"
#110550000
0"
#110555000
b11110000 +
1"
#110560000
0"
1$
#110565000
b1 !
b1 ,
b11100001 +
1"
#110570000
0"
0$
#110575000
b11000010 +
1"
#110580000
0"
b1011111100 )
#110585000
b10000101 +
1"
#110590000
0"
#110595000
b1011 +
1"
#110600000
0"
1$
#110605000
b100 !
b100 ,
b10111 +
1"
#110610000
0"
0$
#110615000
b101111 +
1"
#110620000
0"
b1011111101 )
#110625000
b1011110 +
1"
#110630000
0"
#110635000
b10111100 +
1"
#110640000
0"
1$
#110645000
b101 !
b101 ,
b1111000 +
1"
#110650000
0"
0$
#110655000
b11110001 +
1"
#110660000
0"
b1011111110 )
#110665000
b11100011 +
1"
#110670000
0"
#110675000
b11000110 +
1"
#110680000
0"
1$
#110685000
b111 !
b111 ,
b10001101 +
1"
#110690000
0"
0$
#110695000
b11010 +
1"
#110700000
0"
b1011111111 )
#110705000
b110100 +
1"
#110710000
0"
#110715000
b1101000 +
1"
#110720000
0"
1$
#110725000
b1 !
b1 ,
b11010000 +
1"
#110730000
0"
0$
#110735000
b10100000 +
1"
#110740000
0"
b1100000000 )
#110745000
b1000000 +
1"
#110750000
0"
#110755000
b10000000 +
1"
#110760000
0"
1$
#110765000
b1 +
1"
#110770000
0"
0$
#110775000
b10 +
1"
#110780000
0"
b1100000001 )
#110785000
b100 +
1"
#110790000
0"
#110795000
b1000 +
1"
#110800000
0"
1$
#110805000
b10001 +
1"
#110810000
0"
0$
#110815000
b100011 +
1"
#110820000
0"
b1100000010 )
#110825000
b1000111 +
1"
#110830000
0"
#110835000
b10001110 +
1"
#110840000
0"
1$
#110845000
b111 !
b111 ,
b11100 +
1"
#110850000
0"
0$
#110855000
b111000 +
1"
#110860000
0"
b1100000011 )
#110865000
b1110001 +
1"
#110870000
0"
#110875000
b11100010 +
1"
#110880000
0"
1$
#110885000
b11 !
b11 ,
b11000100 +
1"
#110890000
0"
0$
#110895000
b10001001 +
1"
#110900000
0"
b1100000100 )
#110905000
b10010 +
1"
#110910000
0"
#110915000
b100101 +
1"
#110920000
0"
1$
#110925000
b110 !
b110 ,
b1001011 +
1"
#110930000
0"
0$
#110935000
b10010111 +
1"
#110940000
0"
b1100000101 )
#110945000
b101110 +
1"
#110950000
0"
#110955000
b1011100 +
1"
#110960000
0"
1$
#110965000
b101 !
b101 ,
b10111000 +
1"
#110970000
0"
0$
#110975000
b1110000 +
1"
#110980000
0"
b1100000110 )
#110985000
b11100000 +
1"
#110990000
0"
#110995000
b11000000 +
1"
#111000000
0"
1$
#111005000
b1 !
b1 ,
b10000001 +
1"
#111010000
0"
0$
#111015000
b11 +
1"
#111020000
0"
b1100000111 )
#111025000
b110 +
1"
#111030000
0"
#111035000
b1100 +
1"
#111040000
0"
1$
#111045000
b101 !
b101 ,
b11001 +
1"
#111050000
0"
0$
#111055000
b110010 +
1"
#111060000
0"
b1100001000 )
#111065000
b1100100 +
1"
#111070000
0"
#111075000
b11001001 +
1"
#111080000
0"
1$
#111085000
b10 !
b10 ,
b10010010 +
1"
#111090000
0"
0$
#111095000
b100100 +
1"
#111100000
0"
b1100001001 )
#111105000
b1001001 +
1"
#111110000
0"
#111115000
b10010011 +
1"
#111120000
0"
1$
#111125000
b100 !
b100 ,
b100110 +
1"
#111130000
0"
0$
#111135000
b1001101 +
1"
#111140000
0"
b1100001010 )
#111145000
b10011011 +
1"
#111150000
0"
#111155000
b110111 +
1"
#111160000
0"
1$
#111165000
b1000 !
b1000 ,
b1101110 +
1"
#111170000
0"
0$
#111175000
b11011100 +
1"
#111180000
0"
b1100001011 )
#111185000
b10111001 +
1"
#111190000
0"
#111195000
b1110010 +
1"
#111200000
0"
1$
#111205000
b11 !
b11 ,
b11100100 +
1"
#111210000
0"
0$
#111215000
b11001000 +
1"
#111220000
0"
b1100001100 )
#111225000
b10010000 +
1"
#111230000
0"
#111235000
b100000 +
1"
#111240000
0"
1$
#111245000
b1 !
b1 ,
b1000001 +
1"
#111250000
0"
0$
#111255000
b10000010 +
1"
#111260000
0"
b1100001101 )
#111265000
b101 +
1"
#111270000
0"
#111275000
b1010 +
1"
#111280000
0"
1$
#111285000
b11 !
b11 ,
b10101 +
1"
#111290000
0"
0$
#111295000
b101011 +
1"
#111300000
0"
b1100001110 )
#111305000
b1010110 +
1"
#111310000
0"
#111315000
b10101101 +
1"
#111320000
0"
1$
#111325000
b110 !
b110 ,
b1011011 +
1"
#111330000
0"
0$
#111335000
b10110110 +
1"
#111340000
0"
b1100001111 )
#111345000
b1101101 +
1"
#111350000
0"
#111355000
b11011010 +
1"
#111360000
0"
1$
#111365000
b11 !
b11 ,
b10110101 +
1"
#111370000
0"
0$
#111375000
b1101011 +
1"
#111380000
0"
b1100010000 )
#111385000
b11010110 +
1"
#111390000
0"
#111395000
b10101100 +
1"
#111400000
0"
1$
#111405000
b101 !
b101 ,
b1011001 +
1"
#111410000
0"
0$
#111415000
b10110010 +
1"
#111420000
0"
b1100010001 )
#111425000
b1100101 +
1"
#111430000
0"
#111435000
b11001011 +
1"
#111440000
0"
1$
#111445000
b100 !
b100 ,
b10010110 +
1"
#111450000
0"
0$
#111455000
b101100 +
1"
#111460000
0"
b1100010010 )
#111465000
b1011000 +
1"
#111470000
0"
#111475000
b10110000 +
1"
#111480000
0"
1$
#111485000
b1 !
b1 ,
b1100001 +
1"
#111490000
0"
0$
#111495000
b11000011 +
1"
#111500000
0"
b1100010011 )
#111505000
b10000111 +
1"
#111510000
0"
#111515000
b1111 +
1"
#111520000
0"
1$
#111525000
b1000 !
b1000 ,
b11111 +
1"
#111530000
0"
0$
#111535000
b111110 +
1"
#111540000
0"
b1100010100 )
#111545000
b1111101 +
1"
#111550000
0"
#111555000
b11111011 +
1"
#111560000
0"
1$
#111565000
b100 !
b100 ,
b11110110 +
1"
#111570000
0"
0$
#111575000
b11101101 +
1"
#111580000
0"
b1100010101 )
#111585000
b11011011 +
1"
#111590000
0"
#111595000
b10110111 +
1"
#111600000
0"
1$
#111605000
b1000 !
b1000 ,
b1101111 +
1"
#111610000
0"
0$
#111615000
b11011110 +
1"
#111620000
0"
b1100010110 )
#111625000
b10111101 +
1"
#111630000
0"
#111635000
b1111010 +
1"
#111640000
0"
1$
#111645000
b11 !
b11 ,
b11110101 +
1"
#111650000
0"
0$
#111655000
b11101011 +
1"
#111660000
0"
b1100010111 )
#111665000
b11010111 +
1"
#111670000
0"
#111675000
b10101110 +
1"
#111680000
0"
1$
#111685000
b111 !
b111 ,
b1011101 +
1"
#111690000
0"
0$
#111695000
b10111010 +
1"
#111700000
0"
b1100011000 )
#111705000
b1110100 +
1"
#111710000
0"
#111715000
b11101000 +
1"
#111720000
0"
1$
#111725000
b1 !
b1 ,
b11010001 +
1"
#111730000
0"
0$
#111735000
b10100010 +
1"
#111740000
0"
b1100011001 )
#111745000
b1000100 +
1"
#111750000
0"
#111755000
b10001000 +
1"
#111760000
0"
1$
#111765000
b10000 +
1"
#111770000
0"
0$
#111775000
b100001 +
1"
#111780000
0"
b1100011010 )
#111785000
b1000011 +
1"
#111790000
0"
#111795000
b10000110 +
1"
#111800000
0"
1$
#111805000
b111 !
b111 ,
b1101 +
1"
#111810000
0"
0$
#111815000
b11011 +
1"
#111820000
0"
b1100011011 )
#111825000
b110110 +
1"
#111830000
0"
#111835000
b1101100 +
1"
#111840000
0"
1$
#111845000
b101 !
b101 ,
b11011000 +
1"
#111850000
0"
0$
#111855000
b10110001 +
1"
#111860000
0"
b1100011100 )
#111865000
b1100011 +
1"
#111870000
0"
#111875000
b11000111 +
1"
#111880000
0"
1$
#111885000
b1000 !
b1000 ,
b10001111 +
1"
#111890000
0"
0$
#111895000
b11110 +
1"
#111900000
0"
b1100011101 )
#111905000
b111100 +
1"
#111910000
0"
#111915000
b1111001 +
1"
#111920000
0"
1$
#111925000
b10 !
b10 ,
b11110011 +
1"
#111930000
0"
0$
#111935000
b11100111 +
1"
#111940000
0"
b1100011110 )
#111945000
b11001110 +
1"
#111950000
0"
#111955000
b10011100 +
1"
#111960000
0"
1$
#111965000
b101 !
b101 ,
b111001 +
1"
#111970000
0"
0$
#111975000
b1110011 +
1"
#111980000
0"
b1100011111 )
#111985000
b11100110 +
1"
#111990000
0"
#111995000
b11001100 +
1"
#112000000
0"
1$
#112005000
b10011000 +
1"
#112010000
0"
0$
#112015000
b110001 +
1"
#112020000
0"
b1100100000 )
#112025000
b1100010 +
1"
#112030000
0"
#112035000
b11000101 +
1"
#112040000
0"
1$
#112045000
b110 !
b110 ,
b10001011 +
1"
#112050000
0"
0$
#112055000
b10110 +
1"
#112060000
0"
b1100100001 )
#112065000
b101101 +
1"
#112070000
0"
#112075000
b1011010 +
1"
#112080000
0"
1$
#112085000
b11 !
b11 ,
b10110100 +
1"
#112090000
0"
0$
#112095000
b1101001 +
1"
#112100000
0"
b1100100010 )
#112105000
b11010010 +
1"
#112110000
0"
#112115000
b10100100 +
1"
#112120000
0"
1$
#112125000
b101 !
b101 ,
b1001000 +
1"
#112130000
0"
0$
#112135000
b10010001 +
1"
#112140000
0"
b1100100011 )
#112145000
b100010 +
1"
#112150000
0"
#112155000
b1000101 +
1"
#112160000
0"
1$
#112165000
b110 !
b110 ,
b10001010 +
1"
#112170000
0"
0$
#112175000
b10100 +
1"
#112180000
0"
b1100100100 )
#112185000
b101001 +
1"
#112190000
0"
#112195000
b1010010 +
1"
#112200000
0"
1$
#112205000
b11 !
b11 ,
b10100101 +
1"
#112210000
0"
0$
#112215000
b1001010 +
1"
#112220000
0"
b1100100101 )
#112225000
b10010101 +
1"
#112230000
0"
#112235000
b101010 +
1"
#112240000
0"
1$
#112245000
b1010100 +
1"
#112250000
0"
0$
#112255000
b10101001 +
1"
#112260000
0"
b1100100110 )
#112265000
b1010011 +
1"
#112270000
0"
#112275000
b10100111 +
1"
#112280000
0"
1$
#112285000
b1000 !
b1000 ,
b1001110 +
1"
#112290000
0"
0$
#112295000
b10011101 +
1"
#112300000
0"
b1100100111 )
#112305000
b111011 +
1"
#112310000
0"
#112315000
b1110111 +
1"
#112320000
0"
1$
#112325000
b11101110 +
1"
#112330000
0"
0$
#112335000
b11011101 +
1"
#112340000
0"
b1100101000 )
#112345000
b10111011 +
1"
#112350000
0"
#112355000
b1110110 +
1"
#112360000
0"
1$
#112365000
b111 !
b111 ,
b11101100 +
1"
#112370000
0"
0$
#112375000
b11011001 +
1"
#112380000
0"
b1100101001 )
#112385000
b10110011 +
1"
#112390000
0"
#112395000
b1100111 +
1"
#112400000
0"
1$
#112405000
b1000 !
b1000 ,
b11001111 +
1"
#112410000
0"
0$
#112415000
b10011110 +
1"
#112420000
0"
b1100101010 )
#112425000
b111101 +
1"
#112430000
0"
#112435000
b1111011 +
1"
#112440000
0"
1$
#112445000
b100 !
b100 ,
b11110111 +
1"
#112450000
0"
0$
#112455000
b11101111 +
1"
#112460000
0"
b1100101011 )
#112465000
b11011111 +
1"
#112470000
0"
#112475000
b10111111 +
1"
#112480000
0"
1$
#112485000
b1000 !
b1000 ,
b1111110 +
1"
#112490000
0"
0$
#112495000
b11111101 +
1"
#112500000
0"
b1100101100 )
#112505000
b11111010 +
1"
#112510000
0"
#112515000
b11110100 +
1"
#112520000
0"
1$
#112525000
b101 !
b101 ,
b11101001 +
1"
#112530000
0"
0$
#112535000
b11010011 +
1"
#112540000
0"
b1100101101 )
#112545000
b10100110 +
1"
#112550000
0"
#112555000
b1001100 +
1"
#112560000
0"
1$
#112565000
b10011001 +
1"
#112570000
0"
0$
#112575000
b110011 +
1"
#112580000
0"
b1100101110 )
#112585000
b1100110 +
1"
#112590000
0"
#112595000
b11001101 +
1"
#112600000
0"
1$
#112605000
b110 !
b110 ,
b10011010 +
1"
#112610000
0"
0$
#112615000
b110101 +
1"
#112620000
0"
b1100101111 )
#112625000
b1101010 +
1"
#112630000
0"
#112635000
b11010100 +
1"
#112640000
0"
1$
#112645000
b101 !
b101 ,
b10101000 +
1"
#112650000
0"
0$
#112655000
b1010001 +
1"
#112660000
0"
b1100110000 )
#112665000
b10100011 +
1"
#112670000
0"
#112675000
b1000110 +
1"
#112680000
0"
1$
#112685000
b111 !
b111 ,
b10001100 +
1"
#112690000
0"
0$
#112695000
b11000 +
1"
#112700000
0"
b1100110001 )
#112705000
b110000 +
1"
#112710000
0"
#112715000
b1100000 +
1"
#112720000
0"
1$
#112725000
b1 !
b1 ,
b11000001 +
1"
#112730000
0"
0$
#112735000
b10000011 +
1"
#112740000
0"
b1100110010 )
#112745000
b111 +
1"
#112750000
0"
#112755000
b1110 +
1"
#112760000
0"
1$
#112765000
b111 !
b111 ,
b11101 +
1"
#112770000
0"
0$
#112775000
b111010 +
1"
#112780000
0"
b1100110011 )
#112785000
b1110101 +
1"
#112790000
0"
#112795000
b11101010 +
1"
#112800000
0"
1$
#112805000
b11 !
b11 ,
b11010101 +
1"
#112810000
0"
0$
#112815000
b10101010 +
1"
#112820000
0"
b1100110100 )
#112825000
b1010101 +
1"
#112830000
0"
#112835000
b10101011 +
1"
#112840000
0"
1$
#112845000
b100 !
b100 ,
b1010111 +
1"
#112850000
0"
0$
#112855000
b10101111 +
1"
#112860000
0"
b1100110101 )
#112865000
b1011111 +
1"
#112870000
0"
#112875000
b10111110 +
1"
#112880000
0"
1$
#112885000
b111 !
b111 ,
b1111100 +
1"
#112890000
0"
0$
#112895000
b11111001 +
1"
#112900000
0"
b1100110110 )
#112905000
b11110010 +
1"
#112910000
0"
#112915000
b11100101 +
1"
#112920000
0"
1$
#112925000
b110 !
b110 ,
b11001010 +
1"
#112930000
0"
0$
#112935000
b10010100 +
1"
#112940000
0"
b1100110111 )
#112945000
b101000 +
1"
#112950000
0"
#112955000
b1010000 +
1"
#112960000
0"
1$
#112965000
b1 !
b1 ,
b10100001 +
1"
#112970000
0"
0$
#112975000
b1000010 +
1"
#112980000
0"
b1100111000 )
#112985000
b10000100 +
1"
#112990000
0"
#112995000
b1001 +
1"
#113000000
0"
1$
#113005000
b10 !
b10 ,
b10011 +
1"
#113010000
0"
0$
#113015000
b100111 +
1"
#113020000
0"
b1100111001 )
#113025000
b1001111 +
1"
#113030000
0"
#113035000
b10011111 +
1"
#113040000
0"
1$
#113045000
b1000 !
b1000 ,
b111111 +
1"
#113050000
0"
0$
#113055000
b1111111 +
1"
#113060000
0"
b1100111010 )
#113065000
b11111111 +
1"
#113070000
0"
#113075000
b11111110 +
1"
#113080000
0"
1$
#113085000
b111 !
b111 ,
b11111100 +
1"
#113090000
0"
0$
#113095000
b11111000 +
1"
#113100000
0"
b1100111011 )
#113105000
b11110000 +
1"
#113110000
0"
#113115000
b11100001 +
1"
#113120000
0"
1$
#113125000
b10 !
b10 ,
b11000010 +
1"
#113130000
0"
0$
#113135000
b10000101 +
1"
#113140000
0"
b1100111100 )
#113145000
b1011 +
1"
#113150000
0"
#113155000
b10111 +
1"
#113160000
0"
1$
#113165000
b1000 !
b1000 ,
b101111 +
1"
#113170000
0"
0$
#113175000
b1011110 +
1"
#113180000
0"
b1100111101 )
#113185000
b10111100 +
1"
#113190000
0"
#113195000
b1111000 +
1"
#113200000
0"
1$
#113205000
b1 !
b1 ,
b11110001 +
1"
#113210000
0"
0$
#113215000
b11100011 +
1"
#113220000
0"
b1100111110 )
#113225000
b11000110 +
1"
#113230000
0"
#113235000
b10001101 +
1"
#113240000
0"
1$
#113245000
b110 !
b110 ,
b11010 +
1"
#113250000
0"
0$
#113255000
b110100 +
1"
#113260000
0"
b1100111111 )
#113265000
b1101000 +
1"
#113270000
0"
#113275000
b11010000 +
1"
#113280000
0"
1$
#113285000
b1 !
b1 ,
b10100000 +
1"
#113290000
0"
0$
#113295000
b1000000 +
1"
#113300000
0"
b1101000000 )
#113305000
b10000000 +
1"
#113310000
0"
#113315000
b1 +
1"
#113320000
0"
1$
#113325000
b10 !
b10 ,
b10 +
1"
#113330000
0"
0$
#113335000
b100 +
1"
#113340000
0"
b1101000001 )
#113345000
b1000 +
1"
#113350000
0"
#113355000
b10001 +
1"
#113360000
0"
1$
#113365000
b100011 +
1"
#113370000
0"
0$
#113375000
b1000111 +
1"
#113380000
0"
b1101000010 )
#113385000
b10001110 +
1"
#113390000
0"
#113395000
b11100 +
1"
#113400000
0"
1$
#113405000
b101 !
b101 ,
b111000 +
1"
#113410000
0"
0$
#113415000
b1110001 +
1"
#113420000
0"
b1101000011 )
#113425000
b11100010 +
1"
#113430000
0"
#113435000
b11000100 +
1"
#113440000
0"
1$
#113445000
b10001001 +
1"
#113450000
0"
0$
#113455000
b10010 +
1"
#113460000
0"
b1101000100 )
#113465000
b100101 +
1"
#113470000
0"
#113475000
b1001011 +
1"
#113480000
0"
1$
#113485000
b100 !
b100 ,
b10010111 +
1"
#113490000
0"
0$
#113495000
b101110 +
1"
#113500000
0"
b1101000101 )
#113505000
b1011100 +
1"
#113510000
0"
#113515000
b10111000 +
1"
#113520000
0"
1$
#113525000
b1 !
b1 ,
b1110000 +
1"
#113530000
0"
0$
#113535000
b11100000 +
1"
#113540000
0"
b1101000110 )
#113545000
b11000000 +
1"
#113550000
0"
#113555000
b10000001 +
1"
#113560000
0"
1$
#113565000
b10 !
b10 ,
b11 +
1"
#113570000
0"
0$
#113575000
b110 +
1"
#113580000
0"
b1101000111 )
#113585000
b1100 +
1"
#113590000
0"
#113595000
b11001 +
1"
#113600000
0"
1$
#113605000
b110010 +
1"
#113610000
0"
0$
#113615000
b1100100 +
1"
#113620000
0"
b1101001000 )
#113625000
b11001001 +
1"
#113630000
0"
#113635000
b10010010 +
1"
#113640000
0"
1$
#113645000
b11 !
b11 ,
b100100 +
1"
#113650000
0"
0$
#113655000
b1001001 +
1"
#113660000
0"
b1101001001 )
#113665000
b10010011 +
1"
#113670000
0"
#113675000
b100110 +
1"
#113680000
0"
1$
#113685000
b111 !
b111 ,
b1001101 +
1"
#113690000
0"
0$
#113695000
b10011011 +
1"
#113700000
0"
b1101001010 )
#113705000
b110111 +
1"
#113710000
0"
#113715000
b1101110 +
1"
#113720000
0"
1$
#113725000
b11011100 +
1"
#113730000
0"
0$
#113735000
b10111001 +
1"
#113740000
0"
b1101001011 )
#113745000
b1110010 +
1"
#113750000
0"
#113755000
b11100100 +
1"
#113760000
0"
1$
#113765000
b101 !
b101 ,
b11001000 +
1"
#113770000
0"
0$
#113775000
b10010000 +
1"
#113780000
0"
b1101001100 )
#113785000
b100000 +
1"
#113790000
0"
#113795000
b1000001 +
1"
#113800000
0"
1$
#113805000
b10 !
b10 ,
b10000010 +
1"
#113810000
0"
0$
#113815000
b101 +
1"
#113820000
0"
b1101001101 )
#113825000
b1010 +
1"
#113830000
0"
#113835000
b10101 +
1"
#113840000
0"
1$
#113845000
b110 !
b110 ,
b101011 +
1"
#113850000
0"
0$
#113855000
b1010110 +
1"
#113860000
0"
b1101001110 )
#113865000
b10101101 +
1"
#113870000
0"
#113875000
b1011011 +
1"
#113880000
0"
1$
#113885000
b100 !
b100 ,
b10110110 +
1"
#113890000
0"
0$
#113895000
b1101101 +
1"
#113900000
0"
b1101001111 )
#113905000
b11011010 +
1"
#113910000
0"
#113915000
b10110101 +
1"
#113920000
0"
1$
#113925000
b110 !
b110 ,
b1101011 +
1"
#113930000
0"
0$
#113935000
b11010110 +
1"
#113940000
0"
b1101010000 )
#113945000
b10101100 +
1"
#113950000
0"
#113955000
b1011001 +
1"
#113960000
0"
1$
#113965000
b10 !
b10 ,
b10110010 +
1"
#113970000
0"
0$
#113975000
b1100101 +
1"
#113980000
0"
b1101010001 )
#113985000
b11001011 +
1"
#113990000
0"
#113995000
b10010110 +
1"
#114000000
0"
1$
#114005000
b111 !
b111 ,
b101100 +
1"
#114010000
0"
0$
#114015000
b1011000 +
1"
#114020000
0"
b1101010010 )
#114025000
b10110000 +
1"
#114030000
0"
#114035000
b1100001 +
1"
#114040000
0"
1$
#114045000
b10 !
b10 ,
b11000011 +
1"
#114050000
0"
0$
#114055000
b10000111 +
1"
#114060000
0"
b1101010011 )
#114065000
b1111 +
1"
#114070000
0"
#114075000
b11111 +
1"
#114080000
0"
1$
#114085000
b1000 !
b1000 ,
b111110 +
1"
#114090000
0"
0$
#114095000
b1111101 +
1"
#114100000
0"
b1101010100 )
#114105000
b11111011 +
1"
#114110000
0"
#114115000
b11110110 +
1"
#114120000
0"
1$
#114125000
b111 !
b111 ,
b11101101 +
1"
#114130000
0"
0$
#114135000
b11011011 +
1"
#114140000
0"
b1101010101 )
#114145000
b10110111 +
1"
#114150000
0"
#114155000
b1101111 +
1"
#114160000
0"
1$
#114165000
b1000 !
b1000 ,
b11011110 +
1"
#114170000
0"
0$
#114175000
b10111101 +
1"
#114180000
0"
b1101010110 )
#114185000
b1111010 +
1"
#114190000
0"
#114195000
b11110101 +
1"
#114200000
0"
1$
#114205000
b110 !
b110 ,
b11101011 +
1"
#114210000
0"
0$
#114215000
b11010111 +
1"
#114220000
0"
b1101010111 )
#114225000
b10101110 +
1"
#114230000
0"
#114235000
b1011101 +
1"
#114240000
0"
1$
#114245000
b10111010 +
1"
#114250000
0"
0$
#114255000
b1110100 +
1"
#114260000
0"
b1101011000 )
#114265000
b11101000 +
1"
#114270000
0"
#114275000
b11010001 +
1"
#114280000
0"
1$
#114285000
b10 !
b10 ,
b10100010 +
1"
#114290000
0"
0$
#114295000
b1000100 +
1"
#114300000
0"
b1101011001 )
#114305000
b10001000 +
1"
#114310000
0"
#114315000
b10000 +
1"
#114320000
0"
1$
#114325000
b1 !
b1 ,
b100001 +
1"
#114330000
0"
0$
#114335000
b1000011 +
1"
#114340000
0"
b1101011010 )
#114345000
b10000110 +
1"
#114350000
0"
#114355000
b1101 +
1"
#114360000
0"
1$
#114365000
b110 !
b110 ,
b11011 +
1"
#114370000
0"
0$
#114375000
b110110 +
1"
#114380000
0"
b1101011011 )
#114385000
b1101100 +
1"
#114390000
0"
#114395000
b11011000 +
1"
#114400000
0"
1$
#114405000
b1 !
b1 ,
b10110001 +
1"
#114410000
0"
0$
#114415000
b1100011 +
1"
#114420000
0"
b1101011100 )
#114425000
b11000111 +
1"
#114430000
0"
#114435000
b10001111 +
1"
#114440000
0"
1$
#114445000
b1000 !
b1000 ,
b11110 +
1"
#114450000
0"
0$
#114455000
b111100 +
1"
#114460000
0"
b1101011101 )
#114465000
b1111001 +
1"
#114470000
0"
#114475000
b11110011 +
1"
#114480000
0"
1$
#114485000
b100 !
b100 ,
b11100111 +
1"
#114490000
0"
0$
#114495000
b11001110 +
1"
#114500000
0"
b1101011110 )
#114505000
b10011100 +
1"
#114510000
0"
#114515000
b111001 +
1"
#114520000
0"
1$
#114525000
b10 !
b10 ,
b1110011 +
1"
#114530000
0"
0$
#114535000
b11100110 +
1"
#114540000
0"
b1101011111 )
#114545000
b11001100 +
1"
#114550000
0"
#114555000
b10011000 +
1"
#114560000
0"
1$
#114565000
b1 !
b1 ,
b110001 +
1"
#114570000
0"
0$
#114575000
b1100010 +
1"
#114580000
0"
b1101100000 )
#114585000
b11000101 +
1"
#114590000
0"
#114595000
b10001011 +
1"
#114600000
0"
1$
#114605000
b100 !
b100 ,
b10110 +
1"
#114610000
0"
0$
#114615000
b101101 +
1"
#114620000
0"
b1101100001 )
#114625000
b1011010 +
1"
#114630000
0"
#114635000
b10110100 +
1"
#114640000
0"
1$
#114645000
b101 !
b101 ,
b1101001 +
1"
#114650000
0"
0$
#114655000
b11010010 +
1"
#114660000
0"
b1101100010 )
#114665000
b10100100 +
1"
#114670000
0"
#114675000
b1001000 +
1"
#114680000
0"
1$
#114685000
b1 !
b1 ,
b10010001 +
1"
#114690000
0"
0$
#114695000
b100010 +
1"
#114700000
0"
b1101100011 )
#114705000
b1000101 +
1"
#114710000
0"
#114715000
b10001010 +
1"
#114720000
0"
1$
#114725000
b11 !
b11 ,
b10100 +
1"
#114730000
0"
0$
#114735000
b101001 +
1"
#114740000
0"
b1101100100 )
#114745000
b1010010 +
1"
#114750000
0"
#114755000
b10100101 +
1"
#114760000
0"
1$
#114765000
b110 !
b110 ,
b1001010 +
1"
#114770000
0"
0$
#114775000
b10010101 +
1"
#114780000
0"
b1101100101 )
#114785000
b101010 +
1"
#114790000
0"
#114795000
b1010100 +
1"
#114800000
0"
1$
#114805000
b101 !
b101 ,
b10101001 +
1"
#114810000
0"
0$
#114815000
b1010011 +
1"
#114820000
0"
b1101100110 )
#114825000
b10100111 +
1"
#114830000
0"
#114835000
b1001110 +
1"
#114840000
0"
1$
#114845000
b111 !
b111 ,
b10011101 +
1"
#114850000
0"
0$
#114855000
b111011 +
1"
#114860000
0"
b1101100111 )
#114865000
b1110111 +
1"
#114870000
0"
#114875000
b11101110 +
1"
#114880000
0"
1$
#114885000
b11011101 +
1"
#114890000
0"
0$
#114895000
b10111011 +
1"
#114900000
0"
b1101101000 )
#114905000
b1110110 +
1"
#114910000
0"
#114915000
b11101100 +
1"
#114920000
0"
1$
#114925000
b101 !
b101 ,
b11011001 +
1"
#114930000
0"
0$
#114935000
b10110011 +
1"
#114940000
0"
b1101101001 )
#114945000
b1100111 +
1"
#114950000
0"
#114955000
b11001111 +
1"
#114960000
0"
1$
#114965000
b1000 !
b1000 ,
b10011110 +
1"
#114970000
0"
0$
#114975000
b111101 +
1"
#114980000
0"
b1101101010 )
#114985000
b1111011 +
1"
#114990000
0"
#114995000
b11110111 +
1"
#115000000
0"
1$
#115005000
b11101111 +
1"
#115010000
0"
0$
#115015000
b11011111 +
1"
#115020000
0"
b1101101011 )
#115025000
b10111111 +
1"
#115030000
0"
#115035000
b1111110 +
1"
#115040000
0"
1$
#115045000
b111 !
b111 ,
b11111101 +
1"
#115050000
0"
0$
#115055000
b11111010 +
1"
#115060000
0"
b1101101100 )
#115065000
b11110100 +
1"
#115070000
0"
#115075000
b11101001 +
1"
#115080000
0"
1$
#115085000
b10 !
b10 ,
b11010011 +
1"
#115090000
0"
0$
#115095000
b10100110 +
1"
#115100000
0"
b1101101101 )
#115105000
b1001100 +
1"
#115110000
0"
#115115000
b10011001 +
1"
#115120000
0"
1$
#115125000
b110011 +
1"
#115130000
0"
0$
#115135000
b1100110 +
1"
#115140000
0"
b1101101110 )
#115145000
b11001101 +
1"
#115150000
0"
#115155000
b10011010 +
1"
#115160000
0"
1$
#115165000
b11 !
b11 ,
b110101 +
1"
#115170000
0"
0$
#115175000
b1101010 +
1"
#115180000
0"
b1101101111 )
#115185000
b11010100 +
1"
#115190000
0"
#115195000
b10101000 +
1"
#115200000
0"
1$
#115205000
b1 !
b1 ,
b1010001 +
1"
#115210000
0"
0$
#115215000
b10100011 +
1"
#115220000
0"
b1101110000 )
#115225000
b1000110 +
1"
#115230000
0"
#115235000
b10001100 +
1"
#115240000
0"
1$
#115245000
b101 !
b101 ,
b11000 +
1"
#115250000
0"
0$
#115255000
b110000 +
1"
#115260000
0"
b1101110001 )
#115265000
b1100000 +
1"
#115270000
0"
#115275000
b11000001 +
1"
#115280000
0"
1$
#115285000
b10 !
b10 ,
b10000011 +
1"
#115290000
0"
0$
#115295000
b111 +
1"
#115300000
0"
b1101110010 )
#115305000
b1110 +
1"
#115310000
0"
#115315000
b11101 +
1"
#115320000
0"
1$
#115325000
b110 !
b110 ,
b111010 +
1"
#115330000
0"
0$
#115335000
b1110101 +
1"
#115340000
0"
b1101110011 )
#115345000
b11101010 +
1"
#115350000
0"
#115355000
b11010101 +
1"
#115360000
0"
1$
#115365000
b10101010 +
1"
#115370000
0"
0$
#115375000
b1010101 +
1"
#115380000
0"
b1101110100 )
#115385000
b10101011 +
1"
#115390000
0"
#115395000
b1010111 +
1"
#115400000
0"
1$
#115405000
b1000 !
b1000 ,
b10101111 +
1"
#115410000
0"
0$
#115415000
b1011111 +
1"
#115420000
0"
b1101110101 )
#115425000
b10111110 +
1"
#115430000
0"
#115435000
b1111100 +
1"
#115440000
0"
1$
#115445000
b101 !
b101 ,
b11111001 +
1"
#115450000
0"
0$
#115455000
b11110010 +
1"
#115460000
0"
b1101110110 )
#115465000
b11100101 +
1"
#115470000
0"
#115475000
b11001010 +
1"
#115480000
0"
1$
#115485000
b11 !
b11 ,
b10010100 +
1"
#115490000
0"
0$
#115495000
b101000 +
1"
#115500000
0"
b1101110111 )
#115505000
b1010000 +
1"
#115510000
0"
#115515000
b10100001 +
1"
#115520000
0"
1$
#115525000
b10 !
b10 ,
b1000010 +
1"
#115530000
0"
0$
#115535000
b10000100 +
1"
#115540000
0"
b1101111000 )
#115545000
b1001 +
1"
#115550000
0"
#115555000
b10011 +
1"
#115560000
0"
1$
#115565000
b100 !
b100 ,
b100111 +
1"
#115570000
0"
0$
#115575000
b1001111 +
1"
#115580000
0"
b1101111001 )
#115585000
b10011111 +
1"
#115590000
0"
#115595000
b111111 +
1"
#115600000
0"
1$
#115605000
b1000 !
b1000 ,
b1111111 +
1"
#115610000
0"
0$
#115615000
b11111111 +
1"
#115620000
0"
b1101111010 )
#115625000
b11111110 +
1"
#115630000
0"
#115635000
b11111100 +
1"
#115640000
0"
1$
#115645000
b101 !
b101 ,
b11111000 +
1"
#115650000
0"
0$
#115655000
b11110000 +
1"
#115660000
0"
b1101111011 )
#115665000
b11100001 +
1"
#115670000
0"
#115675000
b11000010 +
1"
#115680000
0"
1$
#115685000
b11 !
b11 ,
b10000101 +
1"
#115690000
0"
0$
#115695000
b1011 +
1"
#115700000
0"
b1101111100 )
#115705000
b10111 +
1"
#115710000
0"
#115715000
b101111 +
1"
#115720000
0"
1$
#115725000
b1000 !
b1000 ,
b1011110 +
1"
#115730000
0"
0$
#115735000
b10111100 +
1"
#115740000
0"
b1101111101 )
#115745000
b1111000 +
1"
#115750000
0"
#115755000
b11110001 +
1"
#115760000
0"
1$
#115765000
b10 !
b10 ,
b11100011 +
1"
#115770000
0"
0$
#115775000
b11000110 +
1"
#115780000
0"
b1101111110 )
#115785000
b10001101 +
1"
#115790000
0"
#115795000
b11010 +
1"
#115800000
0"
1$
#115805000
b11 !
b11 ,
b110100 +
1"
#115810000
0"
0$
#115815000
b1101000 +
1"
#115820000
0"
b1101111111 )
#115825000
b11010000 +
1"
#115830000
0"
#115835000
b10100000 +
1"
#115840000
0"
1$
#115845000
b1 !
b1 ,
b1000000 +
1"
#115850000
0"
0$
#115855000
b10000000 +
1"
#115860000
0"
b1110000000 )
#115865000
b1 +
1"
#115870000
0"
#115875000
b10 +
1"
#115880000
0"
1$
#115885000
b11 !
b11 ,
b100 +
1"
#115890000
0"
0$
#115895000
b1000 +
1"
#115900000
0"
b1110000001 )
#115905000
b10001 +
1"
#115910000
0"
#115915000
b100011 +
1"
#115920000
0"
1$
#115925000
b100 !
b100 ,
b1000111 +
1"
#115930000
0"
0$
#115935000
b10001110 +
1"
#115940000
0"
b1110000010 )
#115945000
b11100 +
1"
#115950000
0"
#115955000
b111000 +
1"
#115960000
0"
1$
#115965000
b1 !
b1 ,
b1110001 +
1"
#115970000
0"
0$
#115975000
b11100010 +
1"
#115980000
0"
b1110000011 )
#115985000
b11000100 +
1"
#115990000
0"
#115995000
b10001001 +
1"
#116000000
0"
1$
#116005000
b10 !
b10 ,
b10010 +
1"
#116010000
0"
0$
#116015000
b100101 +
1"
#116020000
0"
b1110000100 )
#116025000
b1001011 +
1"
#116030000
0"
#116035000
b10010111 +
1"
#116040000
0"
1$
#116045000
b1000 !
b1000 ,
b101110 +
1"
#116050000
0"
0$
#116055000
b1011100 +
1"
#116060000
0"
b1110000101 )
#116065000
b10111000 +
1"
#116070000
0"
#116075000
b1110000 +
1"
#116080000
0"
1$
#116085000
b1 !
b1 ,
b11100000 +
1"
#116090000
0"
0$
#116095000
b11000000 +
1"
#116100000
0"
b1110000110 )
#116105000
b10000001 +
1"
#116110000
0"
#116115000
b11 +
1"
#116120000
0"
1$
#116125000
b100 !
b100 ,
b110 +
1"
#116130000
0"
0$
#116135000
b1100 +
1"
#116140000
0"
b1110000111 )
#116145000
b11001 +
1"
#116150000
0"
#116155000
b110010 +
1"
#116160000
0"
1$
#116165000
b11 !
b11 ,
b1100100 +
1"
#116170000
0"
0$
#116175000
b11001001 +
1"
#116180000
0"
b1110001000 )
#116185000
b10010010 +
1"
#116190000
0"
#116195000
b100100 +
1"
#116200000
0"
1$
#116205000
b101 !
b101 ,
b1001001 +
1"
#116210000
0"
0$
#116215000
b10010011 +
1"
#116220000
0"
b1110001001 )
#116225000
b100110 +
1"
#116230000
0"
#116235000
b1001101 +
1"
#116240000
0"
1$
#116245000
b110 !
b110 ,
b10011011 +
1"
#116250000
0"
0$
#116255000
b110111 +
1"
#116260000
0"
b1110001010 )
#116265000
b1101110 +
1"
#116270000
0"
#116275000
b11011100 +
1"
#116280000
0"
1$
#116285000
b101 !
b101 ,
b10111001 +
1"
#116290000
0"
0$
#116295000
b1110010 +
1"
#116300000
0"
b1110001011 )
#116305000
b11100100 +
1"
#116310000
0"
#116315000
b11001000 +
1"
#116320000
0"
1$
#116325000
b1 !
b1 ,
b10010000 +
1"
#116330000
0"
0$
#116335000
b100000 +
1"
#116340000
0"
b1110001100 )
#116345000
b1000001 +
1"
#116350000
0"
#116355000
b10000010 +
1"
#116360000
0"
1$
#116365000
b11 !
b11 ,
b101 +
1"
#116370000
0"
0$
#116375000
b1010 +
1"
#116380000
0"
b1110001101 )
#116385000
b10101 +
1"
#116390000
0"
#116395000
b101011 +
1"
#116400000
0"
1$
#116405000
b100 !
b100 ,
b1010110 +
1"
#116410000
0"
0$
#116415000
b10101101 +
1"
#116420000
0"
b1110001110 )
#116425000
b1011011 +
1"
#116430000
0"
#116435000
b10110110 +
1"
#116440000
0"
1$
#116445000
b111 !
b111 ,
b1101101 +
1"
#116450000
0"
0$
#116455000
b11011010 +
1"
#116460000
0"
b1110001111 )
#116465000
b10110101 +
1"
#116470000
0"
#116475000
b1101011 +
1"
#116480000
0"
1$
#116485000
b100 !
b100 ,
b11010110 +
1"
#116490000
0"
0$
#116495000
b10101100 +
1"
#116500000
0"
b1110010000 )
#116505000
b1011001 +
1"
#116510000
0"
#116515000
b10110010 +
1"
#116520000
0"
1$
#116525000
b11 !
b11 ,
b1100101 +
1"
#116530000
0"
0$
#116535000
b11001011 +
1"
#116540000
0"
b1110010001 )
#116545000
b10010110 +
1"
#116550000
0"
#116555000
b101100 +
1"
#116560000
0"
1$
#116565000
b101 !
b101 ,
b1011000 +
1"
#116570000
0"
0$
#116575000
b10110000 +
1"
#116580000
0"
b1110010010 )
#116585000
b1100001 +
1"
#116590000
0"
#116595000
b11000011 +
1"
#116600000
0"
1$
#116605000
b100 !
b100 ,
b10000111 +
1"
#116610000
0"
0$
#116615000
b1111 +
1"
#116620000
0"
b1110010011 )
#116625000
b11111 +
1"
#116630000
0"
#116635000
b111110 +
1"
#116640000
0"
1$
#116645000
b111 !
b111 ,
b1111101 +
1"
#116650000
0"
0$
#116655000
b11111011 +
1"
#116660000
0"
b1110010100 )
#116665000
b11110110 +
1"
#116670000
0"
#116675000
b11101101 +
1"
#116680000
0"
1$
#116685000
b110 !
b110 ,
b11011011 +
1"
#116690000
0"
0$
#116695000
b10110111 +
1"
#116700000
0"
b1110010101 )
#116705000
b1101111 +
1"
#116710000
0"
#116715000
b11011110 +
1"
#116720000
0"
1$
#116725000
b111 !
b111 ,
b10111101 +
1"
#116730000
0"
0$
#116735000
b1111010 +
1"
#116740000
0"
b1110010110 )
#116745000
b11110101 +
1"
#116750000
0"
#116755000
b11101011 +
1"
#116760000
0"
1$
#116765000
b100 !
b100 ,
b11010111 +
1"
#116770000
0"
0$
#116775000
b10101110 +
1"
#116780000
0"
b1110010111 )
#116785000
b1011101 +
1"
#116790000
0"
#116795000
b10111010 +
1"
#116800000
0"
1$
#116805000
b11 !
b11 ,
b1110100 +
1"
#116810000
0"
0$
#116815000
b11101000 +
1"
#116820000
0"
b1110011000 )
#116825000
b11010001 +
1"
#116830000
0"
#116835000
b10100010 +
1"
#116840000
0"
1$
#116845000
b1000100 +
1"
#116850000
0"
0$
#116855000
b10001000 +
1"
#116860000
0"
b1110011001 )
#116865000
b10000 +
1"
#116870000
0"
#116875000
b100001 +
1"
#116880000
0"
1$
#116885000
b10 !
b10 ,
b1000011 +
1"
#116890000
0"
0$
#116895000
b10000110 +
1"
#116900000
0"
b1110011010 )
#116905000
b1101 +
1"
#116910000
0"
#116915000
b11011 +
1"
#116920000
0"
1$
#116925000
b100 !
b100 ,
b110110 +
1"
#116930000
0"
0$
#116935000
b1101100 +
1"
#116940000
0"
b1110011011 )
#116945000
b11011000 +
1"
#116950000
0"
#116955000
b10110001 +
1"
#116960000
0"
1$
#116965000
b10 !
b10 ,
b1100011 +
1"
#116970000
0"
0$
#116975000
b11000111 +
1"
#116980000
0"
b1110011100 )
#116985000
b10001111 +
1"
#116990000
0"
#116995000
b11110 +
1"
#117000000
0"
1$
#117005000
b111 !
b111 ,
b111100 +
1"
#117010000
0"
0$
#117015000
b1111001 +
1"
#117020000
0"
b1110011101 )
#117025000
b11110011 +
1"
#117030000
0"
#117035000
b11100111 +
1"
#117040000
0"
1$
#117045000
b1000 !
b1000 ,
b11001110 +
1"
#117050000
0"
0$
#117055000
b10011100 +
1"
#117060000
0"
b1110011110 )
#117065000
b111001 +
1"
#117070000
0"
#117075000
b1110011 +
1"
#117080000
0"
1$
#117085000
b100 !
b100 ,
b11100110 +
1"
#117090000
0"
0$
#117095000
b11001100 +
1"
#117100000
0"
b1110011111 )
#117105000
b10011000 +
1"
#117110000
0"
#117115000
b110001 +
1"
#117120000
0"
1$
#117125000
b10 !
b10 ,
b1100010 +
1"
#117130000
0"
0$
#117135000
b11000101 +
1"
#117140000
0"
b1110100000 )
#117145000
b10001011 +
1"
#117150000
0"
#117155000
b10110 +
1"
#117160000
0"
1$
#117165000
b111 !
b111 ,
b101101 +
1"
#117170000
0"
0$
#117175000
b1011010 +
1"
#117180000
0"
b1110100001 )
#117185000
b10110100 +
1"
#117190000
0"
#117195000
b1101001 +
1"
#117200000
0"
1$
#117205000
b10 !
b10 ,
b11010010 +
1"
#117210000
0"
0$
#117215000
b10100100 +
1"
#117220000
0"
b1110100010 )
#117225000
b1001000 +
1"
#117230000
0"
#117235000
b10010001 +
1"
#117240000
0"
1$
#117245000
b100010 +
1"
#117250000
0"
0$
#117255000
b1000101 +
1"
#117260000
0"
b1110100011 )
#117265000
b10001010 +
1"
#117270000
0"
#117275000
b10100 +
1"
#117280000
0"
1$
#117285000
b101 !
b101 ,
b101001 +
1"
#117290000
0"
0$
#117295000
b1010010 +
1"
#117300000
0"
b1110100100 )
#117305000
b10100101 +
1"
#117310000
0"
#117315000
b1001010 +
1"
#117320000
0"
1$
#117325000
b11 !
b11 ,
b10010101 +
1"
#117330000
0"
0$
#117335000
b101010 +
1"
#117340000
0"
b1110100101 )
#117345000
b1010100 +
1"
#117350000
0"
#117355000
b10101001 +
1"
#117360000
0"
1$
#117365000
b10 !
b10 ,
b1010011 +
1"
#117370000
0"
0$
#117375000
b10100111 +
1"
#117380000
0"
b1110100110 )
#117385000
b1001110 +
1"
#117390000
0"
#117395000
b10011101 +
1"
#117400000
0"
1$
#117405000
b110 !
b110 ,
b111011 +
1"
#117410000
0"
0$
#117415000
b1110111 +
1"
#117420000
0"
b1110100111 )
#117425000
b11101110 +
1"
#117430000
0"
#117435000
b11011101 +
1"
#117440000
0"
1$
#117445000
b10111011 +
1"
#117450000
0"
0$
#117455000
b1110110 +
1"
#117460000
0"
b1110101000 )
#117465000
b11101100 +
1"
#117470000
0"
#117475000
b11011001 +
1"
#117480000
0"
1$
#117485000
b10 !
b10 ,
b10110011 +
1"
#117490000
0"
0$
#117495000
b1100111 +
1"
#117500000
0"
b1110101001 )
#117505000
b11001111 +
1"
#117510000
0"
#117515000
b10011110 +
1"
#117520000
0"
1$
#117525000
b111 !
b111 ,
b111101 +
1"
#117530000
0"
0$
#117535000
b1111011 +
1"
#117540000
0"
b1110101010 )
#117545000
b11110111 +
1"
#117550000
0"
#117555000
b11101111 +
1"
#117560000
0"
1$
#117565000
b1000 !
b1000 ,
b11011111 +
1"
#117570000
0"
0$
#117575000
b10111111 +
1"
#117580000
0"
b1110101011 )
#117585000
b1111110 +
1"
#117590000
0"
#117595000
b11111101 +
1"
#117600000
0"
1$
#117605000
b110 !
b110 ,
b11111010 +
1"
#117610000
0"
0$
#117615000
b11110100 +
1"
#117620000
0"
b1110101100 )
#117625000
b11101001 +
1"
#117630000
0"
#117635000
b11010011 +
1"
#117640000
0"
1$
#117645000
b100 !
b100 ,
b10100110 +
1"
#117650000
0"
0$
#117655000
b1001100 +
1"
#117660000
0"
b1110101101 )
#117665000
b10011001 +
1"
#117670000
0"
#117675000
b110011 +
1"
#117680000
0"
1$
#117685000
b1100110 +
1"
#117690000
0"
0$
#117695000
b11001101 +
1"
#117700000
0"
b1110101110 )
#117705000
b10011010 +
1"
#117710000
0"
#117715000
b110101 +
1"
#117720000
0"
1$
#117725000
b110 !
b110 ,
b1101010 +
1"
#117730000
0"
0$
#117735000
b11010100 +
1"
#117740000
0"
b1110101111 )
#117745000
b10101000 +
1"
#117750000
0"
#117755000
b1010001 +
1"
#117760000
0"
1$
#117765000
b10 !
b10 ,
b10100011 +
1"
#117770000
0"
0$
#117775000
b1000110 +
1"
#117780000
0"
b1110110000 )
#117785000
b10001100 +
1"
#117790000
0"
#117795000
b11000 +
1"
#117800000
0"
1$
#117805000
b1 !
b1 ,
b110000 +
1"
#117810000
0"
0$
#117815000
b1100000 +
1"
#117820000
0"
b1110110001 )
#117825000
b11000001 +
1"
#117830000
0"
#117835000
b10000011 +
1"
#117840000
0"
1$
#117845000
b100 !
b100 ,
b111 +
1"
#117850000
0"
0$
#117855000
b1110 +
1"
#117860000
0"
b1110110010 )
#117865000
b11101 +
1"
#117870000
0"
#117875000
b111010 +
1"
#117880000
0"
1$
#117885000
b11 !
b11 ,
b1110101 +
1"
#117890000
0"
0$
#117895000
b11101010 +
1"
#117900000
0"
b1110110011 )
#117905000
b11010101 +
1"
#117910000
0"
#117915000
b10101010 +
1"
#117920000
0"
1$
#117925000
b1010101 +
1"
#117930000
0"
0$
#117935000
b10101011 +
1"
#117940000
0"
b1110110100 )
#117945000
b1010111 +
1"
#117950000
0"
#117955000
b10101111 +
1"
#117960000
0"
1$
#117965000
b1000 !
b1000 ,
b1011111 +
1"
#117970000
0"
0$
#117975000
b10111110 +
1"
#117980000
0"
b1110110101 )
#117985000
b1111100 +
1"
#117990000
0"
#117995000
b11111001 +
1"
#118000000
0"
1$
#118005000
b10 !
b10 ,
b11110010 +
1"
#118010000
0"
0$
#118015000
b11100101 +
1"
#118020000
0"
b1110110110 )
#118025000
b11001010 +
1"
#118030000
0"
#118035000
b10010100 +
1"
#118040000
0"
1$
#118045000
b101 !
b101 ,
b101000 +
1"
#118050000
0"
0$
#118055000
b1010000 +
1"
#118060000
0"
b1110110111 )
#118065000
b10100001 +
1"
#118070000
0"
#118075000
b1000010 +
1"
#118080000
0"
1$
#118085000
b11 !
b11 ,
b10000100 +
1"
#118090000
0"
0$
#118095000
b1001 +
1"
#118100000
0"
b1110111000 )
#118105000
b10011 +
1"
#118110000
0"
#118115000
b100111 +
1"
#118120000
0"
1$
#118125000
b1000 !
b1000 ,
b1001111 +
1"
#118130000
0"
0$
#118135000
b10011111 +
1"
#118140000
0"
b1110111001 )
#118145000
b111111 +
1"
#118150000
0"
#118155000
b1111111 +
1"
#118160000
0"
1$
#118165000
b11111111 +
1"
#118170000
0"
0$
#118175000
b11111110 +
1"
#118180000
0"
b1110111010 )
#118185000
b11111100 +
1"
#118190000
0"
#118195000
b11111000 +
1"
#118200000
0"
1$
#118205000
b1 !
b1 ,
b11110000 +
1"
#118210000
0"
0$
#118215000
b11100001 +
1"
#118220000
0"
b1110111011 )
#118225000
b11000010 +
1"
#118230000
0"
#118235000
b10000101 +
1"
#118240000
0"
1$
#118245000
b110 !
b110 ,
b1011 +
1"
#118250000
0"
0$
#118255000
b10111 +
1"
#118260000
0"
b1110111100 )
#118265000
b101111 +
1"
#118270000
0"
#118275000
b1011110 +
1"
#118280000
0"
1$
#118285000
b111 !
b111 ,
b10111100 +
1"
#118290000
0"
0$
#118295000
b1111000 +
1"
#118300000
0"
b1110111101 )
#118305000
b11110001 +
1"
#118310000
0"
#118315000
b11100011 +
1"
#118320000
0"
1$
#118325000
b100 !
b100 ,
b11000110 +
1"
#118330000
0"
0$
#118335000
b10001101 +
1"
#118340000
0"
b1110111110 )
#118345000
b11010 +
1"
#118350000
0"
#118355000
b110100 +
1"
#118360000
0"
1$
#118365000
b101 !
b101 ,
b1101000 +
1"
#118370000
0"
0$
#118375000
b11010000 +
1"
#118380000
0"
b1110111111 )
#118385000
b10100000 +
1"
#118390000
0"
#118395000
b1000000 +
1"
#118400000
0"
1$
#118405000
b1 !
b1 ,
b10000000 +
1"
#118410000
0"
0$
#118415000
b1 +
1"
#118420000
0"
b1111000000 )
#118425000
b10 +
1"
#118430000
0"
#118435000
b100 +
1"
#118440000
0"
1$
#118445000
b101 !
b101 ,
b1000 +
1"
#118450000
0"
0$
#118455000
b10001 +
1"
#118460000
0"
b1111000001 )
#118465000
b100011 +
1"
#118470000
0"
#118475000
b1000111 +
1"
#118480000
0"
1$
#118485000
b1000 !
b1000 ,
b10001110 +
1"
#118490000
0"
0$
#118495000
b11100 +
1"
#118500000
0"
b1111000010 )
#118505000
b111000 +
1"
#118510000
0"
#118515000
b1110001 +
1"
#118520000
0"
1$
#118525000
b10 !
b10 ,
b11100010 +
1"
#118530000
0"
0$
#118535000
b11000100 +
1"
#118540000
0"
b1111000011 )
#118545000
b10001001 +
1"
#118550000
0"
#118555000
b10010 +
1"
#118560000
0"
1$
#118565000
b11 !
b11 ,
b100101 +
1"
#118570000
0"
0$
#118575000
b1001011 +
1"
#118580000
0"
b1111000100 )
#118585000
b10010111 +
1"
#118590000
0"
#118595000
b101110 +
1"
#118600000
0"
1$
#118605000
b111 !
b111 ,
b1011100 +
1"
#118610000
0"
0$
#118615000
b10111000 +
1"
#118620000
0"
b1111000101 )
#118625000
b1110000 +
1"
#118630000
0"
#118635000
b11100000 +
1"
#118640000
0"
1$
#118645000
b1 !
b1 ,
b11000000 +
1"
#118650000
0"
0$
#118655000
b10000001 +
1"
#118660000
0"
b1111000110 )
#118665000
b11 +
1"
#118670000
0"
#118675000
b110 +
1"
#118680000
0"
1$
#118685000
b111 !
b111 ,
b1100 +
1"
#118690000
0"
0$
#118695000
b11001 +
1"
#118700000
0"
b1111000111 )
#118705000
b110010 +
1"
#118710000
0"
#118715000
b1100100 +
1"
#118720000
0"
1$
#118725000
b101 !
b101 ,
b11001001 +
1"
#118730000
0"
0$
#118735000
b10010010 +
1"
#118740000
0"
b1111001000 )
#118745000
b100100 +
1"
#118750000
0"
#118755000
b1001001 +
1"
#118760000
0"
1$
#118765000
b10 !
b10 ,
b10010011 +
1"
#118770000
0"
0$
#118775000
b100110 +
1"
#118780000
0"
b1111001001 )
#118785000
b1001101 +
1"
#118790000
0"
#118795000
b10011011 +
1"
#118800000
0"
1$
#118805000
b100 !
b100 ,
b110111 +
1"
#118810000
0"
0$
#118815000
b1101110 +
1"
#118820000
0"
b1111001010 )
#118825000
b11011100 +
1"
#118830000
0"
#118835000
b10111001 +
1"
#118840000
0"
1$
#118845000
b10 !
b10 ,
b1110010 +
1"
#118850000
0"
0$
#118855000
b11100100 +
1"
#118860000
0"
b1111001011 )
#118865000
b11001000 +
1"
#118870000
0"
#118875000
b10010000 +
1"
#118880000
0"
1$
#118885000
b1 !
b1 ,
b100000 +
1"
#118890000
0"
0$
#118895000
b1000001 +
1"
#118900000
0"
b1111001100 )
#118905000
b10000010 +
1"
#118910000
0"
#118915000
b101 +
1"
#118920000
0"
1$
#118925000
b110 !
b110 ,
b1010 +
1"
#118930000
0"
0$
#118935000
b10101 +
1"
#118940000
0"
b1111001101 )
#118945000
b101011 +
1"
#118950000
0"
#118955000
b1010110 +
1"
#118960000
0"
1$
#118965000
b111 !
b111 ,
b10101101 +
1"
#118970000
0"
0$
#118975000
b1011011 +
1"
#118980000
0"
b1111001110 )
#118985000
b10110110 +
1"
#118990000
0"
#118995000
b1101101 +
1"
#119000000
0"
1$
#119005000
b110 !
b110 ,
b11011010 +
1"
#119010000
0"
0$
#119015000
b10110101 +
1"
#119020000
0"
b1111001111 )
#119025000
b1101011 +
1"
#119030000
0"
#119035000
b11010110 +
1"
#119040000
0"
1$
#119045000
b111 !
b111 ,
b10101100 +
1"
#119050000
0"
0$
#119055000
b1011001 +
1"
#119060000
0"
b1111010000 )
#119065000
b10110010 +
1"
#119070000
0"
#119075000
b1100101 +
1"
#119080000
0"
1$
#119085000
b110 !
b110 ,
b11001011 +
1"
#119090000
0"
0$
#119095000
b10010110 +
1"
#119100000
0"
b1111010001 )
#119105000
b101100 +
1"
#119110000
0"
#119115000
b1011000 +
1"
#119120000
0"
1$
#119125000
b1 !
b1 ,
b10110000 +
1"
#119130000
0"
0$
#119135000
b1100001 +
1"
#119140000
0"
b1111010010 )
#119145000
b11000011 +
1"
#119150000
0"
#119155000
b10000111 +
1"
#119160000
0"
1$
#119165000
b1000 !
b1000 ,
b1111 +
1"
#119170000
0"
0$
#119175000
b11111 +
1"
#119180000
0"
b1111010011 )
#119185000
b111110 +
1"
#119190000
0"
#119195000
b1111101 +
1"
#119200000
0"
1$
#119205000
b110 !
b110 ,
b11111011 +
1"
#119210000
0"
0$
#119215000
b11110110 +
1"
#119220000
0"
b1111010100 )
#119225000
b11101101 +
1"
#119230000
0"
#119235000
b11011011 +
1"
#119240000
0"
1$
#119245000
b100 !
b100 ,
b10110111 +
1"
#119250000
0"
0$
#119255000
b1101111 +
1"
#119260000
0"
b1111010101 )
#119265000
b11011110 +
1"
#119270000
0"
#119275000
b10111101 +
1"
#119280000
0"
1$
#119285000
b110 !
b110 ,
b1111010 +
1"
#119290000
0"
0$
#119295000
b11110101 +
1"
#119300000
0"
b1111010110 )
#119305000
b11101011 +
1"
#119310000
0"
#119315000
b11010111 +
1"
#119320000
0"
1$
#119325000
b1000 !
b1000 ,
b10101110 +
1"
#119330000
0"
0$
#119335000
b1011101 +
1"
#119340000
0"
b1111010111 )
#119345000
b10111010 +
1"
#119350000
0"
#119355000
b1110100 +
1"
#119360000
0"
1$
#119365000
b101 !
b101 ,
b11101000 +
1"
#119370000
0"
0$
#119375000
b11010001 +
1"
#119380000
0"
b1111011000 )
#119385000
b10100010 +
1"
#119390000
0"
#119395000
b1000100 +
1"
#119400000
0"
1$
#119405000
b10001000 +
1"
#119410000
0"
0$
#119415000
b10000 +
1"
#119420000
0"
b1111011001 )
#119425000
b100001 +
1"
#119430000
0"
#119435000
b1000011 +
1"
#119440000
0"
1$
#119445000
b100 !
b100 ,
b10000110 +
1"
#119450000
0"
0$
#119455000
b1101 +
1"
#119460000
0"
b1111011010 )
#119465000
b11011 +
1"
#119470000
0"
#119475000
b110110 +
1"
#119480000
0"
1$
#119485000
b111 !
b111 ,
b1101100 +
1"
#119490000
0"
0$
#119495000
b11011000 +
1"
#119500000
0"
b1111011011 )
#119505000
b10110001 +
1"
#119510000
0"
#119515000
b1100011 +
1"
#119520000
0"
1$
#119525000
b100 !
b100 ,
b11000111 +
1"
#119530000
0"
0$
#119535000
b10001111 +
1"
#119540000
0"
b1111011100 )
#119545000
b11110 +
1"
#119550000
0"
#119555000
b111100 +
1"
#119560000
0"
1$
#119565000
b101 !
b101 ,
b1111001 +
1"
#119570000
0"
0$
#119575000
b11110011 +
1"
#119580000
0"
b1111011101 )
#119585000
b11100111 +
1"
#119590000
0"
#119595000
b11001110 +
1"
#119600000
0"
1$
#119605000
b111 !
b111 ,
b10011100 +
1"
#119610000
0"
0$
#119615000
b111001 +
1"
#119620000
0"
b1111011110 )
#119625000
b1110011 +
1"
#119630000
0"
#119635000
b11100110 +
1"
#119640000
0"
1$
#119645000
b11001100 +
1"
#119650000
0"
0$
#119655000
b10011000 +
1"
#119660000
0"
b1111011111 )
#119665000
b110001 +
1"
#119670000
0"
#119675000
b1100010 +
1"
#119680000
0"
1$
#119685000
b11 !
b11 ,
b11000101 +
1"
#119690000
0"
0$
#119695000
b10001011 +
1"
#119700000
0"
b1111100000 )
#119705000
b10110 +
1"
#119710000
0"
#119715000
b101101 +
1"
#119720000
0"
1$
#119725000
b110 !
b110 ,
b1011010 +
1"
#119730000
0"
0$
#119735000
b10110100 +
1"
#119740000
0"
b1111100001 )
#119745000
b1101001 +
1"
#119750000
0"
#119755000
b11010010 +
1"
#119760000
0"
1$
#119765000
b11 !
b11 ,
b10100100 +
1"
#119770000
0"
0$
#119775000
b1001000 +
1"
#119780000
0"
b1111100010 )
#119785000
b10010001 +
1"
#119790000
0"
#119795000
b100010 +
1"
#119800000
0"
1$
#119805000
b1000101 +
1"
#119810000
0"
0$
#119815000
b10001010 +
1"
#119820000
0"
b1111100011 )
#119825000
b10100 +
1"
#119830000
0"
#119835000
b101001 +
1"
#119840000
0"
1$
#119845000
b10 !
b10 ,
b1010010 +
1"
#119850000
0"
0$
#119855000
b10100101 +
1"
#119860000
0"
b1111100100 )
#119865000
b1001010 +
1"
#119870000
0"
#119875000
b10010101 +
1"
#119880000
0"
1$
#119885000
b110 !
b110 ,
b101010 +
1"
#119890000
0"
0$
#119895000
b1010100 +
1"
#119900000
0"
b1111100101 )
#119905000
b10101001 +
1"
#119910000
0"
#119915000
b1010011 +
1"
#119920000
0"
1$
#119925000
b100 !
b100 ,
b10100111 +
1"
#119930000
0"
0$
#119935000
b1001110 +
1"
#119940000
0"
b1111100110 )
#119945000
b10011101 +
1"
#119950000
0"
#119955000
b111011 +
1"
#119960000
0"
1$
#119965000
b1110111 +
1"
#119970000
0"
0$
#119975000
b11101110 +
1"
#119980000
0"
b1111100111 )
#119985000
b11011101 +
1"
#119990000
0"
#119995000
b10111011 +
1"
#120000000
0"
1$
#120005000
b1110110 +
1"
#120010000
0"
0$
#120015000
b11101100 +
1"
#120020000
0"
b11 #
b11 *
b11 (
b0 )
#120025000
b11011001 +
1"
#120030000
0"
#120035000
b10110011 +
1"
#120040000
0"
1$
#120045000
b10100 !
b10100 ,
b1100111 +
1"
#120050000
0"
0$
#120055000
b11001111 +
1"
#120060000
0"
b1 )
#120065000
b10011110 +
1"
#120070000
0"
#120075000
b111101 +
1"
#120080000
0"
1$
#120085000
b10 !
b10 ,
b1111011 +
1"
#120090000
0"
0$
#120095000
b11110111 +
1"
#120100000
0"
b10 )
#120105000
b11101111 +
1"
#120110000
0"
#120115000
b11011111 +
1"
#120120000
0"
1$
#120125000
b100 !
b100 ,
b10111111 +
1"
#120130000
0"
0$
#120135000
b1111110 +
1"
#120140000
0"
b11 )
#120145000
b11111101 +
1"
#120150000
0"
#120155000
b11111010 +
1"
#120160000
0"
1$
#120165000
b1011 !
b1011 ,
b11110100 +
1"
#120170000
0"
0$
#120175000
b11101001 +
1"
#120180000
0"
b100 )
#120185000
b11010011 +
1"
#120190000
0"
#120195000
b10100110 +
1"
#120200000
0"
1$
#120205000
b111 !
b111 ,
b1001100 +
1"
#120210000
0"
0$
#120215000
b10011001 +
1"
#120220000
0"
b101 )
#120225000
b110011 +
1"
#120230000
0"
#120235000
b1100110 +
1"
#120240000
0"
1$
#120245000
b11 !
b11 ,
b11001101 +
1"
#120250000
0"
0$
#120255000
b10011010 +
1"
#120260000
0"
b110 )
#120265000
b110101 +
1"
#120270000
0"
#120275000
b1101010 +
1"
#120280000
0"
1$
#120285000
b111 !
b111 ,
b11010100 +
1"
#120290000
0"
0$
#120295000
b10101000 +
1"
#120300000
0"
b111 )
#120305000
b1010001 +
1"
#120310000
0"
#120315000
b10100011 +
1"
#120320000
0"
1$
#120325000
b100 !
b100 ,
b1000110 +
1"
#120330000
0"
0$
#120335000
b10001100 +
1"
#120340000
0"
b1000 )
#120345000
b11000 +
1"
#120350000
0"
#120355000
b110000 +
1"
#120360000
0"
1$
#120365000
b1001 !
b1001 ,
b1100000 +
1"
#120370000
0"
0$
#120375000
b11000001 +
1"
#120380000
0"
b1001 )
#120385000
b10000011 +
1"
#120390000
0"
#120395000
b111 +
1"
#120400000
0"
1$
#120405000
b1000 !
b1000 ,
b1110 +
1"
#120410000
0"
0$
#120415000
b11101 +
1"
#120420000
0"
b1010 )
#120425000
b111010 +
1"
#120430000
0"
#120435000
b1110101 +
1"
#120440000
0"
1$
#120445000
b10010 !
b10010 ,
b11101010 +
1"
#120450000
0"
0$
#120455000
b11010101 +
1"
#120460000
0"
b1011 )
#120465000
b10101010 +
1"
#120470000
0"
#120475000
b1010101 +
1"
#120480000
0"
1$
#120485000
b110 !
b110 ,
b10101011 +
1"
#120490000
0"
0$
#120495000
b1010111 +
1"
#120500000
0"
b1100 )
#120505000
b10101111 +
1"
#120510000
0"
#120515000
b1011111 +
1"
#120520000
0"
1$
#120525000
b10000 !
b10000 ,
b10111110 +
1"
#120530000
0"
0$
#120535000
b1111100 +
1"
#120540000
0"
b1101 )
#120545000
b11111001 +
1"
#120550000
0"
#120555000
b11110010 +
1"
#120560000
0"
1$
#120565000
b11 !
b11 ,
b11100101 +
1"
#120570000
0"
0$
#120575000
b11001010 +
1"
#120580000
0"
b1110 )
#120585000
b10010100 +
1"
#120590000
0"
#120595000
b101000 +
1"
#120600000
0"
1$
#120605000
b1 !
b1 ,
b1010000 +
1"
#120610000
0"
0$
#120615000
b10100001 +
1"
#120620000
0"
b1111 )
#120625000
b1000010 +
1"
#120630000
0"
#120635000
b10000100 +
1"
#120640000
0"
1$
#120645000
b1101 !
b1101 ,
b1001 +
1"
#120650000
0"
0$
#120655000
b10011 +
1"
#120660000
0"
b10000 )
#120665000
b100111 +
1"
#120670000
0"
#120675000
b1001111 +
1"
#120680000
0"
1$
#120685000
b10100 !
b10100 ,
b10011111 +
1"
#120690000
0"
0$
#120695000
b111111 +
1"
#120700000
0"
b10001 )
#120705000
b1111111 +
1"
#120710000
0"
#120715000
b11111111 +
1"
#120720000
0"
1$
#120725000
b10000 !
b10000 ,
b11111110 +
1"
#120730000
0"
0$
#120735000
b11111100 +
1"
#120740000
0"
b10010 )
#120745000
b11111000 +
1"
#120750000
0"
#120755000
b11110000 +
1"
#120760000
0"
1$
#120765000
b1 !
b1 ,
b11100001 +
1"
#120770000
0"
0$
#120775000
b11000010 +
1"
#120780000
0"
b10011 )
#120785000
b10000101 +
1"
#120790000
0"
#120795000
b1011 +
1"
#120800000
0"
1$
#120805000
b1100 !
b1100 ,
b10111 +
1"
#120810000
0"
0$
#120815000
b101111 +
1"
#120820000
0"
b10100 )
#120825000
b1011110 +
1"
#120830000
0"
#120835000
b10111100 +
1"
#120840000
0"
1$
#120845000
b1001 !
b1001 ,
b1111000 +
1"
#120850000
0"
0$
#120855000
b11110001 +
1"
#120860000
0"
b10101 )
#120865000
b11100011 +
1"
#120870000
0"
#120875000
b11000110 +
1"
#120880000
0"
1$
#120885000
b10011 !
b10011 ,
b10001101 +
1"
#120890000
0"
0$
#120895000
b11010 +
1"
#120900000
0"
b10110 )
#120905000
b110100 +
1"
#120910000
0"
#120915000
b1101000 +
1"
#120920000
0"
1$
#120925000
b101 !
b101 ,
b11010000 +
1"
#120930000
0"
0$
#120935000
b10100000 +
1"
#120940000
0"
b10111 )
#120945000
b1000000 +
1"
#120950000
0"
#120955000
b10000000 +
1"
#120960000
0"
1$
#120965000
b1001 !
b1001 ,
b1 +
1"
#120970000
0"
0$
#120975000
b10 +
1"
#120980000
0"
b11000 )
#120985000
b100 +
1"
#120990000
0"
#120995000
b1000 +
1"
#121000000
0"
1$
#121005000
b10001 +
1"
#121010000
0"
0$
#121015000
b100011 +
1"
#121020000
0"
b11001 )
#121025000
b1000111 +
1"
#121030000
0"
#121035000
b10001110 +
1"
#121040000
0"
1$
#121045000
b11 !
b11 ,
b11100 +
1"
#121050000
0"
0$
#121055000
b111000 +
1"
#121060000
0"
b11010 )
#121065000
b1110001 +
1"
#121070000
0"
#121075000
b11100010 +
1"
#121080000
0"
1$
#121085000
b111 !
b111 ,
b11000100 +
1"
#121090000
0"
0$
#121095000
b10001001 +
1"
#121100000
0"
b11011 )
#121105000
b10010 +
1"
#121110000
0"
#121115000
b100101 +
1"
#121120000
0"
1$
#121125000
b10010 !
b10010 ,
b1001011 +
1"
#121130000
0"
0$
#121135000
b10010111 +
1"
#121140000
0"
b11100 )
#121145000
b101110 +
1"
#121150000
0"
#121155000
b1011100 +
1"
#121160000
0"
1$
#121165000
b1101 !
b1101 ,
b10111000 +
1"
#121170000
0"
0$
#121175000
b1110000 +
1"
#121180000
0"
b11101 )
#121185000
b11100000 +
1"
#121190000
0"
#121195000
b11000000 +
1"
#121200000
0"
1$
#121205000
b10000001 +
1"
#121210000
0"
0$
#121215000
b11 +
1"
#121220000
0"
b11110 )
#121225000
b110 +
1"
#121230000
0"
#121235000
b1100 +
1"
#121240000
0"
1$
#121245000
b11001 +
1"
#121250000
0"
0$
#121255000
b110010 +
1"
#121260000
0"
b11111 )
#121265000
b1100100 +
1"
#121270000
0"
#121275000
b11001001 +
1"
#121280000
0"
1$
#121285000
b10 !
b10 ,
b10010010 +
1"
#121290000
0"
0$
#121295000
b100100 +
1"
#121300000
0"
b100000 )
#121305000
b1001001 +
1"
#121310000
0"
#121315000
b10010011 +
1"
#121320000
0"
1$
#121325000
b1000 !
b1000 ,
b100110 +
1"
#121330000
0"
0$
#121335000
b1001101 +
1"
#121340000
0"
b100001 )
#121345000
b10011011 +
1"
#121350000
0"
#121355000
b110111 +
1"
#121360000
0"
1$
#121365000
b10000 !
b10000 ,
b1101110 +
1"
#121370000
0"
0$
#121375000
b11011100 +
1"
#121380000
0"
b100010 )
#121385000
b10111001 +
1"
#121390000
0"
#121395000
b1110010 +
1"
#121400000
0"
1$
#121405000
b1111 !
b1111 ,
b11100100 +
1"
#121410000
0"
0$
#121415000
b11001000 +
1"
#121420000
0"
b100011 )
#121425000
b10010000 +
1"
#121430000
0"
#121435000
b100000 +
1"
#121440000
0"
1$
#121445000
b1101 !
b1101 ,
b1000001 +
1"
#121450000
0"
0$
#121455000
b10000010 +
1"
#121460000
0"
b100100 )
#121465000
b101 +
1"
#121470000
0"
#121475000
b1010 +
1"
#121480000
0"
1$
#121485000
b1011 !
b1011 ,
b10101 +
1"
#121490000
0"
0$
#121495000
b101011 +
1"
#121500000
0"
b100101 )
#121505000
b1010110 +
1"
#121510000
0"
#121515000
b10101101 +
1"
#121520000
0"
1$
#121525000
b1110 !
b1110 ,
b1011011 +
1"
#121530000
0"
0$
#121535000
b10110110 +
1"
#121540000
0"
b100110 )
#121545000
b1101101 +
1"
#121550000
0"
#121555000
b11011010 +
1"
#121560000
0"
1$
#121565000
b10011 !
b10011 ,
b10110101 +
1"
#121570000
0"
0$
#121575000
b1101011 +
1"
#121580000
0"
b100111 )
#121585000
b11010110 +
1"
#121590000
0"
#121595000
b10101100 +
1"
#121600000
0"
1$
#121605000
b1101 !
b1101 ,
b1011001 +
1"
#121610000
0"
0$
#121615000
b10110010 +
1"
#121620000
0"
b101000 )
#121625000
b1100101 +
1"
#121630000
0"
#121635000
b11001011 +
1"
#121640000
0"
1$
#121645000
b100 !
b100 ,
b10010110 +
1"
#121650000
0"
0$
#121655000
b101100 +
1"
#121660000
0"
b101001 )
#121665000
b1011000 +
1"
#121670000
0"
#121675000
b10110000 +
1"
#121680000
0"
1$
#121685000
b10001 !
b10001 ,
b1100001 +
1"
#121690000
0"
0$
#121695000
b11000011 +
1"
#121700000
0"
b101010 )
#121705000
b10000111 +
1"
#121710000
0"
#121715000
b1111 +
1"
#121720000
0"
1$
#121725000
b10000 !
b10000 ,
b11111 +
1"
#121730000
0"
0$
#121735000
b111110 +
1"
#121740000
0"
b101011 )
#121745000
b1111101 +
1"
#121750000
0"
#121755000
b11111011 +
1"
#121760000
0"
1$
#121765000
b1100 !
b1100 ,
b11110110 +
1"
#121770000
0"
0$
#121775000
b11101101 +
1"
#121780000
0"
b101100 )
#121785000
b11011011 +
1"
#121790000
0"
#121795000
b10110111 +
1"
#121800000
0"
1$
#121805000
b100 !
b100 ,
b1101111 +
1"
#121810000
0"
0$
#121815000
b11011110 +
1"
#121820000
0"
b101101 )
#121825000
b10111101 +
1"
#121830000
0"
#121835000
b1111010 +
1"
#121840000
0"
1$
#121845000
b11 !
b11 ,
b11110101 +
1"
#121850000
0"
0$
#121855000
b11101011 +
1"
#121860000
0"
b101110 )
#121865000
b11010111 +
1"
#121870000
0"
#121875000
b10101110 +
1"
#121880000
0"
1$
#121885000
b1111 !
b1111 ,
b1011101 +
1"
#121890000
0"
0$
#121895000
b10111010 +
1"
#121900000
0"
b101111 )
#121905000
b1110100 +
1"
#121910000
0"
#121915000
b11101000 +
1"
#121920000
0"
1$
#121925000
b1101 !
b1101 ,
b11010001 +
1"
#121930000
0"
0$
#121935000
b10100010 +
1"
#121940000
0"
b110000 )
#121945000
b1000100 +
1"
#121950000
0"
#121955000
b10001000 +
1"
#121960000
0"
1$
#121965000
b10001 !
b10001 ,
b10000 +
1"
#121970000
0"
0$
#121975000
b100001 +
1"
#121980000
0"
b110001 )
#121985000
b1000011 +
1"
#121990000
0"
#121995000
b10000110 +
1"
#122000000
0"
1$
#122005000
b1111 !
b1111 ,
b1101 +
1"
#122010000
0"
0$
#122015000
b11011 +
1"
#122020000
0"
b110010 )
#122025000
b110110 +
1"
#122030000
0"
#122035000
b1101100 +
1"
#122040000
0"
1$
#122045000
b1001 !
b1001 ,
b11011000 +
1"
#122050000
0"
0$
#122055000
b10110001 +
1"
#122060000
0"
b110011 )
#122065000
b1100011 +
1"
#122070000
0"
#122075000
b11000111 +
1"
#122080000
0"
1$
#122085000
b10100 !
b10100 ,
b10001111 +
1"
#122090000
0"
0$
#122095000
b11110 +
1"
#122100000
0"
b110100 )
#122105000
b111100 +
1"
#122110000
0"
#122115000
b1111001 +
1"
#122120000
0"
1$
#122125000
b10 !
b10 ,
b11110011 +
1"
#122130000
0"
0$
#122135000
b11100111 +
1"
#122140000
0"
b110101 )
#122145000
b11001110 +
1"
#122150000
0"
#122155000
b10011100 +
1"
#122160000
0"
1$
#122165000
b10001 !
b10001 ,
b111001 +
1"
#122170000
0"
0$
#122175000
b1110011 +
1"
#122180000
0"
b110110 )
#122185000
b11100110 +
1"
#122190000
0"
#122195000
b11001100 +
1"
#122200000
0"
1$
#122205000
b101 !
b101 ,
b10011000 +
1"
#122210000
0"
0$
#122215000
b110001 +
1"
#122220000
0"
b110111 )
#122225000
b1100010 +
1"
#122230000
0"
#122235000
b11000101 +
1"
#122240000
0"
1$
#122245000
b10010 !
b10010 ,
b10001011 +
1"
#122250000
0"
0$
#122255000
b10110 +
1"
#122260000
0"
b111000 )
#122265000
b101101 +
1"
#122270000
0"
#122275000
b1011010 +
1"
#122280000
0"
1$
#122285000
b1011 !
b1011 ,
b10110100 +
1"
#122290000
0"
0$
#122295000
b1101001 +
1"
#122300000
0"
b111001 )
#122305000
b11010010 +
1"
#122310000
0"
#122315000
b10100100 +
1"
#122320000
0"
1$
#122325000
b101 !
b101 ,
b1001000 +
1"
#122330000
0"
0$
#122335000
b10010001 +
1"
#122340000
0"
b111010 )
#122345000
b100010 +
1"
#122350000
0"
#122355000
b1000101 +
1"
#122360000
0"
1$
#122365000
b1010 !
b1010 ,
b10001010 +
1"
#122370000
0"
0$
#122375000
b10100 +
1"
#122380000
0"
b111011 )
#122385000
b101001 +
1"
#122390000
0"
#122395000
b1010010 +
1"
#122400000
0"
1$
#122405000
b11 !
b11 ,
b10100101 +
1"
#122410000
0"
0$
#122415000
b1001010 +
1"
#122420000
0"
b111100 )
#122425000
b10010101 +
1"
#122430000
0"
#122435000
b101010 +
1"
#122440000
0"
1$
#122445000
b1010100 +
1"
#122450000
0"
0$
#122455000
b10101001 +
1"
#122460000
0"
b111101 )
#122465000
b1010011 +
1"
#122470000
0"
#122475000
b10100111 +
1"
#122480000
0"
1$
#122485000
b1000 !
b1000 ,
b1001110 +
1"
#122490000
0"
0$
#122495000
b10011101 +
1"
#122500000
0"
b111110 )
#122505000
b111011 +
1"
#122510000
0"
#122515000
b1110111 +
1"
#122520000
0"
1$
#122525000
b10100 !
b10100 ,
b11101110 +
1"
#122530000
0"
0$
#122535000
b11011101 +
1"
#122540000
0"
b111111 )
#122545000
b10111011 +
1"
#122550000
0"
#122555000
b1110110 +
1"
#122560000
0"
1$
#122565000
b10011 !
b10011 ,
b11101100 +
1"
#122570000
0"
0$
#122575000
b11011001 +
1"
#122580000
0"
b1000000 )
#122585000
b10110011 +
1"
#122590000
0"
#122595000
b1100111 +
1"
#122600000
0"
1$
#122605000
b100 !
b100 ,
b11001111 +
1"
#122610000
0"
0$
#122615000
b10011110 +
1"
#122620000
0"
b1000001 )
#122625000
b111101 +
1"
#122630000
0"
#122635000
b1111011 +
1"
#122640000
0"
1$
#122645000
b11110111 +
1"
#122650000
0"
0$
#122655000
b11101111 +
1"
#122660000
0"
b1000010 )
#122665000
b11011111 +
1"
#122670000
0"
#122675000
b10111111 +
1"
#122680000
0"
1$
#122685000
b1100 !
b1100 ,
b1111110 +
1"
#122690000
0"
0$
#122695000
b11111101 +
1"
#122700000
0"
b1000011 )
#122705000
b11111010 +
1"
#122710000
0"
#122715000
b11110100 +
1"
#122720000
0"
1$
#122725000
b101 !
b101 ,
b11101001 +
1"
#122730000
0"
0$
#122735000
b11010011 +
1"
#122740000
0"
b1000100 )
#122745000
b10100110 +
1"
#122750000
0"
#122755000
b1001100 +
1"
#122760000
0"
1$
#122765000
b10001 !
b10001 ,
b10011001 +
1"
#122770000
0"
0$
#122775000
b110011 +
1"
#122780000
0"
b1000101 )
#122785000
b1100110 +
1"
#122790000
0"
#122795000
b11001101 +
1"
#122800000
0"
1$
#122805000
b110 !
b110 ,
b10011010 +
1"
#122810000
0"
0$
#122815000
b110101 +
1"
#122820000
0"
b1000110 )
#122825000
b1101010 +
1"
#122830000
0"
#122835000
b11010100 +
1"
#122840000
0"
1$
#122845000
b1101 !
b1101 ,
b10101000 +
1"
#122850000
0"
0$
#122855000
b1010001 +
1"
#122860000
0"
b1000111 )
#122865000
b10100011 +
1"
#122870000
0"
#122875000
b1000110 +
1"
#122880000
0"
1$
#122885000
b1011 !
b1011 ,
b10001100 +
1"
#122890000
0"
0$
#122895000
b11000 +
1"
#122900000
0"
b1001000 )
#122905000
b110000 +
1"
#122910000
0"
#122915000
b1100000 +
1"
#122920000
0"
1$
#122925000
b10001 !
b10001 ,
b11000001 +
1"
#122930000
0"
0$
#122935000
b10000011 +
1"
#122940000
0"
b1001001 )
#122945000
b111 +
1"
#122950000
0"
#122955000
b1110 +
1"
#122960000
0"
1$
#122965000
b1111 !
b1111 ,
b11101 +
1"
#122970000
0"
0$
#122975000
b111010 +
1"
#122980000
0"
b1001010 )
#122985000
b1110101 +
1"
#122990000
0"
#122995000
b11101010 +
1"
#123000000
0"
1$
#123005000
b11010101 +
1"
#123010000
0"
0$
#123015000
b10101010 +
1"
#123020000
0"
b1001011 )
#123025000
b1010101 +
1"
#123030000
0"
#123035000
b10101011 +
1"
#123040000
0"
1$
#123045000
b1100 !
b1100 ,
b1010111 +
1"
#123050000
0"
0$
#123055000
b10101111 +
1"
#123060000
0"
b1001100 )
#123065000
b1011111 +
1"
#123070000
0"
#123075000
b10111110 +
1"
#123080000
0"
1$
#123085000
b1011 !
b1011 ,
b1111100 +
1"
#123090000
0"
0$
#123095000
b11111001 +
1"
#123100000
0"
b1001101 )
#123105000
b11110010 +
1"
#123110000
0"
#123115000
b11100101 +
1"
#123120000
0"
1$
#123125000
b1010 !
b1010 ,
b11001010 +
1"
#123130000
0"
0$
#123135000
b10010100 +
1"
#123140000
0"
b1001110 )
#123145000
b101000 +
1"
#123150000
0"
#123155000
b1010000 +
1"
#123160000
0"
1$
#123165000
b1 !
b1 ,
b10100001 +
1"
#123170000
0"
0$
#123175000
b1000010 +
1"
#123180000
0"
b1001111 )
#123185000
b10000100 +
1"
#123190000
0"
#123195000
b1001 +
1"
#123200000
0"
1$
#123205000
b1010 !
b1010 ,
b10011 +
1"
#123210000
0"
0$
#123215000
b100111 +
1"
#123220000
0"
b1010000 )
#123225000
b1001111 +
1"
#123230000
0"
#123235000
b10011111 +
1"
#123240000
0"
1$
#123245000
b10100 !
b10100 ,
b111111 +
1"
#123250000
0"
0$
#123255000
b1111111 +
1"
#123260000
0"
b1010001 )
#123265000
b11111111 +
1"
#123270000
0"
#123275000
b11111110 +
1"
#123280000
0"
1$
#123285000
b1111 !
b1111 ,
b11111100 +
1"
#123290000
0"
0$
#123295000
b11111000 +
1"
#123300000
0"
b1010010 )
#123305000
b11110000 +
1"
#123310000
0"
#123315000
b11100001 +
1"
#123320000
0"
1$
#123325000
b110 !
b110 ,
b11000010 +
1"
#123330000
0"
0$
#123335000
b10000101 +
1"
#123340000
0"
b1010011 )
#123345000
b1011 +
1"
#123350000
0"
#123355000
b10111 +
1"
#123360000
0"
1$
#123365000
b100 !
b100 ,
b101111 +
1"
#123370000
0"
0$
#123375000
b1011110 +
1"
#123380000
0"
b1010100 )
#123385000
b10111100 +
1"
#123390000
0"
#123395000
b1111000 +
1"
#123400000
0"
1$
#123405000
b1 !
b1 ,
b11110001 +
1"
#123410000
0"
0$
#123415000
b11100011 +
1"
#123420000
0"
b1010101 )
#123425000
b11000110 +
1"
#123430000
0"
#123435000
b10001101 +
1"
#123440000
0"
1$
#123445000
b10 !
b10 ,
b11010 +
1"
#123450000
0"
0$
#123455000
b110100 +
1"
#123460000
0"
b1010110 )
#123465000
b1101000 +
1"
#123470000
0"
#123475000
b11010000 +
1"
#123480000
0"
1$
#123485000
b1001 !
b1001 ,
b10100000 +
1"
#123490000
0"
0$
#123495000
b1000000 +
1"
#123500000
0"
b1010111 )
#123505000
b10000000 +
1"
#123510000
0"
#123515000
b1 +
1"
#123520000
0"
1$
#123525000
b10 !
b10 ,
b10 +
1"
#123530000
0"
0$
#123535000
b100 +
1"
#123540000
0"
b1011000 )
#123545000
b1000 +
1"
#123550000
0"
#123555000
b10001 +
1"
#123560000
0"
1$
#123565000
b10010 !
b10010 ,
b100011 +
1"
#123570000
0"
0$
#123575000
b1000111 +
1"
#123580000
0"
b1011001 )
#123585000
b10001110 +
1"
#123590000
0"
#123595000
b11100 +
1"
#123600000
0"
1$
#123605000
b1001 !
b1001 ,
b111000 +
1"
#123610000
0"
0$
#123615000
b1110001 +
1"
#123620000
0"
b1011010 )
#123625000
b11100010 +
1"
#123630000
0"
#123635000
b11000100 +
1"
#123640000
0"
1$
#123645000
b10001 !
b10001 ,
b10001001 +
1"
#123650000
0"
0$
#123655000
b10010 +
1"
#123660000
0"
b1011011 )
#123665000
b100101 +
1"
#123670000
0"
#123675000
b1001011 +
1"
#123680000
0"
1$
#123685000
b10000 !
b10000 ,
b10010111 +
1"
#123690000
0"
0$
#123695000
b101110 +
1"
#123700000
0"
b1011100 )
#123705000
b1011100 +
1"
#123710000
0"
#123715000
b10111000 +
1"
#123720000
0"
1$
#123725000
b101 !
b101 ,
b1110000 +
1"
#123730000
0"
0$
#123735000
b11100000 +
1"
#123740000
0"
b1011101 )
#123745000
b11000000 +
1"
#123750000
0"
#123755000
b10000001 +
1"
#123760000
0"
1$
#123765000
b1010 !
b1010 ,
b11 +
1"
#123770000
0"
0$
#123775000
b110 +
1"
#123780000
0"
b1011110 )
#123785000
b1100 +
1"
#123790000
0"
#123795000
b11001 +
1"
#123800000
0"
1$
#123805000
b110 !
b110 ,
b110010 +
1"
#123810000
0"
0$
#123815000
b1100100 +
1"
#123820000
0"
b1011111 )
#123825000
b11001001 +
1"
#123830000
0"
#123835000
b10010010 +
1"
#123840000
0"
1$
#123845000
b111 !
b111 ,
b100100 +
1"
#123850000
0"
0$
#123855000
b1001001 +
1"
#123860000
0"
b1100000 )
#123865000
b10010011 +
1"
#123870000
0"
#123875000
b100110 +
1"
#123880000
0"
1$
#123885000
b10011 !
b10011 ,
b1001101 +
1"
#123890000
0"
0$
#123895000
b10011011 +
1"
#123900000
0"
b1100001 )
#123905000
b110111 +
1"
#123910000
0"
#123915000
b1101110 +
1"
#123920000
0"
1$
#123925000
b1011 !
b1011 ,
b11011100 +
1"
#123930000
0"
0$
#123935000
b10111001 +
1"
#123940000
0"
b1100010 )
#123945000
b1110010 +
1"
#123950000
0"
#123955000
b11100100 +
1"
#123960000
0"
1$
#123965000
b1001 !
b1001 ,
b11001000 +
1"
#123970000
0"
0$
#123975000
b10010000 +
1"
#123980000
0"
b1100011 )
#123985000
b100000 +
1"
#123990000
0"
#123995000
b1000001 +
1"
#124000000
0"
1$
#124005000
b110 !
b110 ,
b10000010 +
1"
#124010000
0"
0$
#124015000
b101 +
1"
#124020000
0"
b1100100 )
#124025000
b1010 +
1"
#124030000
0"
#124035000
b10101 +
1"
#124040000
0"
1$
#124045000
b10 !
b10 ,
b101011 +
1"
#124050000
0"
0$
#124055000
b1010110 +
1"
#124060000
0"
b1100101 )
#124065000
b10101101 +
1"
#124070000
0"
#124075000
b1011011 +
1"
#124080000
0"
1$
#124085000
b1100 !
b1100 ,
b10110110 +
1"
#124090000
0"
0$
#124095000
b1101101 +
1"
#124100000
0"
b1100110 )
#124105000
b11011010 +
1"
#124110000
0"
#124115000
b10110101 +
1"
#124120000
0"
1$
#124125000
b10 !
b10 ,
b1101011 +
1"
#124130000
0"
0$
#124135000
b11010110 +
1"
#124140000
0"
b1100111 )
#124145000
b10101100 +
1"
#124150000
0"
#124155000
b1011001 +
1"
#124160000
0"
1$
#124165000
b1010 !
b1010 ,
b10110010 +
1"
#124170000
0"
0$
#124175000
b1100101 +
1"
#124180000
0"
b1101000 )
#124185000
b11001011 +
1"
#124190000
0"
#124195000
b10010110 +
1"
#124200000
0"
1$
#124205000
b1011 !
b1011 ,
b101100 +
1"
#124210000
0"
0$
#124215000
b1011000 +
1"
#124220000
0"
b1101001 )
#124225000
b10110000 +
1"
#124230000
0"
#124235000
b1100001 +
1"
#124240000
0"
1$
#124245000
b10010 !
b10010 ,
b11000011 +
1"
#124250000
0"
0$
#124255000
b10000111 +
1"
#124260000
0"
b1101010 )
#124265000
b1111 +
1"
#124270000
0"
#124275000
b11111 +
1"
#124280000
0"
1$
#124285000
b1100 !
b1100 ,
b111110 +
1"
#124290000
0"
0$
#124295000
b1111101 +
1"
#124300000
0"
b1101011 )
#124305000
b11111011 +
1"
#124310000
0"
#124315000
b11110110 +
1"
#124320000
0"
1$
#124325000
b111 !
b111 ,
b11101101 +
1"
#124330000
0"
0$
#124335000
b11011011 +
1"
#124340000
0"
b1101100 )
#124345000
b10110111 +
1"
#124350000
0"
#124355000
b1101111 +
1"
#124360000
0"
1$
#124365000
b1100 !
b1100 ,
b11011110 +
1"
#124370000
0"
0$
#124375000
b10111101 +
1"
#124380000
0"
b1101101 )
#124385000
b1111010 +
1"
#124390000
0"
#124395000
b11110101 +
1"
#124400000
0"
1$
#124405000
b110 !
b110 ,
b11101011 +
1"
#124410000
0"
0$
#124415000
b11010111 +
1"
#124420000
0"
b1101110 )
#124425000
b10101110 +
1"
#124430000
0"
#124435000
b1011101 +
1"
#124440000
0"
1$
#124445000
b1110 !
b1110 ,
b10111010 +
1"
#124450000
0"
0$
#124455000
b1110100 +
1"
#124460000
0"
b1101111 )
#124465000
b11101000 +
1"
#124470000
0"
#124475000
b11010001 +
1"
#124480000
0"
1$
#124485000
b1010 !
b1010 ,
b10100010 +
1"
#124490000
0"
0$
#124495000
b1000100 +
1"
#124500000
0"
b1110000 )
#124505000
b10001000 +
1"
#124510000
0"
#124515000
b10000 +
1"
#124520000
0"
1$
#124525000
b10001 !
b10001 ,
b100001 +
1"
#124530000
0"
0$
#124535000
b1000011 +
1"
#124540000
0"
b1110001 )
#124545000
b10000110 +
1"
#124550000
0"
#124555000
b1101 +
1"
#124560000
0"
1$
#124565000
b1110 !
b1110 ,
b11011 +
1"
#124570000
0"
0$
#124575000
b110110 +
1"
#124580000
0"
b1110010 )
#124585000
b1101100 +
1"
#124590000
0"
#124595000
b11011000 +
1"
#124600000
0"
1$
#124605000
b10001 !
b10001 ,
b10110001 +
1"
#124610000
0"
0$
#124615000
b1100011 +
1"
#124620000
0"
b1110011 )
#124625000
b11000111 +
1"
#124630000
0"
#124635000
b10001111 +
1"
#124640000
0"
1$
#124645000
b100 !
b100 ,
b11110 +
1"
#124650000
0"
0$
#124655000
b111100 +
1"
#124660000
0"
b1110100 )
#124665000
b1111001 +
1"
#124670000
0"
#124675000
b11110011 +
1"
#124680000
0"
1$
#124685000
b11100111 +
1"
#124690000
0"
0$
#124695000
b11001110 +
1"
#124700000
0"
b1110101 )
#124705000
b10011100 +
1"
#124710000
0"
#124715000
b111001 +
1"
#124720000
0"
1$
#124725000
b10010 !
b10010 ,
b1110011 +
1"
#124730000
0"
0$
#124735000
b11100110 +
1"
#124740000
0"
b1110110 )
#124745000
b11001100 +
1"
#124750000
0"
#124755000
b10011000 +
1"
#124760000
0"
1$
#124765000
b1101 !
b1101 ,
b110001 +
1"
#124770000
0"
0$
#124775000
b1100010 +
1"
#124780000
0"
b1110111 )
#124785000
b11000101 +
1"
#124790000
0"
#124795000
b10001011 +
1"
#124800000
0"
1$
#124805000
b10100 !
b10100 ,
b10110 +
1"
#124810000
0"
0$
#124815000
b101101 +
1"
#124820000
0"
b1111000 )
#124825000
b1011010 +
1"
#124830000
0"
#124835000
b10110100 +
1"
#124840000
0"
1$
#124845000
b1 !
b1 ,
b1101001 +
1"
#124850000
0"
0$
#124855000
b11010010 +
1"
#124860000
0"
b1111001 )
#124865000
b10100100 +
1"
#124870000
0"
#124875000
b1001000 +
1"
#124880000
0"
1$
#124885000
b1101 !
b1101 ,
b10010001 +
1"
#124890000
0"
0$
#124895000
b100010 +
1"
#124900000
0"
b1111010 )
#124905000
b1000101 +
1"
#124910000
0"
#124915000
b10001010 +
1"
#124920000
0"
1$
#124925000
b10011 !
b10011 ,
b10100 +
1"
#124930000
0"
0$
#124935000
b101001 +
1"
#124940000
0"
b1111011 )
#124945000
b1010010 +
1"
#124950000
0"
#124955000
b10100101 +
1"
#124960000
0"
1$
#124965000
b110 !
b110 ,
b1001010 +
1"
#124970000
0"
0$
#124975000
b10010101 +
1"
#124980000
0"
b1111100 )
#124985000
b101010 +
1"
#124990000
0"
#124995000
b1010100 +
1"
#125000000
0"
1$
#125005000
b101 !
b101 ,
b10101001 +
1"
#125010000
0"
0$
#125015000
b1010011 +
1"
#125020000
0"
b1111101 )
#125025000
b10100111 +
1"
#125030000
0"
#125035000
b1001110 +
1"
#125040000
0"
1$
#125045000
b10011 !
b10011 ,
b10011101 +
1"
#125050000
0"
0$
#125055000
b111011 +
1"
#125060000
0"
b1111110 )
#125065000
b1110111 +
1"
#125070000
0"
#125075000
b11101110 +
1"
#125080000
0"
1$
#125085000
b11011101 +
1"
#125090000
0"
0$
#125095000
b10111011 +
1"
#125100000
0"
b1111111 )
#125105000
b1110110 +
1"
#125110000
0"
#125115000
b11101100 +
1"
#125120000
0"
1$
#125125000
b10001 !
b10001 ,
b11011001 +
1"
#125130000
0"
0$
#125135000
b10110011 +
1"
#125140000
0"
b10000000 )
#125145000
b1100111 +
1"
#125150000
0"
#125155000
b11001111 +
1"
#125160000
0"
1$
#125165000
b1000 !
b1000 ,
b10011110 +
1"
#125170000
0"
0$
#125175000
b111101 +
1"
#125180000
0"
b10000001 )
#125185000
b1111011 +
1"
#125190000
0"
#125195000
b11110111 +
1"
#125200000
0"
1$
#125205000
b11101111 +
1"
#125210000
0"
0$
#125215000
b11011111 +
1"
#125220000
0"
b10000010 )
#125225000
b10111111 +
1"
#125230000
0"
#125235000
b1111110 +
1"
#125240000
0"
1$
#125245000
b111 !
b111 ,
b11111101 +
1"
#125250000
0"
0$
#125255000
b11111010 +
1"
#125260000
0"
b10000011 )
#125265000
b11110100 +
1"
#125270000
0"
#125275000
b11101001 +
1"
#125280000
0"
1$
#125285000
b1110 !
b1110 ,
b11010011 +
1"
#125290000
0"
0$
#125295000
b10100110 +
1"
#125300000
0"
b10000100 )
#125305000
b1001100 +
1"
#125310000
0"
#125315000
b10011001 +
1"
#125320000
0"
1$
#125325000
b110011 +
1"
#125330000
0"
0$
#125335000
b1100110 +
1"
#125340000
0"
b10000101 )
#125345000
b11001101 +
1"
#125350000
0"
#125355000
b10011010 +
1"
#125360000
0"
1$
#125365000
b1111 !
b1111 ,
b110101 +
1"
#125370000
0"
0$
#125375000
b1101010 +
1"
#125380000
0"
b10000110 )
#125385000
b11010100 +
1"
#125390000
0"
#125395000
b10101000 +
1"
#125400000
0"
1$
#125405000
b1001 !
b1001 ,
b1010001 +
1"
#125410000
0"
0$
#125415000
b10100011 +
1"
#125420000
0"
b10000111 )
#125425000
b1000110 +
1"
#125430000
0"
#125435000
b10001100 +
1"
#125440000
0"
1$
#125445000
b1 !
b1 ,
b11000 +
1"
#125450000
0"
0$
#125455000
b110000 +
1"
#125460000
0"
b10001000 )
#125465000
b1100000 +
1"
#125470000
0"
#125475000
b11000001 +
1"
#125480000
0"
1$
#125485000
b1110 !
b1110 ,
b10000011 +
1"
#125490000
0"
0$
#125495000
b111 +
1"
#125500000
0"
b10001001 )
#125505000
b1110 +
1"
#125510000
0"
#125515000
b11101 +
1"
#125520000
0"
1$
#125525000
b1010 !
b1010 ,
b111010 +
1"
#125530000
0"
0$
#125535000
b1110101 +
1"
#125540000
0"
b10001010 )
#125545000
b11101010 +
1"
#125550000
0"
#125555000
b11010101 +
1"
#125560000
0"
1$
#125565000
b1110 !
b1110 ,
b10101010 +
1"
#125570000
0"
0$
#125575000
b1010101 +
1"
#125580000
0"
b10001011 )
#125585000
b10101011 +
1"
#125590000
0"
#125595000
b1010111 +
1"
#125600000
0"
1$
#125605000
b1000 !
b1000 ,
b10101111 +
1"
#125610000
0"
0$
#125615000
b1011111 +
1"
#125620000
0"
b10001100 )
#125625000
b10111110 +
1"
#125630000
0"
#125635000
b1111100 +
1"
#125640000
0"
1$
#125645000
b101 !
b101 ,
b11111001 +
1"
#125650000
0"
0$
#125655000
b11110010 +
1"
#125660000
0"
b10001101 )
#125665000
b11100101 +
1"
#125670000
0"
#125675000
b11001010 +
1"
#125680000
0"
1$
#125685000
b11 !
b11 ,
b10010100 +
1"
#125690000
0"
0$
#125695000
b101000 +
1"
#125700000
0"
b10001110 )
#125705000
b1010000 +
1"
#125710000
0"
#125715000
b10100001 +
1"
#125720000
0"
1$
#125725000
b10 !
b10 ,
b1000010 +
1"
#125730000
0"
0$
#125735000
b10000100 +
1"
#125740000
0"
b10001111 )
#125745000
b1001 +
1"
#125750000
0"
#125755000
b10011 +
1"
#125760000
0"
1$
#125765000
b10100 !
b10100 ,
b100111 +
1"
#125770000
0"
0$
#125775000
b1001111 +
1"
#125780000
0"
b10010000 )
#125785000
b10011111 +
1"
#125790000
0"
#125795000
b111111 +
1"
#125800000
0"
1$
#125805000
b100 !
b100 ,
b1111111 +
1"
#125810000
0"
0$
#125815000
b11111111 +
1"
#125820000
0"
b10010001 )
#125825000
b11111110 +
1"
#125830000
0"
#125835000
b11111100 +
1"
#125840000
0"
1$
#125845000
b1101 !
b1101 ,
b11111000 +
1"
#125850000
0"
0$
#125855000
b11110000 +
1"
#125860000
0"
b10010010 )
#125865000
b11100001 +
1"
#125870000
0"
#125875000
b11000010 +
1"
#125880000
0"
1$
#125885000
b1111 !
b1111 ,
b10000101 +
1"
#125890000
0"
0$
#125895000
b1011 +
1"
#125900000
0"
b10010011 )
#125905000
b10111 +
1"
#125910000
0"
#125915000
b101111 +
1"
#125920000
0"
1$
#125925000
b1000 !
b1000 ,
b1011110 +
1"
#125930000
0"
0$
#125935000
b10111100 +
1"
#125940000
0"
b10010100 )
#125945000
b1111000 +
1"
#125950000
0"
#125955000
b11110001 +
1"
#125960000
0"
1$
#125965000
b10 !
b10 ,
b11100011 +
1"
#125970000
0"
0$
#125975000
b11000110 +
1"
#125980000
0"
b10010101 )
#125985000
b10001101 +
1"
#125990000
0"
#125995000
b11010 +
1"
#126000000
0"
1$
#126005000
b111 !
b111 ,
b110100 +
1"
#126010000
0"
0$
#126015000
b1101000 +
1"
#126020000
0"
b10010110 )
#126025000
b11010000 +
1"
#126030000
0"
#126035000
b10100000 +
1"
#126040000
0"
1$
#126045000
b1 !
b1 ,
b1000000 +
1"
#126050000
0"
0$
#126055000
b10000000 +
1"
#126060000
0"
b10010111 )
#126065000
b1 +
1"
#126070000
0"
#126075000
b10 +
1"
#126080000
0"
1$
#126085000
b11 !
b11 ,
b100 +
1"
#126090000
0"
0$
#126095000
b1000 +
1"
#126100000
0"
b10011000 )
#126105000
b10001 +
1"
#126110000
0"
#126115000
b100011 +
1"
#126120000
0"
1$
#126125000
b10000 !
b10000 ,
b1000111 +
1"
#126130000
0"
0$
#126135000
b10001110 +
1"
#126140000
0"
b10011001 )
#126145000
b11100 +
1"
#126150000
0"
#126155000
b111000 +
1"
#126160000
0"
1$
#126165000
b10001 !
b10001 ,
b1110001 +
1"
#126170000
0"
0$
#126175000
b11100010 +
1"
#126180000
0"
b10011010 )
#126185000
b11000100 +
1"
#126190000
0"
#126195000
b10001001 +
1"
#126200000
0"
1$
#126205000
b10010 !
b10010 ,
b10010 +
1"
#126210000
0"
0$
#126215000
b100101 +
1"
#126220000
0"
b10011011 )
#126225000
b1001011 +
1"
#126230000
0"
#126235000
b10010111 +
1"
#126240000
0"
1$
#126245000
b1100 !
b1100 ,
b101110 +
1"
#126250000
0"
0$
#126255000
b1011100 +
1"
#126260000
0"
b10011100 )
#126265000
b10111000 +
1"
#126270000
0"
#126275000
b1110000 +
1"
#126280000
0"
1$
#126285000
b1101 !
b1101 ,
b11100000 +
1"
#126290000
0"
0$
#126295000
b11000000 +
1"
#126300000
0"
b10011101 )
#126305000
b10000001 +
1"
#126310000
0"
#126315000
b11 +
1"
#126320000
0"
1$
#126325000
b100 !
b100 ,
b110 +
1"
#126330000
0"
0$
#126335000
b1100 +
1"
#126340000
0"
b10011110 )
#126345000
b11001 +
1"
#126350000
0"
#126355000
b110010 +
1"
#126360000
0"
1$
#126365000
b1011 !
b1011 ,
b1100100 +
1"
#126370000
0"
0$
#126375000
b11001001 +
1"
#126380000
0"
b10011111 )
#126385000
b10010010 +
1"
#126390000
0"
#126395000
b100100 +
1"
#126400000
0"
1$
#126405000
b10001 !
b10001 ,
b1001001 +
1"
#126410000
0"
0$
#126415000
b10010011 +
1"
#126420000
0"
b10100000 )
#126425000
b100110 +
1"
#126430000
0"
#126435000
b1001101 +
1"
#126440000
0"
1$
#126445000
b10010 !
b10010 ,
b10011011 +
1"
#126450000
0"
0$
#126455000
b110111 +
1"
#126460000
0"
b10100001 )
#126465000
b1101110 +
1"
#126470000
0"
#126475000
b11011100 +
1"
#126480000
0"
1$
#126485000
b1 !
b1 ,
b10111001 +
1"
#126490000
0"
0$
#126495000
b1110010 +
1"
#126500000
0"
b10100010 )
#126505000
b11100100 +
1"
#126510000
0"
#126515000
b11001000 +
1"
#126520000
0"
1$
#126525000
b10010000 +
1"
#126530000
0"
0$
#126535000
b100000 +
1"
#126540000
0"
b10100011 )
#126545000
b1000001 +
1"
#126550000
0"
#126555000
b10000010 +
1"
#126560000
0"
1$
#126565000
b1011 !
b1011 ,
b101 +
1"
#126570000
0"
0$
#126575000
b1010 +
1"
#126580000
0"
b10100100 )
#126585000
b10101 +
1"
#126590000
0"
#126595000
b101011 +
1"
#126600000
0"
1$
#126605000
b100 !
b100 ,
b1010110 +
1"
#126610000
0"
0$
#126615000
b10101101 +
1"
#126620000
0"
b10100101 )
#126625000
b1011011 +
1"
#126630000
0"
#126635000
b10110110 +
1"
#126640000
0"
1$
#126645000
b11 !
b11 ,
b1101101 +
1"
#126650000
0"
0$
#126655000
b11011010 +
1"
#126660000
0"
b10100110 )
#126665000
b10110101 +
1"
#126670000
0"
#126675000
b1101011 +
1"
#126680000
0"
1$
#126685000
b1000 !
b1000 ,
b11010110 +
1"
#126690000
0"
0$
#126695000
b10101100 +
1"
#126700000
0"
b10100111 )
#126705000
b1011001 +
1"
#126710000
0"
#126715000
b10110010 +
1"
#126720000
0"
1$
#126725000
b10011 !
b10011 ,
b1100101 +
1"
#126730000
0"
0$
#126735000
b11001011 +
1"
#126740000
0"
b10101000 )
#126745000
b10010110 +
1"
#126750000
0"
#126755000
b101100 +
1"
#126760000
0"
1$
#126765000
b101 !
b101 ,
b1011000 +
1"
#126770000
0"
0$
#126775000
b10110000 +
1"
#126780000
0"
b10101001 )
#126785000
b1100001 +
1"
#126790000
0"
#126795000
b11000011 +
1"
#126800000
0"
1$
#126805000
b10000 !
b10000 ,
b10000111 +
1"
#126810000
0"
0$
#126815000
b1111 +
1"
#126820000
0"
b10101010 )
#126825000
b11111 +
1"
#126830000
0"
#126835000
b111110 +
1"
#126840000
0"
1$
#126845000
b11 !
b11 ,
b1111101 +
1"
#126850000
0"
0$
#126855000
b11111011 +
1"
#126860000
0"
b10101011 )
#126865000
b11110110 +
1"
#126870000
0"
#126875000
b11101101 +
1"
#126880000
0"
1$
#126885000
b10010 !
b10010 ,
b11011011 +
1"
#126890000
0"
0$
#126895000
b10110111 +
1"
#126900000
0"
b10101100 )
#126905000
b1101111 +
1"
#126910000
0"
#126915000
b11011110 +
1"
#126920000
0"
1$
#126925000
b11 !
b11 ,
b10111101 +
1"
#126930000
0"
0$
#126935000
b1111010 +
1"
#126940000
0"
b10101101 )
#126945000
b11110101 +
1"
#126950000
0"
#126955000
b11101011 +
1"
#126960000
0"
1$
#126965000
b10000 !
b10000 ,
b11010111 +
1"
#126970000
0"
0$
#126975000
b10101110 +
1"
#126980000
0"
b10101110 )
#126985000
b1011101 +
1"
#126990000
0"
#126995000
b10111010 +
1"
#127000000
0"
1$
#127005000
b111 !
b111 ,
b1110100 +
1"
#127010000
0"
0$
#127015000
b11101000 +
1"
#127020000
0"
b10101111 )
#127025000
b11010001 +
1"
#127030000
0"
#127035000
b10100010 +
1"
#127040000
0"
1$
#127045000
b11 !
b11 ,
b1000100 +
1"
#127050000
0"
0$
#127055000
b10001000 +
1"
#127060000
0"
b10110000 )
#127065000
b10000 +
1"
#127070000
0"
#127075000
b100001 +
1"
#127080000
0"
1$
#127085000
b1110 !
b1110 ,
b1000011 +
1"
#127090000
0"
0$
#127095000
b10000110 +
1"
#127100000
0"
b10110001 )
#127105000
b1101 +
1"
#127110000
0"
#127115000
b11011 +
1"
#127120000
0"
1$
#127125000
b1000 !
b1000 ,
b110110 +
1"
#127130000
0"
0$
#127135000
b1101100 +
1"
#127140000
0"
b10110010 )
#127145000
b11011000 +
1"
#127150000
0"
#127155000
b10110001 +
1"
#127160000
0"
1$
#127165000
b10010 !
b10010 ,
b1100011 +
1"
#127170000
0"
0$
#127175000
b11000111 +
1"
#127180000
0"
b10110011 )
#127185000
b10001111 +
1"
#127190000
0"
#127195000
b11110 +
1"
#127200000
0"
1$
#127205000
b1011 !
b1011 ,
b111100 +
1"
#127210000
0"
0$
#127215000
b1111001 +
1"
#127220000
0"
b10110100 )
#127225000
b11110011 +
1"
#127230000
0"
#127235000
b11100111 +
1"
#127240000
0"
1$
#127245000
b1100 !
b1100 ,
b11001110 +
1"
#127250000
0"
0$
#127255000
b10011100 +
1"
#127260000
0"
b10110101 )
#127265000
b111001 +
1"
#127270000
0"
#127275000
b1110011 +
1"
#127280000
0"
1$
#127285000
b10000 !
b10000 ,
b11100110 +
1"
#127290000
0"
0$
#127295000
b11001100 +
1"
#127300000
0"
b10110110 )
#127305000
b10011000 +
1"
#127310000
0"
#127315000
b110001 +
1"
#127320000
0"
1$
#127325000
b1010 !
b1010 ,
b1100010 +
1"
#127330000
0"
0$
#127335000
b11000101 +
1"
#127340000
0"
b10110111 )
#127345000
b10001011 +
1"
#127350000
0"
#127355000
b10110 +
1"
#127360000
0"
1$
#127365000
b11 !
b11 ,
b101101 +
1"
#127370000
0"
0$
#127375000
b1011010 +
1"
#127380000
0"
b10111000 )
#127385000
b10110100 +
1"
#127390000
0"
#127395000
b1101001 +
1"
#127400000
0"
1$
#127405000
b110 !
b110 ,
b11010010 +
1"
#127410000
0"
0$
#127415000
b10100100 +
1"
#127420000
0"
b10111001 )
#127425000
b1001000 +
1"
#127430000
0"
#127435000
b10010001 +
1"
#127440000
0"
1$
#127445000
b100010 +
1"
#127450000
0"
0$
#127455000
b1000101 +
1"
#127460000
0"
b10111010 )
#127465000
b10001010 +
1"
#127470000
0"
#127475000
b10100 +
1"
#127480000
0"
1$
#127485000
b1 !
b1 ,
b101001 +
1"
#127490000
0"
0$
#127495000
b1010010 +
1"
#127500000
0"
b10111011 )
#127505000
b10100101 +
1"
#127510000
0"
#127515000
b1001010 +
1"
#127520000
0"
1$
#127525000
b1111 !
b1111 ,
b10010101 +
1"
#127530000
0"
0$
#127535000
b101010 +
1"
#127540000
0"
b10111100 )
#127545000
b1010100 +
1"
#127550000
0"
#127555000
b10101001 +
1"
#127560000
0"
1$
#127565000
b1010 !
b1010 ,
b1010011 +
1"
#127570000
0"
0$
#127575000
b10100111 +
1"
#127580000
0"
b10111101 )
#127585000
b1001110 +
1"
#127590000
0"
#127595000
b10011101 +
1"
#127600000
0"
1$
#127605000
b10010 !
b10010 ,
b111011 +
1"
#127610000
0"
0$
#127615000
b1110111 +
1"
#127620000
0"
b10111110 )
#127625000
b11101110 +
1"
#127630000
0"
#127635000
b11011101 +
1"
#127640000
0"
1$
#127645000
b10 !
b10 ,
b10111011 +
1"
#127650000
0"
0$
#127655000
b1110110 +
1"
#127660000
0"
b10111111 )
#127665000
b11101100 +
1"
#127670000
0"
#127675000
b11011001 +
1"
#127680000
0"
1$
#127685000
b10010 !
b10010 ,
b10110011 +
1"
#127690000
0"
0$
#127695000
b1100111 +
1"
#127700000
0"
b11000000 )
#127705000
b11001111 +
1"
#127710000
0"
#127715000
b10011110 +
1"
#127720000
0"
1$
#127725000
b10011 !
b10011 ,
b111101 +
1"
#127730000
0"
0$
#127735000
b1111011 +
1"
#127740000
0"
b11000001 )
#127745000
b11110111 +
1"
#127750000
0"
#127755000
b11101111 +
1"
#127760000
0"
1$
#127765000
b10100 !
b10100 ,
b11011111 +
1"
#127770000
0"
0$
#127775000
b10111111 +
1"
#127780000
0"
b11000010 )
#127785000
b1111110 +
1"
#127790000
0"
#127795000
b11111101 +
1"
#127800000
0"
1$
#127805000
b1110 !
b1110 ,
b11111010 +
1"
#127810000
0"
0$
#127815000
b11110100 +
1"
#127820000
0"
b11000011 )
#127825000
b11101001 +
1"
#127830000
0"
#127835000
b11010011 +
1"
#127840000
0"
1$
#127845000
b1100 !
b1100 ,
b10100110 +
1"
#127850000
0"
0$
#127855000
b1001100 +
1"
#127860000
0"
b11000100 )
#127865000
b10011001 +
1"
#127870000
0"
#127875000
b110011 +
1"
#127880000
0"
1$
#127885000
b1100110 +
1"
#127890000
0"
0$
#127895000
b11001101 +
1"
#127900000
0"
b11000101 )
#127905000
b10011010 +
1"
#127910000
0"
#127915000
b110101 +
1"
#127920000
0"
1$
#127925000
b1110 !
b1110 ,
b1101010 +
1"
#127930000
0"
0$
#127935000
b11010100 +
1"
#127940000
0"
b11000110 )
#127945000
b10101000 +
1"
#127950000
0"
#127955000
b1010001 +
1"
#127960000
0"
1$
#127965000
b10 !
b10 ,
b10100011 +
1"
#127970000
0"
0$
#127975000
b1000110 +
1"
#127980000
0"
b11000111 )
#127985000
b10001100 +
1"
#127990000
0"
#127995000
b11000 +
1"
#128000000
0"
1$
#128005000
b101 !
b101 ,
b110000 +
1"
#128010000
0"
0$
#128015000
b1100000 +
1"
#128020000
0"
b11001000 )
#128025000
b11000001 +
1"
#128030000
0"
#128035000
b10000011 +
1"
#128040000
0"
1$
#128045000
b1100 !
b1100 ,
b111 +
1"
#128050000
0"
0$
#128055000
b1110 +
1"
#128060000
0"
b11001001 )
#128065000
b11101 +
1"
#128070000
0"
#128075000
b111010 +
1"
#128080000
0"
1$
#128085000
b10011 !
b10011 ,
b1110101 +
1"
#128090000
0"
0$
#128095000
b11101010 +
1"
#128100000
0"
b11001010 )
#128105000
b11010101 +
1"
#128110000
0"
#128115000
b10101010 +
1"
#128120000
0"
1$
#128125000
b1011 !
b1011 ,
b1010101 +
1"
#128130000
0"
0$
#128135000
b10101011 +
1"
#128140000
0"
b11001011 )
#128145000
b1010111 +
1"
#128150000
0"
#128155000
b10101111 +
1"
#128160000
0"
1$
#128165000
b10000 !
b10000 ,
b1011111 +
1"
#128170000
0"
0$
#128175000
b10111110 +
1"
#128180000
0"
b11001100 )
#128185000
b1111100 +
1"
#128190000
0"
#128195000
b11111001 +
1"
#128200000
0"
1$
#128205000
b1010 !
b1010 ,
b11110010 +
1"
#128210000
0"
0$
#128215000
b11100101 +
1"
#128220000
0"
b11001101 )
#128225000
b11001010 +
1"
#128230000
0"
#128235000
b10010100 +
1"
#128240000
0"
1$
#128245000
b1001 !
b1001 ,
b101000 +
1"
#128250000
0"
0$
#128255000
b1010000 +
1"
#128260000
0"
b11001110 )
#128265000
b10100001 +
1"
#128270000
0"
#128275000
b1000010 +
1"
#128280000
0"
1$
#128285000
b111 !
b111 ,
b10000100 +
1"
#128290000
0"
0$
#128295000
b1001 +
1"
#128300000
0"
b11001111 )
#128305000
b10011 +
1"
#128310000
0"
#128315000
b100111 +
1"
#128320000
0"
1$
#128325000
b10100 !
b10100 ,
b1001111 +
1"
#128330000
0"
0$
#128335000
b10011111 +
1"
#128340000
0"
b11010000 )
#128345000
b111111 +
1"
#128350000
0"
#128355000
b1111111 +
1"
#128360000
0"
1$
#128365000
b1000 !
b1000 ,
b11111111 +
1"
#128370000
0"
0$
#128375000
b11111110 +
1"
#128380000
0"
b11010001 )
#128385000
b11111100 +
1"
#128390000
0"
#128395000
b11111000 +
1"
#128400000
0"
1$
#128405000
b1001 !
b1001 ,
b11110000 +
1"
#128410000
0"
0$
#128415000
b11100001 +
1"
#128420000
0"
b11010010 )
#128425000
b11000010 +
1"
#128430000
0"
#128435000
b10000101 +
1"
#128440000
0"
1$
#128445000
b1110 !
b1110 ,
b1011 +
1"
#128450000
0"
0$
#128455000
b10111 +
1"
#128460000
0"
b11010011 )
#128465000
b101111 +
1"
#128470000
0"
#128475000
b1011110 +
1"
#128480000
0"
1$
#128485000
b1111 !
b1111 ,
b10111100 +
1"
#128490000
0"
0$
#128495000
b1111000 +
1"
#128500000
0"
b11010100 )
#128505000
b11110001 +
1"
#128510000
0"
#128515000
b11100011 +
1"
#128520000
0"
1$
#128525000
b1000 !
b1000 ,
b11000110 +
1"
#128530000
0"
0$
#128535000
b10001101 +
1"
#128540000
0"
b11010101 )
#128545000
b11010 +
1"
#128550000
0"
#128555000
b110100 +
1"
#128560000
0"
1$
#128565000
b1101 !
b1101 ,
b1101000 +
1"
#128570000
0"
0$
#128575000
b11010000 +
1"
#128580000
0"
b11010110 )
#128585000
b10100000 +
1"
#128590000
0"
#128595000
b1000000 +
1"
#128600000
0"
1$
#128605000
b101 !
b101 ,
b10000000 +
1"
#128610000
0"
0$
#128615000
b1 +
1"
#128620000
0"
b11010111 )
#128625000
b10 +
1"
#128630000
0"
#128635000
b100 +
1"
#128640000
0"
1$
#128645000
b1000 +
1"
#128650000
0"
0$
#128655000
b10001 +
1"
#128660000
0"
b11011000 )
#128665000
b100011 +
1"
#128670000
0"
#128675000
b1000111 +
1"
#128680000
0"
1$
#128685000
b1100 !
b1100 ,
b10001110 +
1"
#128690000
0"
0$
#128695000
b11100 +
1"
#128700000
0"
b11011001 )
#128705000
b111000 +
1"
#128710000
0"
#128715000
b1110001 +
1"
#128720000
0"
1$
#128725000
b1110 !
b1110 ,
b11100010 +
1"
#128730000
0"
0$
#128735000
b11000100 +
1"
#128740000
0"
b11011010 )
#128745000
b10001001 +
1"
#128750000
0"
#128755000
b10010 +
1"
#128760000
0"
1$
#128765000
b10011 !
b10011 ,
b100101 +
1"
#128770000
0"
0$
#128775000
b1001011 +
1"
#128780000
0"
b11011011 )
#128785000
b10010111 +
1"
#128790000
0"
#128795000
b101110 +
1"
#128800000
0"
1$
#128805000
b111 !
b111 ,
b1011100 +
1"
#128810000
0"
0$
#128815000
b10111000 +
1"
#128820000
0"
b11011100 )
#128825000
b1110000 +
1"
#128830000
0"
#128835000
b11100000 +
1"
#128840000
0"
1$
#128845000
b101 !
b101 ,
b11000000 +
1"
#128850000
0"
0$
#128855000
b10000001 +
1"
#128860000
0"
b11011101 )
#128865000
b11 +
1"
#128870000
0"
#128875000
b110 +
1"
#128880000
0"
1$
#128885000
b111 !
b111 ,
b1100 +
1"
#128890000
0"
0$
#128895000
b11001 +
1"
#128900000
0"
b11011110 )
#128905000
b110010 +
1"
#128910000
0"
#128915000
b1100100 +
1"
#128920000
0"
1$
#128925000
b1 !
b1 ,
b11001001 +
1"
#128930000
0"
0$
#128935000
b10010010 +
1"
#128940000
0"
b11011111 )
#128945000
b100100 +
1"
#128950000
0"
#128955000
b1001001 +
1"
#128960000
0"
1$
#128965000
b1110 !
b1110 ,
b10010011 +
1"
#128970000
0"
0$
#128975000
b100110 +
1"
#128980000
0"
b11100000 )
#128985000
b1001101 +
1"
#128990000
0"
#128995000
b10011011 +
1"
#129000000
0"
1$
#129005000
b10000 !
b10000 ,
b110111 +
1"
#129010000
0"
0$
#129015000
b1101110 +
1"
#129020000
0"
b11100001 )
#129025000
b11011100 +
1"
#129030000
0"
#129035000
b10111001 +
1"
#129040000
0"
1$
#129045000
b110 !
b110 ,
b1110010 +
1"
#129050000
0"
0$
#129055000
b11100100 +
1"
#129060000
0"
b11100010 )
#129065000
b11001000 +
1"
#129070000
0"
#129075000
b10010000 +
1"
#129080000
0"
1$
#129085000
b101 !
b101 ,
b100000 +
1"
#129090000
0"
0$
#129095000
b1000001 +
1"
#129100000
0"
b11100011 )
#129105000
b10000010 +
1"
#129110000
0"
#129115000
b101 +
1"
#129120000
0"
1$
#129125000
b110 !
b110 ,
b1010 +
1"
#129130000
0"
0$
#129135000
b10101 +
1"
#129140000
0"
b11100100 )
#129145000
b101011 +
1"
#129150000
0"
#129155000
b1010110 +
1"
#129160000
0"
1$
#129165000
b111 !
b111 ,
b10101101 +
1"
#129170000
0"
0$
#129175000
b1011011 +
1"
#129180000
0"
b11100101 )
#129185000
b10110110 +
1"
#129190000
0"
#129195000
b1101101 +
1"
#129200000
0"
1$
#129205000
b1010 !
b1010 ,
b11011010 +
1"
#129210000
0"
0$
#129215000
b10110101 +
1"
#129220000
0"
b11100110 )
#129225000
b1101011 +
1"
#129230000
0"
#129235000
b11010110 +
1"
#129240000
0"
1$
#129245000
b1111 !
b1111 ,
b10101100 +
1"
#129250000
0"
0$
#129255000
b1011001 +
1"
#129260000
0"
b11100111 )
#129265000
b10110010 +
1"
#129270000
0"
#129275000
b1100101 +
1"
#129280000
0"
1$
#129285000
b10 !
b10 ,
b11001011 +
1"
#129290000
0"
0$
#129295000
b10010110 +
1"
#129300000
0"
b11101000 )
#129305000
b101100 +
1"
#129310000
0"
#129315000
b1011000 +
1"
#129320000
0"
1$
#129325000
b1001 !
b1001 ,
b10110000 +
1"
#129330000
0"
0$
#129335000
b1100001 +
1"
#129340000
0"
b11101001 )
#129345000
b11000011 +
1"
#129350000
0"
#129355000
b10000111 +
1"
#129360000
0"
1$
#129365000
b10000 !
b10000 ,
b1111 +
1"
#129370000
0"
0$
#129375000
b11111 +
1"
#129380000
0"
b11101010 )
#129385000
b111110 +
1"
#129390000
0"
#129395000
b1111101 +
1"
#129400000
0"
1$
#129405000
b110 !
b110 ,
b11111011 +
1"
#129410000
0"
0$
#129415000
b11110110 +
1"
#129420000
0"
b11101011 )
#129425000
b11101101 +
1"
#129430000
0"
#129435000
b11011011 +
1"
#129440000
0"
1$
#129445000
b10100 !
b10100 ,
b10110111 +
1"
#129450000
0"
0$
#129455000
b1101111 +
1"
#129460000
0"
b11101100 )
#129465000
b11011110 +
1"
#129470000
0"
#129475000
b10111101 +
1"
#129480000
0"
1$
#129485000
b1010 !
b1010 ,
b1111010 +
1"
#129490000
0"
0$
#129495000
b11110101 +
1"
#129500000
0"
b11101101 )
#129505000
b11101011 +
1"
#129510000
0"
#129515000
b11010111 +
1"
#129520000
0"
1$
#129525000
b10000 !
b10000 ,
b10101110 +
1"
#129530000
0"
0$
#129535000
b1011101 +
1"
#129540000
0"
b11101110 )
#129545000
b10111010 +
1"
#129550000
0"
#129555000
b1110100 +
1"
#129560000
0"
1$
#129565000
b10001 !
b10001 ,
b11101000 +
1"
#129570000
0"
0$
#129575000
b11010001 +
1"
#129580000
0"
b11101111 )
#129585000
b10100010 +
1"
#129590000
0"
#129595000
b1000100 +
1"
#129600000
0"
1$
#129605000
b1001 !
b1001 ,
b10001000 +
1"
#129610000
0"
0$
#129615000
b10000 +
1"
#129620000
0"
b11110000 )
#129625000
b100001 +
1"
#129630000
0"
#129635000
b1000011 +
1"
#129640000
0"
1$
#129645000
b1000 !
b1000 ,
b10000110 +
1"
#129650000
0"
0$
#129655000
b1101 +
1"
#129660000
0"
b11110001 )
#129665000
b11011 +
1"
#129670000
0"
#129675000
b110110 +
1"
#129680000
0"
1$
#129685000
b1111 !
b1111 ,
b1101100 +
1"
#129690000
0"
0$
#129695000
b11011000 +
1"
#129700000
0"
b11110010 )
#129705000
b10110001 +
1"
#129710000
0"
#129715000
b1100011 +
1"
#129720000
0"
1$
#129725000
b10100 !
b10100 ,
b11000111 +
1"
#129730000
0"
0$
#129735000
b10001111 +
1"
#129740000
0"
b11110011 )
#129745000
b11110 +
1"
#129750000
0"
#129755000
b111100 +
1"
#129760000
0"
1$
#129765000
b1 !
b1 ,
b1111001 +
1"
#129770000
0"
0$
#129775000
b11110011 +
1"
#129780000
0"
b11110100 )
#129785000
b11100111 +
1"
#129790000
0"
#129795000
b11001110 +
1"
#129800000
0"
1$
#129805000
b111 !
b111 ,
b10011100 +
1"
#129810000
0"
0$
#129815000
b111001 +
1"
#129820000
0"
b11110101 )
#129825000
b1110011 +
1"
#129830000
0"
#129835000
b11100110 +
1"
#129840000
0"
1$
#129845000
b1011 !
b1011 ,
b11001100 +
1"
#129850000
0"
0$
#129855000
b10011000 +
1"
#129860000
0"
b11110110 )
#129865000
b110001 +
1"
#129870000
0"
#129875000
b1100010 +
1"
#129880000
0"
1$
#129885000
b10011 !
b10011 ,
b11000101 +
1"
#129890000
0"
0$
#129895000
b10001011 +
1"
#129900000
0"
b11110111 )
#129905000
b10110 +
1"
#129910000
0"
#129915000
b101101 +
1"
#129920000
0"
1$
#129925000
b110 !
b110 ,
b1011010 +
1"
#129930000
0"
0$
#129935000
b10110100 +
1"
#129940000
0"
b11111000 )
#129945000
b1101001 +
1"
#129950000
0"
#129955000
b11010010 +
1"
#129960000
0"
1$
#129965000
b1011 !
b1011 ,
b10100100 +
1"
#129970000
0"
0$
#129975000
b1001000 +
1"
#129980000
0"
b11111001 )
#129985000
b10010001 +
1"
#129990000
0"
#129995000
b100010 +
1"
#130000000
0"
1$
#130005000
b1111 !
b1111 ,
b1000101 +
1"
#130010000
0"
0$
#130015000
b10001010 +
1"
#130020000
0"
b11111010 )
#130025000
b10100 +
1"
#130030000
0"
#130035000
b101001 +
1"
#130040000
0"
1$
#130045000
b10 !
b10 ,
b1010010 +
1"
#130050000
0"
0$
#130055000
b10100101 +
1"
#130060000
0"
b11111011 )
#130065000
b1001010 +
1"
#130070000
0"
#130075000
b10010101 +
1"
#130080000
0"
1$
#130085000
b1010 !
b1010 ,
b101010 +
1"
#130090000
0"
0$
#130095000
b1010100 +
1"
#130100000
0"
b11111100 )
#130105000
b10101001 +
1"
#130110000
0"
#130115000
b1010011 +
1"
#130120000
0"
1$
#130125000
b100 !
b100 ,
b10100111 +
1"
#130130000
0"
0$
#130135000
b1001110 +
1"
#130140000
0"
b11111101 )
#130145000
b10011101 +
1"
#130150000
0"
#130155000
b111011 +
1"
#130160000
0"
1$
#130165000
b10100 !
b10100 ,
b1110111 +
1"
#130170000
0"
0$
#130175000
b11101110 +
1"
#130180000
0"
b11111110 )
#130185000
b11011101 +
1"
#130190000
0"
#130195000
b10111011 +
1"
#130200000
0"
1$
#130205000
b1000 !
b1000 ,
b1110110 +
1"
#130210000
0"
0$
#130215000
b11101100 +
1"
#130220000
0"
b11111111 )
#130225000
b11011001 +
1"
#130230000
0"
#130235000
b10110011 +
1"
#130240000
0"
1$
#130245000
b10100 !
b10100 ,
b1100111 +
1"
#130250000
0"
0$
#130255000
b11001111 +
1"
#130260000
0"
b100000000 )
#130265000
b10011110 +
1"
#130270000
0"
#130275000
b111101 +
1"
#130280000
0"
1$
#130285000
b10 !
b10 ,
b1111011 +
1"
#130290000
0"
0$
#130295000
b11110111 +
1"
#130300000
0"
b100000001 )
#130305000
b11101111 +
1"
#130310000
0"
#130315000
b11011111 +
1"
#130320000
0"
1$
#130325000
b100 !
b100 ,
b10111111 +
1"
#130330000
0"
0$
#130335000
b1111110 +
1"
#130340000
0"
b100000010 )
#130345000
b11111101 +
1"
#130350000
0"
#130355000
b11111010 +
1"
#130360000
0"
1$
#130365000
b1011 !
b1011 ,
b11110100 +
1"
#130370000
0"
0$
#130375000
b11101001 +
1"
#130380000
0"
b100000011 )
#130385000
b11010011 +
1"
#130390000
0"
#130395000
b10100110 +
1"
#130400000
0"
1$
#130405000
b111 !
b111 ,
b1001100 +
1"
#130410000
0"
0$
#130415000
b10011001 +
1"
#130420000
0"
b100000100 )
#130425000
b110011 +
1"
#130430000
0"
#130435000
b1100110 +
1"
#130440000
0"
1$
#130445000
b11 !
b11 ,
b11001101 +
1"
#130450000
0"
0$
#130455000
b10011010 +
1"
#130460000
0"
b100000101 )
#130465000
b110101 +
1"
#130470000
0"
#130475000
b1101010 +
1"
#130480000
0"
1$
#130485000
b111 !
b111 ,
b11010100 +
1"
#130490000
0"
0$
#130495000
b10101000 +
1"
#130500000
0"
b100000110 )
#130505000
b1010001 +
1"
#130510000
0"
#130515000
b10100011 +
1"
#130520000
0"
1$
#130525000
b100 !
b100 ,
b1000110 +
1"
#130530000
0"
0$
#130535000
b10001100 +
1"
#130540000
0"
b100000111 )
#130545000
b11000 +
1"
#130550000
0"
#130555000
b110000 +
1"
#130560000
0"
1$
#130565000
b1001 !
b1001 ,
b1100000 +
1"
#130570000
0"
0$
#130575000
b11000001 +
1"
#130580000
0"
b100001000 )
#130585000
b10000011 +
1"
#130590000
0"
#130595000
b111 +
1"
#130600000
0"
1$
#130605000
b1000 !
b1000 ,
b1110 +
1"
#130610000
0"
0$
#130615000
b11101 +
1"
#130620000
0"
b100001001 )
#130625000
b111010 +
1"
#130630000
0"
#130635000
b1110101 +
1"
#130640000
0"
1$
#130645000
b10010 !
b10010 ,
b11101010 +
1"
#130650000
0"
0$
#130655000
b11010101 +
1"
#130660000
0"
b100001010 )
#130665000
b10101010 +
1"
#130670000
0"
#130675000
b1010101 +
1"
#130680000
0"
1$
#130685000
b110 !
b110 ,
b10101011 +
1"
#130690000
0"
0$
#130695000
b1010111 +
1"
#130700000
0"
b100001011 )
#130705000
b10101111 +
1"
#130710000
0"
#130715000
b1011111 +
1"
#130720000
0"
1$
#130725000
b10000 !
b10000 ,
b10111110 +
1"
#130730000
0"
0$
#130735000
b1111100 +
1"
#130740000
0"
b100001100 )
#130745000
b11111001 +
1"
#130750000
0"
#130755000
b11110010 +
1"
#130760000
0"
1$
#130765000
b11 !
b11 ,
b11100101 +
1"
#130770000
0"
0$
#130775000
b11001010 +
1"
#130780000
0"
b100001101 )
#130785000
b10010100 +
1"
#130790000
0"
#130795000
b101000 +
1"
#130800000
0"
1$
#130805000
b1 !
b1 ,
b1010000 +
1"
#130810000
0"
0$
#130815000
b10100001 +
1"
#130820000
0"
b100001110 )
#130825000
b1000010 +
1"
#130830000
0"
#130835000
b10000100 +
1"
#130840000
0"
1$
#130845000
b1101 !
b1101 ,
b1001 +
1"
#130850000
0"
0$
#130855000
b10011 +
1"
#130860000
0"
b100001111 )
#130865000
b100111 +
1"
#130870000
0"
#130875000
b1001111 +
1"
#130880000
0"
1$
#130885000
b10100 !
b10100 ,
b10011111 +
1"
#130890000
0"
0$
#130895000
b111111 +
1"
#130900000
0"
b100010000 )
#130905000
b1111111 +
1"
#130910000
0"
#130915000
b11111111 +
1"
#130920000
0"
1$
#130925000
b10000 !
b10000 ,
b11111110 +
1"
#130930000
0"
0$
#130935000
b11111100 +
1"
#130940000
0"
b100010001 )
#130945000
b11111000 +
1"
#130950000
0"
#130955000
b11110000 +
1"
#130960000
0"
1$
#130965000
b1 !
b1 ,
b11100001 +
1"
#130970000
0"
0$
#130975000
b11000010 +
1"
#130980000
0"
b100010010 )
#130985000
b10000101 +
1"
#130990000
0"
#130995000
b1011 +
1"
#131000000
0"
1$
#131005000
b1100 !
b1100 ,
b10111 +
1"
#131010000
0"
0$
#131015000
b101111 +
1"
#131020000
0"
b100010011 )
#131025000
b1011110 +
1"
#131030000
0"
#131035000
b10111100 +
1"
#131040000
0"
1$
#131045000
b1001 !
b1001 ,
b1111000 +
1"
#131050000
0"
0$
#131055000
b11110001 +
1"
#131060000
0"
b100010100 )
#131065000
b11100011 +
1"
#131070000
0"
#131075000
b11000110 +
1"
#131080000
0"
1$
#131085000
b10011 !
b10011 ,
b10001101 +
1"
#131090000
0"
0$
#131095000
b11010 +
1"
#131100000
0"
b100010101 )
#131105000
b110100 +
1"
#131110000
0"
#131115000
b1101000 +
1"
#131120000
0"
1$
#131125000
b101 !
b101 ,
b11010000 +
1"
#131130000
0"
0$
#131135000
b10100000 +
1"
#131140000
0"
b100010110 )
#131145000
b1000000 +
1"
#131150000
0"
#131155000
b10000000 +
1"
#131160000
0"
1$
#131165000
b1001 !
b1001 ,
b1 +
1"
#131170000
0"
0$
#131175000
b10 +
1"
#131180000
0"
b100010111 )
#131185000
b100 +
1"
#131190000
0"
#131195000
b1000 +
1"
#131200000
0"
1$
#131205000
b10001 +
1"
#131210000
0"
0$
#131215000
b100011 +
1"
#131220000
0"
b100011000 )
#131225000
b1000111 +
1"
#131230000
0"
#131235000
b10001110 +
1"
#131240000
0"
1$
#131245000
b11 !
b11 ,
b11100 +
1"
#131250000
0"
0$
#131255000
b111000 +
1"
#131260000
0"
b100011001 )
#131265000
b1110001 +
1"
#131270000
0"
#131275000
b11100010 +
1"
#131280000
0"
1$
#131285000
b111 !
b111 ,
b11000100 +
1"
#131290000
0"
0$
#131295000
b10001001 +
1"
#131300000
0"
b100011010 )
#131305000
b10010 +
1"
#131310000
0"
#131315000
b100101 +
1"
#131320000
0"
1$
#131325000
b10010 !
b10010 ,
b1001011 +
1"
#131330000
0"
0$
#131335000
b10010111 +
1"
#131340000
0"
b100011011 )
#131345000
b101110 +
1"
#131350000
0"
#131355000
b1011100 +
1"
#131360000
0"
1$
#131365000
b1101 !
b1101 ,
b10111000 +
1"
#131370000
0"
0$
#131375000
b1110000 +
1"
#131380000
0"
b100011100 )
#131385000
b11100000 +
1"
#131390000
0"
#131395000
b11000000 +
1"
#131400000
0"
1$
#131405000
b10000001 +
1"
#131410000
0"
0$
#131415000
b11 +
1"
#131420000
0"
b100011101 )
#131425000
b110 +
1"
#131430000
0"
#131435000
b1100 +
1"
#131440000
0"
1$
#131445000
b11001 +
1"
#131450000
0"
0$
#131455000
b110010 +
1"
#131460000
0"
b100011110 )
#131465000
b1100100 +
1"
#131470000
0"
#131475000
b11001001 +
1"
#131480000
0"
1$
#131485000
b10 !
b10 ,
b10010010 +
1"
#131490000
0"
0$
#131495000
b100100 +
1"
#131500000
0"
b100011111 )
#131505000
b1001001 +
1"
#131510000
0"
#131515000
b10010011 +
1"
#131520000
0"
1$
#131525000
b1000 !
b1000 ,
b100110 +
1"
#131530000
0"
0$
#131535000
b1001101 +
1"
#131540000
0"
b100100000 )
#131545000
b10011011 +
1"
#131550000
0"
#131555000
b110111 +
1"
#131560000
0"
1$
#131565000
b10000 !
b10000 ,
b1101110 +
1"
#131570000
0"
0$
#131575000
b11011100 +
1"
#131580000
0"
b100100001 )
#131585000
b10111001 +
1"
#131590000
0"
#131595000
b1110010 +
1"
#131600000
0"
1$
#131605000
b1111 !
b1111 ,
b11100100 +
1"
#131610000
0"
0$
#131615000
b11001000 +
1"
#131620000
0"
b100100010 )
#131625000
b10010000 +
1"
#131630000
0"
#131635000
b100000 +
1"
#131640000
0"
1$
#131645000
b1101 !
b1101 ,
b1000001 +
1"
#131650000
0"
0$
#131655000
b10000010 +
1"
#131660000
0"
b100100011 )
#131665000
b101 +
1"
#131670000
0"
#131675000
b1010 +
1"
#131680000
0"
1$
#131685000
b1011 !
b1011 ,
b10101 +
1"
#131690000
0"
0$
#131695000
b101011 +
1"
#131700000
0"
b100100100 )
#131705000
b1010110 +
1"
#131710000
0"
#131715000
b10101101 +
1"
#131720000
0"
1$
#131725000
b1110 !
b1110 ,
b1011011 +
1"
#131730000
0"
0$
#131735000
b10110110 +
1"
#131740000
0"
b100100101 )
#131745000
b1101101 +
1"
#131750000
0"
#131755000
b11011010 +
1"
#131760000
0"
1$
#131765000
b10011 !
b10011 ,
b10110101 +
1"
#131770000
0"
0$
#131775000
b1101011 +
1"
#131780000
0"
b100100110 )
#131785000
b11010110 +
1"
#131790000
0"
#131795000
b10101100 +
1"
#131800000
0"
1$
#131805000
b1101 !
b1101 ,
b1011001 +
1"
#131810000
0"
0$
#131815000
b10110010 +
1"
#131820000
0"
b100100111 )
#131825000
b1100101 +
1"
#131830000
0"
#131835000
b11001011 +
1"
#131840000
0"
1$
#131845000
b100 !
b100 ,
b10010110 +
1"
#131850000
0"
0$
#131855000
b101100 +
1"
#131860000
0"
b100101000 )
#131865000
b1011000 +
1"
#131870000
0"
#131875000
b10110000 +
1"
#131880000
0"
1$
#131885000
b10001 !
b10001 ,
b1100001 +
1"
#131890000
0"
0$
#131895000
b11000011 +
1"
#131900000
0"
b100101001 )
#131905000
b10000111 +
1"
#131910000
0"
#131915000
b1111 +
1"
#131920000
0"
1$
#131925000
b10000 !
b10000 ,
b11111 +
1"
#131930000
0"
0$
#131935000
b111110 +
1"
#131940000
0"
b100101010 )
#131945000
b1111101 +
1"
#131950000
0"
#131955000
b11111011 +
1"
#131960000
0"
1$
#131965000
b1100 !
b1100 ,
b11110110 +
1"
#131970000
0"
0$
#131975000
b11101101 +
1"
#131980000
0"
b100101011 )
#131985000
b11011011 +
1"
#131990000
0"
#131995000
b10110111 +
1"
#132000000
0"
1$
#132005000
b100 !
b100 ,
b1101111 +
1"
#132010000
0"
0$
#132015000
b11011110 +
1"
#132020000
0"
b100101100 )
#132025000
b10111101 +
1"
#132030000
0"
#132035000
b1111010 +
1"
#132040000
0"
1$
#132045000
b11 !
b11 ,
b11110101 +
1"
#132050000
0"
0$
#132055000
b11101011 +
1"
#132060000
0"
b100101101 )
#132065000
b11010111 +
1"
#132070000
0"
#132075000
b10101110 +
1"
#132080000
0"
1$
#132085000
b1111 !
b1111 ,
b1011101 +
1"
#132090000
0"
0$
#132095000
b10111010 +
1"
#132100000
0"
b100101110 )
#132105000
b1110100 +
1"
#132110000
0"
#132115000
b11101000 +
1"
#132120000
0"
1$
#132125000
b1101 !
b1101 ,
b11010001 +
1"
#132130000
0"
0$
#132135000
b10100010 +
1"
#132140000
0"
b100101111 )
#132145000
b1000100 +
1"
#132150000
0"
#132155000
b10001000 +
1"
#132160000
0"
1$
#132165000
b10001 !
b10001 ,
b10000 +
1"
#132170000
0"
0$
#132175000
b100001 +
1"
#132180000
0"
b100110000 )
#132185000
b1000011 +
1"
#132190000
0"
#132195000
b10000110 +
1"
#132200000
0"
1$
#132205000
b1111 !
b1111 ,
b1101 +
1"
#132210000
0"
0$
#132215000
b11011 +
1"
#132220000
0"
b100110001 )
#132225000
b110110 +
1"
#132230000
0"
#132235000
b1101100 +
1"
#132240000
0"
1$
#132245000
b1001 !
b1001 ,
b11011000 +
1"
#132250000
0"
0$
#132255000
b10110001 +
1"
#132260000
0"
b100110010 )
#132265000
b1100011 +
1"
#132270000
0"
#132275000
b11000111 +
1"
#132280000
0"
1$
#132285000
b10100 !
b10100 ,
b10001111 +
1"
#132290000
0"
0$
#132295000
b11110 +
1"
#132300000
0"
b100110011 )
#132305000
b111100 +
1"
#132310000
0"
#132315000
b1111001 +
1"
#132320000
0"
1$
#132325000
b10 !
b10 ,
b11110011 +
1"
#132330000
0"
0$
#132335000
b11100111 +
1"
#132340000
0"
b100110100 )
#132345000
b11001110 +
1"
#132350000
0"
#132355000
b10011100 +
1"
#132360000
0"
1$
#132365000
b10001 !
b10001 ,
b111001 +
1"
#132370000
0"
0$
#132375000
b1110011 +
1"
#132380000
0"
b100110101 )
#132385000
b11100110 +
1"
#132390000
0"
#132395000
b11001100 +
1"
#132400000
0"
1$
#132405000
b101 !
b101 ,
b10011000 +
1"
#132410000
0"
0$
#132415000
b110001 +
1"
#132420000
0"
b100110110 )
#132425000
b1100010 +
1"
#132430000
0"
#132435000
b11000101 +
1"
#132440000
0"
1$
#132445000
b10010 !
b10010 ,
b10001011 +
1"
#132450000
0"
0$
#132455000
b10110 +
1"
#132460000
0"
b100110111 )
#132465000
b101101 +
1"
#132470000
0"
#132475000
b1011010 +
1"
#132480000
0"
1$
#132485000
b1011 !
b1011 ,
b10110100 +
1"
#132490000
0"
0$
#132495000
b1101001 +
1"
#132500000
0"
b100111000 )
#132505000
b11010010 +
1"
#132510000
0"
#132515000
b10100100 +
1"
#132520000
0"
1$
#132525000
b101 !
b101 ,
b1001000 +
1"
#132530000
0"
0$
#132535000
b10010001 +
1"
#132540000
0"
b100111001 )
#132545000
b100010 +
1"
#132550000
0"
#132555000
b1000101 +
1"
#132560000
0"
1$
#132565000
b1010 !
b1010 ,
b10001010 +
1"
#132570000
0"
0$
#132575000
b10100 +
1"
#132580000
0"
b100111010 )
#132585000
b101001 +
1"
#132590000
0"
#132595000
b1010010 +
1"
#132600000
0"
1$
#132605000
b11 !
b11 ,
b10100101 +
1"
#132610000
0"
0$
#132615000
b1001010 +
1"
#132620000
0"
b100111011 )
#132625000
b10010101 +
1"
#132630000
0"
#132635000
b101010 +
1"
#132640000
0"
1$
#132645000
b1010100 +
1"
#132650000
0"
0$
#132655000
b10101001 +
1"
#132660000
0"
b100111100 )
#132665000
b1010011 +
1"
#132670000
0"
#132675000
b10100111 +
1"
#132680000
0"
1$
#132685000
b1000 !
b1000 ,
b1001110 +
1"
#132690000
0"
0$
#132695000
b10011101 +
1"
#132700000
0"
b100111101 )
#132705000
b111011 +
1"
#132710000
0"
#132715000
b1110111 +
1"
#132720000
0"
1$
#132725000
b10100 !
b10100 ,
b11101110 +
1"
#132730000
0"
0$
#132735000
b11011101 +
1"
#132740000
0"
b100111110 )
#132745000
b10111011 +
1"
#132750000
0"
#132755000
b1110110 +
1"
#132760000
0"
1$
#132765000
b10011 !
b10011 ,
b11101100 +
1"
#132770000
0"
0$
#132775000
b11011001 +
1"
#132780000
0"
b100111111 )
#132785000
b10110011 +
1"
#132790000
0"
#132795000
b1100111 +
1"
#132800000
0"
1$
#132805000
b100 !
b100 ,
b11001111 +
1"
#132810000
0"
0$
#132815000
b10011110 +
1"
#132820000
0"
b101000000 )
#132825000
b111101 +
1"
#132830000
0"
#132835000
b1111011 +
1"
#132840000
0"
1$
#132845000
b11110111 +
1"
#132850000
0"
0$
#132855000
b11101111 +
1"
#132860000
0"
b101000001 )
#132865000
b11011111 +
1"
#132870000
0"
#132875000
b10111111 +
1"
#132880000
0"
1$
#132885000
b1100 !
b1100 ,
b1111110 +
1"
#132890000
0"
0$
#132895000
b11111101 +
1"
#132900000
0"
b101000010 )
#132905000
b11111010 +
1"
#132910000
0"
#132915000
b11110100 +
1"
#132920000
0"
1$
#132925000
b101 !
b101 ,
b11101001 +
1"
#132930000
0"
0$
#132935000
b11010011 +
1"
#132940000
0"
b101000011 )
#132945000
b10100110 +
1"
#132950000
0"
#132955000
b1001100 +
1"
#132960000
0"
1$
#132965000
b10001 !
b10001 ,
b10011001 +
1"
#132970000
0"
0$
#132975000
b110011 +
1"
#132980000
0"
b101000100 )
#132985000
b1100110 +
1"
#132990000
0"
#132995000
b11001101 +
1"
#133000000
0"
1$
#133005000
b110 !
b110 ,
b10011010 +
1"
#133010000
0"
0$
#133015000
b110101 +
1"
#133020000
0"
b101000101 )
#133025000
b1101010 +
1"
#133030000
0"
#133035000
b11010100 +
1"
#133040000
0"
1$
#133045000
b1101 !
b1101 ,
b10101000 +
1"
#133050000
0"
0$
#133055000
b1010001 +
1"
#133060000
0"
b101000110 )
#133065000
b10100011 +
1"
#133070000
0"
#133075000
b1000110 +
1"
#133080000
0"
1$
#133085000
b1011 !
b1011 ,
b10001100 +
1"
#133090000
0"
0$
#133095000
b11000 +
1"
#133100000
0"
b101000111 )
#133105000
b110000 +
1"
#133110000
0"
#133115000
b1100000 +
1"
#133120000
0"
1$
#133125000
b10001 !
b10001 ,
b11000001 +
1"
#133130000
0"
0$
#133135000
b10000011 +
1"
#133140000
0"
b101001000 )
#133145000
b111 +
1"
#133150000
0"
#133155000
b1110 +
1"
#133160000
0"
1$
#133165000
b1111 !
b1111 ,
b11101 +
1"
#133170000
0"
0$
#133175000
b111010 +
1"
#133180000
0"
b101001001 )
#133185000
b1110101 +
1"
#133190000
0"
#133195000
b11101010 +
1"
#133200000
0"
1$
#133205000
b11010101 +
1"
#133210000
0"
0$
#133215000
b10101010 +
1"
#133220000
0"
b101001010 )
#133225000
b1010101 +
1"
#133230000
0"
#133235000
b10101011 +
1"
#133240000
0"
1$
#133245000
b1100 !
b1100 ,
b1010111 +
1"
#133250000
0"
0$
#133255000
b10101111 +
1"
#133260000
0"
b101001011 )
#133265000
b1011111 +
1"
#133270000
0"
#133275000
b10111110 +
1"
#133280000
0"
1$
#133285000
b1011 !
b1011 ,
b1111100 +
1"
#133290000
0"
0$
#133295000
b11111001 +
1"
#133300000
0"
b101001100 )
#133305000
b11110010 +
1"
#133310000
0"
#133315000
b11100101 +
1"
#133320000
0"
1$
#133325000
b1010 !
b1010 ,
b11001010 +
1"
#133330000
0"
0$
#133335000
b10010100 +
1"
#133340000
0"
b101001101 )
#133345000
b101000 +
1"
#133350000
0"
#133355000
b1010000 +
1"
#133360000
0"
1$
#133365000
b1 !
b1 ,
b10100001 +
1"
#133370000
0"
0$
#133375000
b1000010 +
1"
#133380000
0"
b101001110 )
#133385000
b10000100 +
1"
#133390000
0"
#133395000
b1001 +
1"
#133400000
0"
1$
#133405000
b1010 !
b1010 ,
b10011 +
1"
#133410000
0"
0$
#133415000
b100111 +
1"
#133420000
0"
b101001111 )
#133425000
b1001111 +
1"
#133430000
0"
#133435000
b10011111 +
1"
#133440000
0"
1$
#133445000
b10100 !
b10100 ,
b111111 +
1"
#133450000
0"
0$
#133455000
b1111111 +
1"
#133460000
0"
b101010000 )
#133465000
b11111111 +
1"
#133470000
0"
#133475000
b11111110 +
1"
#133480000
0"
1$
#133485000
b1111 !
b1111 ,
b11111100 +
1"
#133490000
0"
0$
#133495000
b11111000 +
1"
#133500000
0"
b101010001 )
#133505000
b11110000 +
1"
#133510000
0"
#133515000
b11100001 +
1"
#133520000
0"
1$
#133525000
b110 !
b110 ,
b11000010 +
1"
#133530000
0"
0$
#133535000
b10000101 +
1"
#133540000
0"
b101010010 )
#133545000
b1011 +
1"
#133550000
0"
#133555000
b10111 +
1"
#133560000
0"
1$
#133565000
b100 !
b100 ,
b101111 +
1"
#133570000
0"
0$
#133575000
b1011110 +
1"
#133580000
0"
b101010011 )
#133585000
b10111100 +
1"
#133590000
0"
#133595000
b1111000 +
1"
#133600000
0"
1$
#133605000
b1 !
b1 ,
b11110001 +
1"
#133610000
0"
0$
#133615000
b11100011 +
1"
#133620000
0"
b101010100 )
#133625000
b11000110 +
1"
#133630000
0"
#133635000
b10001101 +
1"
#133640000
0"
1$
#133645000
b10 !
b10 ,
b11010 +
1"
#133650000
0"
0$
#133655000
b110100 +
1"
#133660000
0"
b101010101 )
#133665000
b1101000 +
1"
#133670000
0"
#133675000
b11010000 +
1"
#133680000
0"
1$
#133685000
b1001 !
b1001 ,
b10100000 +
1"
#133690000
0"
0$
#133695000
b1000000 +
1"
#133700000
0"
b101010110 )
#133705000
b10000000 +
1"
#133710000
0"
#133715000
b1 +
1"
#133720000
0"
1$
#133725000
b10 !
b10 ,
b10 +
1"
#133730000
0"
0$
#133735000
b100 +
1"
#133740000
0"
b101010111 )
#133745000
b1000 +
1"
#133750000
0"
#133755000
b10001 +
1"
#133760000
0"
1$
#133765000
b10010 !
b10010 ,
b100011 +
1"
#133770000
0"
0$
#133775000
b1000111 +
1"
#133780000
0"
b101011000 )
#133785000
b10001110 +
1"
#133790000
0"
#133795000
b11100 +
1"
#133800000
0"
1$
#133805000
b1001 !
b1001 ,
b111000 +
1"
#133810000
0"
0$
#133815000
b1110001 +
1"
#133820000
0"
b101011001 )
#133825000
b11100010 +
1"
#133830000
0"
#133835000
b11000100 +
1"
#133840000
0"
1$
#133845000
b10001 !
b10001 ,
b10001001 +
1"
#133850000
0"
0$
#133855000
b10010 +
1"
#133860000
0"
b101011010 )
#133865000
b100101 +
1"
#133870000
0"
#133875000
b1001011 +
1"
#133880000
0"
1$
#133885000
b10000 !
b10000 ,
b10010111 +
1"
#133890000
0"
0$
#133895000
b101110 +
1"
#133900000
0"
b101011011 )
#133905000
b1011100 +
1"
#133910000
0"
#133915000
b10111000 +
1"
#133920000
0"
1$
#133925000
b101 !
b101 ,
b1110000 +
1"
#133930000
0"
0$
#133935000
b11100000 +
1"
#133940000
0"
b101011100 )
#133945000
b11000000 +
1"
#133950000
0"
#133955000
b10000001 +
1"
#133960000
0"
1$
#133965000
b1010 !
b1010 ,
b11 +
1"
#133970000
0"
0$
#133975000
b110 +
1"
#133980000
0"
b101011101 )
#133985000
b1100 +
1"
#133990000
0"
#133995000
b11001 +
1"
#134000000
0"
1$
#134005000
b110 !
b110 ,
b110010 +
1"
#134010000
0"
0$
#134015000
b1100100 +
1"
#134020000
0"
b101011110 )
#134025000
b11001001 +
1"
#134030000
0"
#134035000
b10010010 +
1"
#134040000
0"
1$
#134045000
b111 !
b111 ,
b100100 +
1"
#134050000
0"
0$
#134055000
b1001001 +
1"
#134060000
0"
b101011111 )
#134065000
b10010011 +
1"
#134070000
0"
#134075000
b100110 +
1"
#134080000
0"
1$
#134085000
b10011 !
b10011 ,
b1001101 +
1"
#134090000
0"
0$
#134095000
b10011011 +
1"
#134100000
0"
b101100000 )
#134105000
b110111 +
1"
#134110000
0"
#134115000
b1101110 +
1"
#134120000
0"
1$
#134125000
b1011 !
b1011 ,
b11011100 +
1"
#134130000
0"
0$
#134135000
b10111001 +
1"
#134140000
0"
b101100001 )
#134145000
b1110010 +
1"
#134150000
0"
#134155000
b11100100 +
1"
#134160000
0"
1$
#134165000
b1001 !
b1001 ,
b11001000 +
1"
#134170000
0"
0$
#134175000
b10010000 +
1"
#134180000
0"
b101100010 )
#134185000
b100000 +
1"
#134190000
0"
#134195000
b1000001 +
1"
#134200000
0"
1$
#134205000
b110 !
b110 ,
b10000010 +
1"
#134210000
0"
0$
#134215000
b101 +
1"
#134220000
0"
b101100011 )
#134225000
b1010 +
1"
#134230000
0"
#134235000
b10101 +
1"
#134240000
0"
1$
#134245000
b10 !
b10 ,
b101011 +
1"
#134250000
0"
0$
#134255000
b1010110 +
1"
#134260000
0"
b101100100 )
#134265000
b10101101 +
1"
#134270000
0"
#134275000
b1011011 +
1"
#134280000
0"
1$
#134285000
b1100 !
b1100 ,
b10110110 +
1"
#134290000
0"
0$
#134295000
b1101101 +
1"
#134300000
0"
b101100101 )
#134305000
b11011010 +
1"
#134310000
0"
#134315000
b10110101 +
1"
#134320000
0"
1$
#134325000
b10 !
b10 ,
b1101011 +
1"
#134330000
0"
0$
#134335000
b11010110 +
1"
#134340000
0"
b101100110 )
#134345000
b10101100 +
1"
#134350000
0"
#134355000
b1011001 +
1"
#134360000
0"
1$
#134365000
b1010 !
b1010 ,
b10110010 +
1"
#134370000
0"
0$
#134375000
b1100101 +
1"
#134380000
0"
b101100111 )
#134385000
b11001011 +
1"
#134390000
0"
#134395000
b10010110 +
1"
#134400000
0"
1$
#134405000
b1011 !
b1011 ,
b101100 +
1"
#134410000
0"
0$
#134415000
b1011000 +
1"
#134420000
0"
b101101000 )
#134425000
b10110000 +
1"
#134430000
0"
#134435000
b1100001 +
1"
#134440000
0"
1$
#134445000
b10010 !
b10010 ,
b11000011 +
1"
#134450000
0"
0$
#134455000
b10000111 +
1"
#134460000
0"
b101101001 )
#134465000
b1111 +
1"
#134470000
0"
#134475000
b11111 +
1"
#134480000
0"
1$
#134485000
b1100 !
b1100 ,
b111110 +
1"
#134490000
0"
0$
#134495000
b1111101 +
1"
#134500000
0"
b101101010 )
#134505000
b11111011 +
1"
#134510000
0"
#134515000
b11110110 +
1"
#134520000
0"
1$
#134525000
b111 !
b111 ,
b11101101 +
1"
#134530000
0"
0$
#134535000
b11011011 +
1"
#134540000
0"
b101101011 )
#134545000
b10110111 +
1"
#134550000
0"
#134555000
b1101111 +
1"
#134560000
0"
1$
#134565000
b1100 !
b1100 ,
b11011110 +
1"
#134570000
0"
0$
#134575000
b10111101 +
1"
#134580000
0"
b101101100 )
#134585000
b1111010 +
1"
#134590000
0"
#134595000
b11110101 +
1"
#134600000
0"
1$
#134605000
b110 !
b110 ,
b11101011 +
1"
#134610000
0"
0$
#134615000
b11010111 +
1"
#134620000
0"
b101101101 )
#134625000
b10101110 +
1"
#134630000
0"
#134635000
b1011101 +
1"
#134640000
0"
1$
#134645000
b1110 !
b1110 ,
b10111010 +
1"
#134650000
0"
0$
#134655000
b1110100 +
1"
#134660000
0"
b101101110 )
#134665000
b11101000 +
1"
#134670000
0"
#134675000
b11010001 +
1"
#134680000
0"
1$
#134685000
b1010 !
b1010 ,
b10100010 +
1"
#134690000
0"
0$
#134695000
b1000100 +
1"
#134700000
0"
b101101111 )
#134705000
b10001000 +
1"
#134710000
0"
#134715000
b10000 +
1"
#134720000
0"
1$
#134725000
b10001 !
b10001 ,
b100001 +
1"
#134730000
0"
0$
#134735000
b1000011 +
1"
#134740000
0"
b101110000 )
#134745000
b10000110 +
1"
#134750000
0"
#134755000
b1101 +
1"
#134760000
0"
1$
#134765000
b1110 !
b1110 ,
b11011 +
1"
#134770000
0"
0$
#134775000
b110110 +
1"
#134780000
0"
b101110001 )
#134785000
b1101100 +
1"
#134790000
0"
#134795000
b11011000 +
1"
#134800000
0"
1$
#134805000
b10001 !
b10001 ,
b10110001 +
1"
#134810000
0"
0$
#134815000
b1100011 +
1"
#134820000
0"
b101110010 )
#134825000
b11000111 +
1"
#134830000
0"
#134835000
b10001111 +
1"
#134840000
0"
1$
#134845000
b100 !
b100 ,
b11110 +
1"
#134850000
0"
0$
#134855000
b111100 +
1"
#134860000
0"
b101110011 )
#134865000
b1111001 +
1"
#134870000
0"
#134875000
b11110011 +
1"
#134880000
0"
1$
#134885000
b11100111 +
1"
#134890000
0"
0$
#134895000
b11001110 +
1"
#134900000
0"
b101110100 )
#134905000
b10011100 +
1"
#134910000
0"
#134915000
b111001 +
1"
#134920000
0"
1$
#134925000
b10010 !
b10010 ,
b1110011 +
1"
#134930000
0"
0$
#134935000
b11100110 +
1"
#134940000
0"
b101110101 )
#134945000
b11001100 +
1"
#134950000
0"
#134955000
b10011000 +
1"
#134960000
0"
1$
#134965000
b1101 !
b1101 ,
b110001 +
1"
#134970000
0"
0$
#134975000
b1100010 +
1"
#134980000
0"
b101110110 )
#134985000
b11000101 +
1"
#134990000
0"
#134995000
b10001011 +
1"
#135000000
0"
1$
#135005000
b10100 !
b10100 ,
b10110 +
1"
#135010000
0"
0$
#135015000
b101101 +
1"
#135020000
0"
b101110111 )
#135025000
b1011010 +
1"
#135030000
0"
#135035000
b10110100 +
1"
#135040000
0"
1$
#135045000
b1 !
b1 ,
b1101001 +
1"
#135050000
0"
0$
#135055000
b11010010 +
1"
#135060000
0"
b101111000 )
#135065000
b10100100 +
1"
#135070000
0"
#135075000
b1001000 +
1"
#135080000
0"
1$
#135085000
b1101 !
b1101 ,
b10010001 +
1"
#135090000
0"
0$
#135095000
b100010 +
1"
#135100000
0"
b101111001 )
#135105000
b1000101 +
1"
#135110000
0"
#135115000
b10001010 +
1"
#135120000
0"
1$
#135125000
b10011 !
b10011 ,
b10100 +
1"
#135130000
0"
0$
#135135000
b101001 +
1"
#135140000
0"
b101111010 )
#135145000
b1010010 +
1"
#135150000
0"
#135155000
b10100101 +
1"
#135160000
0"
1$
#135165000
b110 !
b110 ,
b1001010 +
1"
#135170000
0"
0$
#135175000
b10010101 +
1"
#135180000
0"
b101111011 )
#135185000
b101010 +
1"
#135190000
0"
#135195000
b1010100 +
1"
#135200000
0"
1$
#135205000
b101 !
b101 ,
b10101001 +
1"
#135210000
0"
0$
#135215000
b1010011 +
1"
#135220000
0"
b101111100 )
#135225000
b10100111 +
1"
#135230000
0"
#135235000
b1001110 +
1"
#135240000
0"
1$
#135245000
b10011 !
b10011 ,
b10011101 +
1"
#135250000
0"
0$
#135255000
b111011 +
1"
#135260000
0"
b101111101 )
#135265000
b1110111 +
1"
#135270000
0"
#135275000
b11101110 +
1"
#135280000
0"
1$
#135285000
b11011101 +
1"
#135290000
0"
0$
#135295000
b10111011 +
1"
#135300000
0"
b101111110 )
#135305000
b1110110 +
1"
#135310000
0"
#135315000
b11101100 +
1"
#135320000
0"
1$
#135325000
b10001 !
b10001 ,
b11011001 +
1"
#135330000
0"
0$
#135335000
b10110011 +
1"
#135340000
0"
b101111111 )
#135345000
b1100111 +
1"
#135350000
0"
#135355000
b11001111 +
1"
#135360000
0"
1$
#135365000
b1000 !
b1000 ,
b10011110 +
1"
#135370000
0"
0$
#135375000
b111101 +
1"
#135380000
0"
b110000000 )
#135385000
b1111011 +
1"
#135390000
0"
#135395000
b11110111 +
1"
#135400000
0"
1$
#135405000
b11101111 +
1"
#135410000
0"
0$
#135415000
b11011111 +
1"
#135420000
0"
b110000001 )
#135425000
b10111111 +
1"
#135430000
0"
#135435000
b1111110 +
1"
#135440000
0"
1$
#135445000
b111 !
b111 ,
b11111101 +
1"
#135450000
0"
0$
#135455000
b11111010 +
1"
#135460000
0"
b110000010 )
#135465000
b11110100 +
1"
#135470000
0"
#135475000
b11101001 +
1"
#135480000
0"
1$
#135485000
b1110 !
b1110 ,
b11010011 +
1"
#135490000
0"
0$
#135495000
b10100110 +
1"
#135500000
0"
b110000011 )
#135505000
b1001100 +
1"
#135510000
0"
#135515000
b10011001 +
1"
#135520000
0"
1$
#135525000
b110011 +
1"
#135530000
0"
0$
#135535000
b1100110 +
1"
#135540000
0"
b110000100 )
#135545000
b11001101 +
1"
#135550000
0"
#135555000
b10011010 +
1"
#135560000
0"
1$
#135565000
b1111 !
b1111 ,
b110101 +
1"
#135570000
0"
0$
#135575000
b1101010 +
1"
#135580000
0"
b110000101 )
#135585000
b11010100 +
1"
#135590000
0"
#135595000
b10101000 +
1"
#135600000
0"
1$
#135605000
b1001 !
b1001 ,
b1010001 +
1"
#135610000
0"
0$
#135615000
b10100011 +
1"
#135620000
0"
b110000110 )
#135625000
b1000110 +
1"
#135630000
0"
#135635000
b10001100 +
1"
#135640000
0"
1$
#135645000
b1 !
b1 ,
b11000 +
1"
#135650000
0"
0$
#135655000
b110000 +
1"
#135660000
0"
b110000111 )
#135665000
b1100000 +
1"
#135670000
0"
#135675000
b11000001 +
1"
#135680000
0"
1$
#135685000
b1110 !
b1110 ,
b10000011 +
1"
#135690000
0"
0$
#135695000
b111 +
1"
#135700000
0"
b110001000 )
#135705000
b1110 +
1"
#135710000
0"
#135715000
b11101 +
1"
#135720000
0"
1$
#135725000
b1010 !
b1010 ,
b111010 +
1"
#135730000
0"
0$
#135735000
b1110101 +
1"
#135740000
0"
b110001001 )
#135745000
b11101010 +
1"
#135750000
0"
#135755000
b11010101 +
1"
#135760000
0"
1$
#135765000
b1110 !
b1110 ,
b10101010 +
1"
#135770000
0"
0$
#135775000
b1010101 +
1"
#135780000
0"
b110001010 )
#135785000
b10101011 +
1"
#135790000
0"
#135795000
b1010111 +
1"
#135800000
0"
1$
#135805000
b1000 !
b1000 ,
b10101111 +
1"
#135810000
0"
0$
#135815000
b1011111 +
1"
#135820000
0"
b110001011 )
#135825000
b10111110 +
1"
#135830000
0"
#135835000
b1111100 +
1"
#135840000
0"
1$
#135845000
b101 !
b101 ,
b11111001 +
1"
#135850000
0"
0$
#135855000
b11110010 +
1"
#135860000
0"
b110001100 )
#135865000
b11100101 +
1"
#135870000
0"
#135875000
b11001010 +
1"
#135880000
0"
1$
#135885000
b11 !
b11 ,
b10010100 +
1"
#135890000
0"
0$
#135895000
b101000 +
1"
#135900000
0"
b110001101 )
#135905000
b1010000 +
1"
#135910000
0"
#135915000
b10100001 +
1"
#135920000
0"
1$
#135925000
b10 !
b10 ,
b1000010 +
1"
#135930000
0"
0$
#135935000
b10000100 +
1"
#135940000
0"
b110001110 )
#135945000
b1001 +
1"
#135950000
0"
#135955000
b10011 +
1"
#135960000
0"
1$
#135965000
b10100 !
b10100 ,
b100111 +
1"
#135970000
0"
0$
#135975000
b1001111 +
1"
#135980000
0"
b110001111 )
#135985000
b10011111 +
1"
#135990000
0"
#135995000
b111111 +
1"
#136000000
0"
1$
#136005000
b100 !
b100 ,
b1111111 +
1"
#136010000
0"
0$
#136015000
b11111111 +
1"
#136020000
0"
b110010000 )
#136025000
b11111110 +
1"
#136030000
0"
#136035000
b11111100 +
1"
#136040000
0"
1$
#136045000
b1101 !
b1101 ,
b11111000 +
1"
#136050000
0"
0$
#136055000
b11110000 +
1"
#136060000
0"
b110010001 )
#136065000
b11100001 +
1"
#136070000
0"
#136075000
b11000010 +
1"
#136080000
0"
1$
#136085000
b1111 !
b1111 ,
b10000101 +
1"
#136090000
0"
0$
#136095000
b1011 +
1"
#136100000
0"
b110010010 )
#136105000
b10111 +
1"
#136110000
0"
#136115000
b101111 +
1"
#136120000
0"
1$
#136125000
b1000 !
b1000 ,
b1011110 +
1"
#136130000
0"
0$
#136135000
b10111100 +
1"
#136140000
0"
b110010011 )
#136145000
b1111000 +
1"
#136150000
0"
#136155000
b11110001 +
1"
#136160000
0"
1$
#136165000
b10 !
b10 ,
b11100011 +
1"
#136170000
0"
0$
#136175000
b11000110 +
1"
#136180000
0"
b110010100 )
#136185000
b10001101 +
1"
#136190000
0"
#136195000
b11010 +
1"
#136200000
0"
1$
#136205000
b111 !
b111 ,
b110100 +
1"
#136210000
0"
0$
#136215000
b1101000 +
1"
#136220000
0"
b110010101 )
#136225000
b11010000 +
1"
#136230000
0"
#136235000
b10100000 +
1"
#136240000
0"
1$
#136245000
b1 !
b1 ,
b1000000 +
1"
#136250000
0"
0$
#136255000
b10000000 +
1"
#136260000
0"
b110010110 )
#136265000
b1 +
1"
#136270000
0"
#136275000
b10 +
1"
#136280000
0"
1$
#136285000
b11 !
b11 ,
b100 +
1"
#136290000
0"
0$
#136295000
b1000 +
1"
#136300000
0"
b110010111 )
#136305000
b10001 +
1"
#136310000
0"
#136315000
b100011 +
1"
#136320000
0"
1$
#136325000
b10000 !
b10000 ,
b1000111 +
1"
#136330000
0"
0$
#136335000
b10001110 +
1"
#136340000
0"
b110011000 )
#136345000
b11100 +
1"
#136350000
0"
#136355000
b111000 +
1"
#136360000
0"
1$
#136365000
b10001 !
b10001 ,
b1110001 +
1"
#136370000
0"
0$
#136375000
b11100010 +
1"
#136380000
0"
b110011001 )
#136385000
b11000100 +
1"
#136390000
0"
#136395000
b10001001 +
1"
#136400000
0"
1$
#136405000
b10010 !
b10010 ,
b10010 +
1"
#136410000
0"
0$
#136415000
b100101 +
1"
#136420000
0"
b110011010 )
#136425000
b1001011 +
1"
#136430000
0"
#136435000
b10010111 +
1"
#136440000
0"
1$
#136445000
b1100 !
b1100 ,
b101110 +
1"
#136450000
0"
0$
#136455000
b1011100 +
1"
#136460000
0"
b110011011 )
#136465000
b10111000 +
1"
#136470000
0"
#136475000
b1110000 +
1"
#136480000
0"
1$
#136485000
b1101 !
b1101 ,
b11100000 +
1"
#136490000
0"
0$
#136495000
b11000000 +
1"
#136500000
0"
b110011100 )
#136505000
b10000001 +
1"
#136510000
0"
#136515000
b11 +
1"
#136520000
0"
1$
#136525000
b100 !
b100 ,
b110 +
1"
#136530000
0"
0$
#136535000
b1100 +
1"
#136540000
0"
b110011101 )
#136545000
b11001 +
1"
#136550000
0"
#136555000
b110010 +
1"
#136560000
0"
1$
#136565000
b1011 !
b1011 ,
b1100100 +
1"
#136570000
0"
0$
#136575000
b11001001 +
1"
#136580000
0"
b110011110 )
#136585000
b10010010 +
1"
#136590000
0"
#136595000
b100100 +
1"
#136600000
0"
1$
#136605000
b10001 !
b10001 ,
b1001001 +
1"
#136610000
0"
0$
#136615000
b10010011 +
1"
#136620000
0"
b110011111 )
#136625000
b100110 +
1"
#136630000
0"
#136635000
b1001101 +
1"
#136640000
0"
1$
#136645000
b10010 !
b10010 ,
b10011011 +
1"
#136650000
0"
0$
#136655000
b110111 +
1"
#136660000
0"
b110100000 )
#136665000
b1101110 +
1"
#136670000
0"
#136675000
b11011100 +
1"
#136680000
0"
1$
#136685000
b1 !
b1 ,
b10111001 +
1"
#136690000
0"
0$
#136695000
b1110010 +
1"
#136700000
0"
b110100001 )
#136705000
b11100100 +
1"
#136710000
0"
#136715000
b11001000 +
1"
#136720000
0"
1$
#136725000
b10010000 +
1"
#136730000
0"
0$
#136735000
b100000 +
1"
#136740000
0"
b110100010 )
#136745000
b1000001 +
1"
#136750000
0"
#136755000
b10000010 +
1"
#136760000
0"
1$
#136765000
b1011 !
b1011 ,
b101 +
1"
#136770000
0"
0$
#136775000
b1010 +
1"
#136780000
0"
b110100011 )
#136785000
b10101 +
1"
#136790000
0"
#136795000
b101011 +
1"
#136800000
0"
1$
#136805000
b100 !
b100 ,
b1010110 +
1"
#136810000
0"
0$
#136815000
b10101101 +
1"
#136820000
0"
b110100100 )
#136825000
b1011011 +
1"
#136830000
0"
#136835000
b10110110 +
1"
#136840000
0"
1$
#136845000
b11 !
b11 ,
b1101101 +
1"
#136850000
0"
0$
#136855000
b11011010 +
1"
#136860000
0"
b110100101 )
#136865000
b10110101 +
1"
#136870000
0"
#136875000
b1101011 +
1"
#136880000
0"
1$
#136885000
b1000 !
b1000 ,
b11010110 +
1"
#136890000
0"
0$
#136895000
b10101100 +
1"
#136900000
0"
b110100110 )
#136905000
b1011001 +
1"
#136910000
0"
#136915000
b10110010 +
1"
#136920000
0"
1$
#136925000
b10011 !
b10011 ,
b1100101 +
1"
#136930000
0"
0$
#136935000
b11001011 +
1"
#136940000
0"
b110100111 )
#136945000
b10010110 +
1"
#136950000
0"
#136955000
b101100 +
1"
#136960000
0"
1$
#136965000
b101 !
b101 ,
b1011000 +
1"
#136970000
0"
0$
#136975000
b10110000 +
1"
#136980000
0"
b110101000 )
#136985000
b1100001 +
1"
#136990000
0"
#136995000
b11000011 +
1"
#137000000
0"
1$
#137005000
b10000 !
b10000 ,
b10000111 +
1"
#137010000
0"
0$
#137015000
b1111 +
1"
#137020000
0"
b110101001 )
#137025000
b11111 +
1"
#137030000
0"
#137035000
b111110 +
1"
#137040000
0"
1$
#137045000
b11 !
b11 ,
b1111101 +
1"
#137050000
0"
0$
#137055000
b11111011 +
1"
#137060000
0"
b110101010 )
#137065000
b11110110 +
1"
#137070000
0"
#137075000
b11101101 +
1"
#137080000
0"
1$
#137085000
b10010 !
b10010 ,
b11011011 +
1"
#137090000
0"
0$
#137095000
b10110111 +
1"
#137100000
0"
b110101011 )
#137105000
b1101111 +
1"
#137110000
0"
#137115000
b11011110 +
1"
#137120000
0"
1$
#137125000
b11 !
b11 ,
b10111101 +
1"
#137130000
0"
0$
#137135000
b1111010 +
1"
#137140000
0"
b110101100 )
#137145000
b11110101 +
1"
#137150000
0"
#137155000
b11101011 +
1"
#137160000
0"
1$
#137165000
b10000 !
b10000 ,
b11010111 +
1"
#137170000
0"
0$
#137175000
b10101110 +
1"
#137180000
0"
b110101101 )
#137185000
b1011101 +
1"
#137190000
0"
#137195000
b10111010 +
1"
#137200000
0"
1$
#137205000
b111 !
b111 ,
b1110100 +
1"
#137210000
0"
0$
#137215000
b11101000 +
1"
#137220000
0"
b110101110 )
#137225000
b11010001 +
1"
#137230000
0"
#137235000
b10100010 +
1"
#137240000
0"
1$
#137245000
b11 !
b11 ,
b1000100 +
1"
#137250000
0"
0$
#137255000
b10001000 +
1"
#137260000
0"
b110101111 )
#137265000
b10000 +
1"
#137270000
0"
#137275000
b100001 +
1"
#137280000
0"
1$
#137285000
b1110 !
b1110 ,
b1000011 +
1"
#137290000
0"
0$
#137295000
b10000110 +
1"
#137300000
0"
b110110000 )
#137305000
b1101 +
1"
#137310000
0"
#137315000
b11011 +
1"
#137320000
0"
1$
#137325000
b1000 !
b1000 ,
b110110 +
1"
#137330000
0"
0$
#137335000
b1101100 +
1"
#137340000
0"
b110110001 )
#137345000
b11011000 +
1"
#137350000
0"
#137355000
b10110001 +
1"
#137360000
0"
1$
#137365000
b10010 !
b10010 ,
b1100011 +
1"
#137370000
0"
0$
#137375000
b11000111 +
1"
#137380000
0"
b110110010 )
#137385000
b10001111 +
1"
#137390000
0"
#137395000
b11110 +
1"
#137400000
0"
1$
#137405000
b1011 !
b1011 ,
b111100 +
1"
#137410000
0"
0$
#137415000
b1111001 +
1"
#137420000
0"
b110110011 )
#137425000
b11110011 +
1"
#137430000
0"
#137435000
b11100111 +
1"
#137440000
0"
1$
#137445000
b1100 !
b1100 ,
b11001110 +
1"
#137450000
0"
0$
#137455000
b10011100 +
1"
#137460000
0"
b110110100 )
#137465000
b111001 +
1"
#137470000
0"
#137475000
b1110011 +
1"
#137480000
0"
1$
#137485000
b10000 !
b10000 ,
b11100110 +
1"
#137490000
0"
0$
#137495000
b11001100 +
1"
#137500000
0"
b110110101 )
#137505000
b10011000 +
1"
#137510000
0"
#137515000
b110001 +
1"
#137520000
0"
1$
#137525000
b1010 !
b1010 ,
b1100010 +
1"
#137530000
0"
0$
#137535000
b11000101 +
1"
#137540000
0"
b110110110 )
#137545000
b10001011 +
1"
#137550000
0"
#137555000
b10110 +
1"
#137560000
0"
1$
#137565000
b11 !
b11 ,
b101101 +
1"
#137570000
0"
0$
#137575000
b1011010 +
1"
#137580000
0"
b110110111 )
#137585000
b10110100 +
1"
#137590000
0"
#137595000
b1101001 +
1"
#137600000
0"
1$
#137605000
b110 !
b110 ,
b11010010 +
1"
#137610000
0"
0$
#137615000
b10100100 +
1"
#137620000
0"
b110111000 )
#137625000
b1001000 +
1"
#137630000
0"
#137635000
b10010001 +
1"
#137640000
0"
1$
#137645000
b100010 +
1"
#137650000
0"
0$
#137655000
b1000101 +
1"
#137660000
0"
b110111001 )
#137665000
b10001010 +
1"
#137670000
0"
#137675000
b10100 +
1"
#137680000
0"
1$
#137685000
b1 !
b1 ,
b101001 +
1"
#137690000
0"
0$
#137695000
b1010010 +
1"
#137700000
0"
b110111010 )
#137705000
b10100101 +
1"
#137710000
0"
#137715000
b1001010 +
1"
#137720000
0"
1$
#137725000
b1111 !
b1111 ,
b10010101 +
1"
#137730000
0"
0$
#137735000
b101010 +
1"
#137740000
0"
b110111011 )
#137745000
b1010100 +
1"
#137750000
0"
#137755000
b10101001 +
1"
#137760000
0"
1$
#137765000
b1010 !
b1010 ,
b1010011 +
1"
#137770000
0"
0$
#137775000
b10100111 +
1"
#137780000
0"
b110111100 )
#137785000
b1001110 +
1"
#137790000
0"
#137795000
b10011101 +
1"
#137800000
0"
1$
#137805000
b10010 !
b10010 ,
b111011 +
1"
#137810000
0"
0$
#137815000
b1110111 +
1"
#137820000
0"
b110111101 )
#137825000
b11101110 +
1"
#137830000
0"
#137835000
b11011101 +
1"
#137840000
0"
1$
#137845000
b10 !
b10 ,
b10111011 +
1"
#137850000
0"
0$
#137855000
b1110110 +
1"
#137860000
0"
b110111110 )
#137865000
b11101100 +
1"
#137870000
0"
#137875000
b11011001 +
1"
#137880000
0"
1$
#137885000
b10010 !
b10010 ,
b10110011 +
1"
#137890000
0"
0$
#137895000
b1100111 +
1"
#137900000
0"
b110111111 )
#137905000
b11001111 +
1"
#137910000
0"
#137915000
b10011110 +
1"
#137920000
0"
1$
#137925000
b10011 !
b10011 ,
b111101 +
1"
#137930000
0"
0$
#137935000
b1111011 +
1"
#137940000
0"
b111000000 )
#137945000
b11110111 +
1"
#137950000
0"
#137955000
b11101111 +
1"
#137960000
0"
1$
#137965000
b10100 !
b10100 ,
b11011111 +
1"
#137970000
0"
0$
#137975000
b10111111 +
1"
#137980000
0"
b111000001 )
#137985000
b1111110 +
1"
#137990000
0"
#137995000
b11111101 +
1"
#138000000
0"
1$
#138005000
b1110 !
b1110 ,
b11111010 +
1"
#138010000
0"
0$
#138015000
b11110100 +
1"
#138020000
0"
b111000010 )
#138025000
b11101001 +
1"
#138030000
0"
#138035000
b11010011 +
1"
#138040000
0"
1$
#138045000
b1100 !
b1100 ,
b10100110 +
1"
#138050000
0"
0$
#138055000
b1001100 +
1"
#138060000
0"
b111000011 )
#138065000
b10011001 +
1"
#138070000
0"
#138075000
b110011 +
1"
#138080000
0"
1$
#138085000
b1100110 +
1"
#138090000
0"
0$
#138095000
b11001101 +
1"
#138100000
0"
b111000100 )
#138105000
b10011010 +
1"
#138110000
0"
#138115000
b110101 +
1"
#138120000
0"
1$
#138125000
b1110 !
b1110 ,
b1101010 +
1"
#138130000
0"
0$
#138135000
b11010100 +
1"
#138140000
0"
b111000101 )
#138145000
b10101000 +
1"
#138150000
0"
#138155000
b1010001 +
1"
#138160000
0"
1$
#138165000
b10 !
b10 ,
b10100011 +
1"
#138170000
0"
0$
#138175000
b1000110 +
1"
#138180000
0"
b111000110 )
#138185000
b10001100 +
1"
#138190000
0"
#138195000
b11000 +
1"
#138200000
0"
1$
#138205000
b101 !
b101 ,
b110000 +
1"
#138210000
0"
0$
#138215000
b1100000 +
1"
#138220000
0"
b111000111 )
#138225000
b11000001 +
1"
#138230000
0"
#138235000
b10000011 +
1"
#138240000
0"
1$
#138245000
b1100 !
b1100 ,
b111 +
1"
#138250000
0"
0$
#138255000
b1110 +
1"
#138260000
0"
b111001000 )
#138265000
b11101 +
1"
#138270000
0"
#138275000
b111010 +
1"
#138280000
0"
1$
#138285000
b10011 !
b10011 ,
b1110101 +
1"
#138290000
0"
0$
#138295000
b11101010 +
1"
#138300000
0"
b111001001 )
#138305000
b11010101 +
1"
#138310000
0"
#138315000
b10101010 +
1"
#138320000
0"
1$
#138325000
b1011 !
b1011 ,
b1010101 +
1"
#138330000
0"
0$
#138335000
b10101011 +
1"
#138340000
0"
b111001010 )
#138345000
b1010111 +
1"
#138350000
0"
#138355000
b10101111 +
1"
#138360000
0"
1$
#138365000
b10000 !
b10000 ,
b1011111 +
1"
#138370000
0"
0$
#138375000
b10111110 +
1"
#138380000
0"
b111001011 )
#138385000
b1111100 +
1"
#138390000
0"
#138395000
b11111001 +
1"
#138400000
0"
1$
#138405000
b1010 !
b1010 ,
b11110010 +
1"
#138410000
0"
0$
#138415000
b11100101 +
1"
#138420000
0"
b111001100 )
#138425000
b11001010 +
1"
#138430000
0"
#138435000
b10010100 +
1"
#138440000
0"
1$
#138445000
b1001 !
b1001 ,
b101000 +
1"
#138450000
0"
0$
#138455000
b1010000 +
1"
#138460000
0"
b111001101 )
#138465000
b10100001 +
1"
#138470000
0"
#138475000
b1000010 +
1"
#138480000
0"
1$
#138485000
b111 !
b111 ,
b10000100 +
1"
#138490000
0"
0$
#138495000
b1001 +
1"
#138500000
0"
b111001110 )
#138505000
b10011 +
1"
#138510000
0"
#138515000
b100111 +
1"
#138520000
0"
1$
#138525000
b10100 !
b10100 ,
b1001111 +
1"
#138530000
0"
0$
#138535000
b10011111 +
1"
#138540000
0"
b111001111 )
#138545000
b111111 +
1"
#138550000
0"
#138555000
b1111111 +
1"
#138560000
0"
1$
#138565000
b1000 !
b1000 ,
b11111111 +
1"
#138570000
0"
0$
#138575000
b11111110 +
1"
#138580000
0"
b111010000 )
#138585000
b11111100 +
1"
#138590000
0"
#138595000
b11111000 +
1"
#138600000
0"
1$
#138605000
b1001 !
b1001 ,
b11110000 +
1"
#138610000
0"
0$
#138615000
b11100001 +
1"
#138620000
0"
b111010001 )
#138625000
b11000010 +
1"
#138630000
0"
#138635000
b10000101 +
1"
#138640000
0"
1$
#138645000
b1110 !
b1110 ,
b1011 +
1"
#138650000
0"
0$
#138655000
b10111 +
1"
#138660000
0"
b111010010 )
#138665000
b101111 +
1"
#138670000
0"
#138675000
b1011110 +
1"
#138680000
0"
1$
#138685000
b1111 !
b1111 ,
b10111100 +
1"
#138690000
0"
0$
#138695000
b1111000 +
1"
#138700000
0"
b111010011 )
#138705000
b11110001 +
1"
#138710000
0"
#138715000
b11100011 +
1"
#138720000
0"
1$
#138725000
b1000 !
b1000 ,
b11000110 +
1"
#138730000
0"
0$
#138735000
b10001101 +
1"
#138740000
0"
b111010100 )
#138745000
b11010 +
1"
#138750000
0"
#138755000
b110100 +
1"
#138760000
0"
1$
#138765000
b1101 !
b1101 ,
b1101000 +
1"
#138770000
0"
0$
#138775000
b11010000 +
1"
#138780000
0"
b111010101 )
#138785000
b10100000 +
1"
#138790000
0"
#138795000
b1000000 +
1"
#138800000
0"
1$
#138805000
b101 !
b101 ,
b10000000 +
1"
#138810000
0"
0$
#138815000
b1 +
1"
#138820000
0"
b111010110 )
#138825000
b10 +
1"
#138830000
0"
#138835000
b100 +
1"
#138840000
0"
1$
#138845000
b1000 +
1"
#138850000
0"
0$
#138855000
b10001 +
1"
#138860000
0"
b111010111 )
#138865000
b100011 +
1"
#138870000
0"
#138875000
b1000111 +
1"
#138880000
0"
1$
#138885000
b1100 !
b1100 ,
b10001110 +
1"
#138890000
0"
0$
#138895000
b11100 +
1"
#138900000
0"
b111011000 )
#138905000
b111000 +
1"
#138910000
0"
#138915000
b1110001 +
1"
#138920000
0"
1$
#138925000
b1110 !
b1110 ,
b11100010 +
1"
#138930000
0"
0$
#138935000
b11000100 +
1"
#138940000
0"
b111011001 )
#138945000
b10001001 +
1"
#138950000
0"
#138955000
b10010 +
1"
#138960000
0"
1$
#138965000
b10011 !
b10011 ,
b100101 +
1"
#138970000
0"
0$
#138975000
b1001011 +
1"
#138980000
0"
b111011010 )
#138985000
b10010111 +
1"
#138990000
0"
#138995000
b101110 +
1"
#139000000
0"
1$
#139005000
b111 !
b111 ,
b1011100 +
1"
#139010000
0"
0$
#139015000
b10111000 +
1"
#139020000
0"
b111011011 )
#139025000
b1110000 +
1"
#139030000
0"
#139035000
b11100000 +
1"
#139040000
0"
1$
#139045000
b101 !
b101 ,
b11000000 +
1"
#139050000
0"
0$
#139055000
b10000001 +
1"
#139060000
0"
b111011100 )
#139065000
b11 +
1"
#139070000
0"
#139075000
b110 +
1"
#139080000
0"
1$
#139085000
b111 !
b111 ,
b1100 +
1"
#139090000
0"
0$
#139095000
b11001 +
1"
#139100000
0"
b111011101 )
#139105000
b110010 +
1"
#139110000
0"
#139115000
b1100100 +
1"
#139120000
0"
1$
#139125000
b1 !
b1 ,
b11001001 +
1"
#139130000
0"
0$
#139135000
b10010010 +
1"
#139140000
0"
b111011110 )
#139145000
b100100 +
1"
#139150000
0"
#139155000
b1001001 +
1"
#139160000
0"
1$
#139165000
b1110 !
b1110 ,
b10010011 +
1"
#139170000
0"
0$
#139175000
b100110 +
1"
#139180000
0"
b111011111 )
#139185000
b1001101 +
1"
#139190000
0"
#139195000
b10011011 +
1"
#139200000
0"
1$
#139205000
b10000 !
b10000 ,
b110111 +
1"
#139210000
0"
0$
#139215000
b1101110 +
1"
#139220000
0"
b111100000 )
#139225000
b11011100 +
1"
#139230000
0"
#139235000
b10111001 +
1"
#139240000
0"
1$
#139245000
b110 !
b110 ,
b1110010 +
1"
#139250000
0"
0$
#139255000
b11100100 +
1"
#139260000
0"
b111100001 )
#139265000
b11001000 +
1"
#139270000
0"
#139275000
b10010000 +
1"
#139280000
0"
1$
#139285000
b101 !
b101 ,
b100000 +
1"
#139290000
0"
0$
#139295000
b1000001 +
1"
#139300000
0"
b111100010 )
#139305000
b10000010 +
1"
#139310000
0"
#139315000
b101 +
1"
#139320000
0"
1$
#139325000
b110 !
b110 ,
b1010 +
1"
#139330000
0"
0$
#139335000
b10101 +
1"
#139340000
0"
b111100011 )
#139345000
b101011 +
1"
#139350000
0"
#139355000
b1010110 +
1"
#139360000
0"
1$
#139365000
b111 !
b111 ,
b10101101 +
1"
#139370000
0"
0$
#139375000
b1011011 +
1"
#139380000
0"
b111100100 )
#139385000
b10110110 +
1"
#139390000
0"
#139395000
b1101101 +
1"
#139400000
0"
1$
#139405000
b1010 !
b1010 ,
b11011010 +
1"
#139410000
0"
0$
#139415000
b10110101 +
1"
#139420000
0"
b111100101 )
#139425000
b1101011 +
1"
#139430000
0"
#139435000
b11010110 +
1"
#139440000
0"
1$
#139445000
b1111 !
b1111 ,
b10101100 +
1"
#139450000
0"
0$
#139455000
b1011001 +
1"
#139460000
0"
b111100110 )
#139465000
b10110010 +
1"
#139470000
0"
#139475000
b1100101 +
1"
#139480000
0"
1$
#139485000
b10 !
b10 ,
b11001011 +
1"
#139490000
0"
0$
#139495000
b10010110 +
1"
#139500000
0"
b111100111 )
#139505000
b101100 +
1"
#139510000
0"
#139515000
b1011000 +
1"
#139520000
0"
1$
#139525000
b1001 !
b1001 ,
b10110000 +
1"
#139530000
0"
0$
#139535000
b1100001 +
1"
#139540000
0"
b111101000 )
#139545000
b11000011 +
1"
#139550000
0"
#139555000
b10000111 +
1"
#139560000
0"
1$
#139565000
b10000 !
b10000 ,
b1111 +
1"
#139570000
0"
0$
#139575000
b11111 +
1"
#139580000
0"
b111101001 )
#139585000
b111110 +
1"
#139590000
0"
#139595000
b1111101 +
1"
#139600000
0"
1$
#139605000
b110 !
b110 ,
b11111011 +
1"
#139610000
0"
0$
#139615000
b11110110 +
1"
#139620000
0"
b111101010 )
#139625000
b11101101 +
1"
#139630000
0"
#139635000
b11011011 +
1"
#139640000
0"
1$
#139645000
b10100 !
b10100 ,
b10110111 +
1"
#139650000
0"
0$
#139655000
b1101111 +
1"
#139660000
0"
b111101011 )
#139665000
b11011110 +
1"
#139670000
0"
#139675000
b10111101 +
1"
#139680000
0"
1$
#139685000
b1010 !
b1010 ,
b1111010 +
1"
#139690000
0"
0$
#139695000
b11110101 +
1"
#139700000
0"
b111101100 )
#139705000
b11101011 +
1"
#139710000
0"
#139715000
b11010111 +
1"
#139720000
0"
1$
#139725000
b10000 !
b10000 ,
b10101110 +
1"
#139730000
0"
0$
#139735000
b1011101 +
1"
#139740000
0"
b111101101 )
#139745000
b10111010 +
1"
#139750000
0"
#139755000
b1110100 +
1"
#139760000
0"
1$
#139765000
b10001 !
b10001 ,
b11101000 +
1"
#139770000
0"
0$
#139775000
b11010001 +
1"
#139780000
0"
b111101110 )
#139785000
b10100010 +
1"
#139790000
0"
#139795000
b1000100 +
1"
#139800000
0"
1$
#139805000
b1001 !
b1001 ,
b10001000 +
1"
#139810000
0"
0$
#139815000
b10000 +
1"
#139820000
0"
b111101111 )
#139825000
b100001 +
1"
#139830000
0"
#139835000
b1000011 +
1"
#139840000
0"
1$
#139845000
b1000 !
b1000 ,
b10000110 +
1"
#139850000
0"
0$
#139855000
b1101 +
1"
#139860000
0"
b111110000 )
#139865000
b11011 +
1"
#139870000
0"
#139875000
b110110 +
1"
#139880000
0"
1$
#139885000
b1111 !
b1111 ,
b1101100 +
1"
#139890000
0"
0$
#139895000
b11011000 +
1"
#139900000
0"
b111110001 )
#139905000
b10110001 +
1"
#139910000
0"
#139915000
b1100011 +
1"
#139920000
0"
1$
#139925000
b10100 !
b10100 ,
b11000111 +
1"
#139930000
0"
0$
#139935000
b10001111 +
1"
#139940000
0"
b111110010 )
#139945000
b11110 +
1"
#139950000
0"
#139955000
b111100 +
1"
#139960000
0"
1$
#139965000
b1 !
b1 ,
b1111001 +
1"
#139970000
0"
0$
#139975000
b11110011 +
1"
#139980000
0"
b111110011 )
#139985000
b11100111 +
1"
#139990000
0"
#139995000
b11001110 +
1"
#140000000
0"
1$
#140005000
b111 !
b111 ,
b10011100 +
1"
#140010000
0"
0$
#140015000
b111001 +
1"
#140020000
0"
b111110100 )
#140025000
b1110011 +
1"
#140030000
0"
#140035000
b11100110 +
1"
#140040000
0"
1$
#140045000
b1011 !
b1011 ,
b11001100 +
1"
#140050000
0"
0$
#140055000
b10011000 +
1"
#140060000
0"
b111110101 )
#140065000
b110001 +
1"
#140070000
0"
#140075000
b1100010 +
1"
#140080000
0"
1$
#140085000
b10011 !
b10011 ,
b11000101 +
1"
#140090000
0"
0$
#140095000
b10001011 +
1"
#140100000
0"
b111110110 )
#140105000
b10110 +
1"
#140110000
0"
#140115000
b101101 +
1"
#140120000
0"
1$
#140125000
b110 !
b110 ,
b1011010 +
1"
#140130000
0"
0$
#140135000
b10110100 +
1"
#140140000
0"
b111110111 )
#140145000
b1101001 +
1"
#140150000
0"
#140155000
b11010010 +
1"
#140160000
0"
1$
#140165000
b1011 !
b1011 ,
b10100100 +
1"
#140170000
0"
0$
#140175000
b1001000 +
1"
#140180000
0"
b111111000 )
#140185000
b10010001 +
1"
#140190000
0"
#140195000
b100010 +
1"
#140200000
0"
1$
#140205000
b1111 !
b1111 ,
b1000101 +
1"
#140210000
0"
0$
#140215000
b10001010 +
1"
#140220000
0"
b111111001 )
#140225000
b10100 +
1"
#140230000
0"
#140235000
b101001 +
1"
#140240000
0"
1$
#140245000
b10 !
b10 ,
b1010010 +
1"
#140250000
0"
0$
#140255000
b10100101 +
1"
#140260000
0"
b111111010 )
#140265000
b1001010 +
1"
#140270000
0"
#140275000
b10010101 +
1"
#140280000
0"
1$
#140285000
b1010 !
b1010 ,
b101010 +
1"
#140290000
0"
0$
#140295000
b1010100 +
1"
#140300000
0"
b111111011 )
#140305000
b10101001 +
1"
#140310000
0"
#140315000
b1010011 +
1"
#140320000
0"
1$
#140325000
b100 !
b100 ,
b10100111 +
1"
#140330000
0"
0$
#140335000
b1001110 +
1"
#140340000
0"
b111111100 )
#140345000
b10011101 +
1"
#140350000
0"
#140355000
b111011 +
1"
#140360000
0"
1$
#140365000
b10100 !
b10100 ,
b1110111 +
1"
#140370000
0"
0$
#140375000
b11101110 +
1"
#140380000
0"
b111111101 )
#140385000
b11011101 +
1"
#140390000
0"
#140395000
b10111011 +
1"
#140400000
0"
1$
#140405000
b1000 !
b1000 ,
b1110110 +
1"
#140410000
0"
0$
#140415000
b11101100 +
1"
#140420000
0"
b111111110 )
#140425000
b11011001 +
1"
#140430000
0"
#140435000
b10110011 +
1"
#140440000
0"
1$
#140445000
b10100 !
b10100 ,
b1100111 +
1"
#140450000
0"
0$
#140455000
b11001111 +
1"
#140460000
0"
b111111111 )
#140465000
b10011110 +
1"
#140470000
0"
#140475000
b111101 +
1"
#140480000
0"
1$
#140485000
b10 !
b10 ,
b1111011 +
1"
#140490000
0"
0$
#140495000
b11110111 +
1"
#140500000
0"
b1000000000 )
#140505000
b11101111 +
1"
#140510000
0"
#140515000
b11011111 +
1"
#140520000
0"
1$
#140525000
b100 !
b100 ,
b10111111 +
1"
#140530000
0"
0$
#140535000
b1111110 +
1"
#140540000
0"
b1000000001 )
#140545000
b11111101 +
1"
#140550000
0"
#140555000
b11111010 +
1"
#140560000
0"
1$
#140565000
b1011 !
b1011 ,
b11110100 +
1"
#140570000
0"
0$
#140575000
b11101001 +
1"
#140580000
0"
b1000000010 )
#140585000
b11010011 +
1"
#140590000
0"
#140595000
b10100110 +
1"
#140600000
0"
1$
#140605000
b111 !
b111 ,
b1001100 +
1"
#140610000
0"
0$
#140615000
b10011001 +
1"
#140620000
0"
b1000000011 )
#140625000
b110011 +
1"
#140630000
0"
#140635000
b1100110 +
1"
#140640000
0"
1$
#140645000
b11 !
b11 ,
b11001101 +
1"
#140650000
0"
0$
#140655000
b10011010 +
1"
#140660000
0"
b1000000100 )
#140665000
b110101 +
1"
#140670000
0"
#140675000
b1101010 +
1"
#140680000
0"
1$
#140685000
b111 !
b111 ,
b11010100 +
1"
#140690000
0"
0$
#140695000
b10101000 +
1"
#140700000
0"
b1000000101 )
#140705000
b1010001 +
1"
#140710000
0"
#140715000
b10100011 +
1"
#140720000
0"
1$
#140725000
b100 !
b100 ,
b1000110 +
1"
#140730000
0"
0$
#140735000
b10001100 +
1"
#140740000
0"
b1000000110 )
#140745000
b11000 +
1"
#140750000
0"
#140755000
b110000 +
1"
#140760000
0"
1$
#140765000
b1001 !
b1001 ,
b1100000 +
1"
#140770000
0"
0$
#140775000
b11000001 +
1"
#140780000
0"
b1000000111 )
#140785000
b10000011 +
1"
#140790000
0"
#140795000
b111 +
1"
#140800000
0"
1$
#140805000
b1000 !
b1000 ,
b1110 +
1"
#140810000
0"
0$
#140815000
b11101 +
1"
#140820000
0"
b1000001000 )
#140825000
b111010 +
1"
#140830000
0"
#140835000
b1110101 +
1"
#140840000
0"
1$
#140845000
b10010 !
b10010 ,
b11101010 +
1"
#140850000
0"
0$
#140855000
b11010101 +
1"
#140860000
0"
b1000001001 )
#140865000
b10101010 +
1"
#140870000
0"
#140875000
b1010101 +
1"
#140880000
0"
1$
#140885000
b110 !
b110 ,
b10101011 +
1"
#140890000
0"
0$
#140895000
b1010111 +
1"
#140900000
0"
b1000001010 )
#140905000
b10101111 +
1"
#140910000
0"
#140915000
b1011111 +
1"
#140920000
0"
1$
#140925000
b10000 !
b10000 ,
b10111110 +
1"
#140930000
0"
0$
#140935000
b1111100 +
1"
#140940000
0"
b1000001011 )
#140945000
b11111001 +
1"
#140950000
0"
#140955000
b11110010 +
1"
#140960000
0"
1$
#140965000
b11 !
b11 ,
b11100101 +
1"
#140970000
0"
0$
#140975000
b11001010 +
1"
#140980000
0"
b1000001100 )
#140985000
b10010100 +
1"
#140990000
0"
#140995000
b101000 +
1"
#141000000
0"
1$
#141005000
b1 !
b1 ,
b1010000 +
1"
#141010000
0"
0$
#141015000
b10100001 +
1"
#141020000
0"
b1000001101 )
#141025000
b1000010 +
1"
#141030000
0"
#141035000
b10000100 +
1"
#141040000
0"
1$
#141045000
b1101 !
b1101 ,
b1001 +
1"
#141050000
0"
0$
#141055000
b10011 +
1"
#141060000
0"
b1000001110 )
#141065000
b100111 +
1"
#141070000
0"
#141075000
b1001111 +
1"
#141080000
0"
1$
#141085000
b10100 !
b10100 ,
b10011111 +
1"
#141090000
0"
0$
#141095000
b111111 +
1"
#141100000
0"
b1000001111 )
#141105000
b1111111 +
1"
#141110000
0"
#141115000
b11111111 +
1"
#141120000
0"
1$
#141125000
b10000 !
b10000 ,
b11111110 +
1"
#141130000
0"
0$
#141135000
b11111100 +
1"
#141140000
0"
b1000010000 )
#141145000
b11111000 +
1"
#141150000
0"
#141155000
b11110000 +
1"
#141160000
0"
1$
#141165000
b1 !
b1 ,
b11100001 +
1"
#141170000
0"
0$
#141175000
b11000010 +
1"
#141180000
0"
b1000010001 )
#141185000
b10000101 +
1"
#141190000
0"
#141195000
b1011 +
1"
#141200000
0"
1$
#141205000
b1100 !
b1100 ,
b10111 +
1"
#141210000
0"
0$
#141215000
b101111 +
1"
#141220000
0"
b1000010010 )
#141225000
b1011110 +
1"
#141230000
0"
#141235000
b10111100 +
1"
#141240000
0"
1$
#141245000
b1001 !
b1001 ,
b1111000 +
1"
#141250000
0"
0$
#141255000
b11110001 +
1"
#141260000
0"
b1000010011 )
#141265000
b11100011 +
1"
#141270000
0"
#141275000
b11000110 +
1"
#141280000
0"
1$
#141285000
b10011 !
b10011 ,
b10001101 +
1"
#141290000
0"
0$
#141295000
b11010 +
1"
#141300000
0"
b1000010100 )
#141305000
b110100 +
1"
#141310000
0"
#141315000
b1101000 +
1"
#141320000
0"
1$
#141325000
b101 !
b101 ,
b11010000 +
1"
#141330000
0"
0$
#141335000
b10100000 +
1"
#141340000
0"
b1000010101 )
#141345000
b1000000 +
1"
#141350000
0"
#141355000
b10000000 +
1"
#141360000
0"
1$
#141365000
b1001 !
b1001 ,
b1 +
1"
#141370000
0"
0$
#141375000
b10 +
1"
#141380000
0"
b1000010110 )
#141385000
b100 +
1"
#141390000
0"
#141395000
b1000 +
1"
#141400000
0"
1$
#141405000
b10001 +
1"
#141410000
0"
0$
#141415000
b100011 +
1"
#141420000
0"
b1000010111 )
#141425000
b1000111 +
1"
#141430000
0"
#141435000
b10001110 +
1"
#141440000
0"
1$
#141445000
b11 !
b11 ,
b11100 +
1"
#141450000
0"
0$
#141455000
b111000 +
1"
#141460000
0"
b1000011000 )
#141465000
b1110001 +
1"
#141470000
0"
#141475000
b11100010 +
1"
#141480000
0"
1$
#141485000
b111 !
b111 ,
b11000100 +
1"
#141490000
0"
0$
#141495000
b10001001 +
1"
#141500000
0"
b1000011001 )
#141505000
b10010 +
1"
#141510000
0"
#141515000
b100101 +
1"
#141520000
0"
1$
#141525000
b10010 !
b10010 ,
b1001011 +
1"
#141530000
0"
0$
#141535000
b10010111 +
1"
#141540000
0"
b1000011010 )
#141545000
b101110 +
1"
#141550000
0"
#141555000
b1011100 +
1"
#141560000
0"
1$
#141565000
b1101 !
b1101 ,
b10111000 +
1"
#141570000
0"
0$
#141575000
b1110000 +
1"
#141580000
0"
b1000011011 )
#141585000
b11100000 +
1"
#141590000
0"
#141595000
b11000000 +
1"
#141600000
0"
1$
#141605000
b10000001 +
1"
#141610000
0"
0$
#141615000
b11 +
1"
#141620000
0"
b1000011100 )
#141625000
b110 +
1"
#141630000
0"
#141635000
b1100 +
1"
#141640000
0"
1$
#141645000
b11001 +
1"
#141650000
0"
0$
#141655000
b110010 +
1"
#141660000
0"
b1000011101 )
#141665000
b1100100 +
1"
#141670000
0"
#141675000
b11001001 +
1"
#141680000
0"
1$
#141685000
b10 !
b10 ,
b10010010 +
1"
#141690000
0"
0$
#141695000
b100100 +
1"
#141700000
0"
b1000011110 )
#141705000
b1001001 +
1"
#141710000
0"
#141715000
b10010011 +
1"
#141720000
0"
1$
#141725000
b1000 !
b1000 ,
b100110 +
1"
#141730000
0"
0$
#141735000
b1001101 +
1"
#141740000
0"
b1000011111 )
#141745000
b10011011 +
1"
#141750000
0"
#141755000
b110111 +
1"
#141760000
0"
1$
#141765000
b10000 !
b10000 ,
b1101110 +
1"
#141770000
0"
0$
#141775000
b11011100 +
1"
#141780000
0"
b1000100000 )
#141785000
b10111001 +
1"
#141790000
0"
#141795000
b1110010 +
1"
#141800000
0"
1$
#141805000
b1111 !
b1111 ,
b11100100 +
1"
#141810000
0"
0$
#141815000
b11001000 +
1"
#141820000
0"
b1000100001 )
#141825000
b10010000 +
1"
#141830000
0"
#141835000
b100000 +
1"
#141840000
0"
1$
#141845000
b1101 !
b1101 ,
b1000001 +
1"
#141850000
0"
0$
#141855000
b10000010 +
1"
#141860000
0"
b1000100010 )
#141865000
b101 +
1"
#141870000
0"
#141875000
b1010 +
1"
#141880000
0"
1$
#141885000
b1011 !
b1011 ,
b10101 +
1"
#141890000
0"
0$
#141895000
b101011 +
1"
#141900000
0"
b1000100011 )
#141905000
b1010110 +
1"
#141910000
0"
#141915000
b10101101 +
1"
#141920000
0"
1$
#141925000
b1110 !
b1110 ,
b1011011 +
1"
#141930000
0"
0$
#141935000
b10110110 +
1"
#141940000
0"
b1000100100 )
#141945000
b1101101 +
1"
#141950000
0"
#141955000
b11011010 +
1"
#141960000
0"
1$
#141965000
b10011 !
b10011 ,
b10110101 +
1"
#141970000
0"
0$
#141975000
b1101011 +
1"
#141980000
0"
b1000100101 )
#141985000
b11010110 +
1"
#141990000
0"
#141995000
b10101100 +
1"
#142000000
0"
1$
#142005000
b1101 !
b1101 ,
b1011001 +
1"
#142010000
0"
0$
#142015000
b10110010 +
1"
#142020000
0"
b1000100110 )
#142025000
b1100101 +
1"
#142030000
0"
#142035000
b11001011 +
1"
#142040000
0"
1$
#142045000
b100 !
b100 ,
b10010110 +
1"
#142050000
0"
0$
#142055000
b101100 +
1"
#142060000
0"
b1000100111 )
#142065000
b1011000 +
1"
#142070000
0"
#142075000
b10110000 +
1"
#142080000
0"
1$
#142085000
b10001 !
b10001 ,
b1100001 +
1"
#142090000
0"
0$
#142095000
b11000011 +
1"
#142100000
0"
b1000101000 )
#142105000
b10000111 +
1"
#142110000
0"
#142115000
b1111 +
1"
#142120000
0"
1$
#142125000
b10000 !
b10000 ,
b11111 +
1"
#142130000
0"
0$
#142135000
b111110 +
1"
#142140000
0"
b1000101001 )
#142145000
b1111101 +
1"
#142150000
0"
#142155000
b11111011 +
1"
#142160000
0"
1$
#142165000
b1100 !
b1100 ,
b11110110 +
1"
#142170000
0"
0$
#142175000
b11101101 +
1"
#142180000
0"
b1000101010 )
#142185000
b11011011 +
1"
#142190000
0"
#142195000
b10110111 +
1"
#142200000
0"
1$
#142205000
b100 !
b100 ,
b1101111 +
1"
#142210000
0"
0$
#142215000
b11011110 +
1"
#142220000
0"
b1000101011 )
#142225000
b10111101 +
1"
#142230000
0"
#142235000
b1111010 +
1"
#142240000
0"
1$
#142245000
b11 !
b11 ,
b11110101 +
1"
#142250000
0"
0$
#142255000
b11101011 +
1"
#142260000
0"
b1000101100 )
#142265000
b11010111 +
1"
#142270000
0"
#142275000
b10101110 +
1"
#142280000
0"
1$
#142285000
b1111 !
b1111 ,
b1011101 +
1"
#142290000
0"
0$
#142295000
b10111010 +
1"
#142300000
0"
b1000101101 )
#142305000
b1110100 +
1"
#142310000
0"
#142315000
b11101000 +
1"
#142320000
0"
1$
#142325000
b1101 !
b1101 ,
b11010001 +
1"
#142330000
0"
0$
#142335000
b10100010 +
1"
#142340000
0"
b1000101110 )
#142345000
b1000100 +
1"
#142350000
0"
#142355000
b10001000 +
1"
#142360000
0"
1$
#142365000
b10001 !
b10001 ,
b10000 +
1"
#142370000
0"
0$
#142375000
b100001 +
1"
#142380000
0"
b1000101111 )
#142385000
b1000011 +
1"
#142390000
0"
#142395000
b10000110 +
1"
#142400000
0"
1$
#142405000
b1111 !
b1111 ,
b1101 +
1"
#142410000
0"
0$
#142415000
b11011 +
1"
#142420000
0"
b1000110000 )
#142425000
b110110 +
1"
#142430000
0"
#142435000
b1101100 +
1"
#142440000
0"
1$
#142445000
b1001 !
b1001 ,
b11011000 +
1"
#142450000
0"
0$
#142455000
b10110001 +
1"
#142460000
0"
b1000110001 )
#142465000
b1100011 +
1"
#142470000
0"
#142475000
b11000111 +
1"
#142480000
0"
1$
#142485000
b10100 !
b10100 ,
b10001111 +
1"
#142490000
0"
0$
#142495000
b11110 +
1"
#142500000
0"
b1000110010 )
#142505000
b111100 +
1"
#142510000
0"
#142515000
b1111001 +
1"
#142520000
0"
1$
#142525000
b10 !
b10 ,
b11110011 +
1"
#142530000
0"
0$
#142535000
b11100111 +
1"
#142540000
0"
b1000110011 )
#142545000
b11001110 +
1"
#142550000
0"
#142555000
b10011100 +
1"
#142560000
0"
1$
#142565000
b10001 !
b10001 ,
b111001 +
1"
#142570000
0"
0$
#142575000
b1110011 +
1"
#142580000
0"
b1000110100 )
#142585000
b11100110 +
1"
#142590000
0"
#142595000
b11001100 +
1"
#142600000
0"
1$
#142605000
b101 !
b101 ,
b10011000 +
1"
#142610000
0"
0$
#142615000
b110001 +
1"
#142620000
0"
b1000110101 )
#142625000
b1100010 +
1"
#142630000
0"
#142635000
b11000101 +
1"
#142640000
0"
1$
#142645000
b10010 !
b10010 ,
b10001011 +
1"
#142650000
0"
0$
#142655000
b10110 +
1"
#142660000
0"
b1000110110 )
#142665000
b101101 +
1"
#142670000
0"
#142675000
b1011010 +
1"
#142680000
0"
1$
#142685000
b1011 !
b1011 ,
b10110100 +
1"
#142690000
0"
0$
#142695000
b1101001 +
1"
#142700000
0"
b1000110111 )
#142705000
b11010010 +
1"
#142710000
0"
#142715000
b10100100 +
1"
#142720000
0"
1$
#142725000
b101 !
b101 ,
b1001000 +
1"
#142730000
0"
0$
#142735000
b10010001 +
1"
#142740000
0"
b1000111000 )
#142745000
b100010 +
1"
#142750000
0"
#142755000
b1000101 +
1"
#142760000
0"
1$
#142765000
b1010 !
b1010 ,
b10001010 +
1"
#142770000
0"
0$
#142775000
b10100 +
1"
#142780000
0"
b1000111001 )
#142785000
b101001 +
1"
#142790000
0"
#142795000
b1010010 +
1"
#142800000
0"
1$
#142805000
b11 !
b11 ,
b10100101 +
1"
#142810000
0"
0$
#142815000
b1001010 +
1"
#142820000
0"
b1000111010 )
#142825000
b10010101 +
1"
#142830000
0"
#142835000
b101010 +
1"
#142840000
0"
1$
#142845000
b1010100 +
1"
#142850000
0"
0$
#142855000
b10101001 +
1"
#142860000
0"
b1000111011 )
#142865000
b1010011 +
1"
#142870000
0"
#142875000
b10100111 +
1"
#142880000
0"
1$
#142885000
b1000 !
b1000 ,
b1001110 +
1"
#142890000
0"
0$
#142895000
b10011101 +
1"
#142900000
0"
b1000111100 )
#142905000
b111011 +
1"
#142910000
0"
#142915000
b1110111 +
1"
#142920000
0"
1$
#142925000
b10100 !
b10100 ,
b11101110 +
1"
#142930000
0"
0$
#142935000
b11011101 +
1"
#142940000
0"
b1000111101 )
#142945000
b10111011 +
1"
#142950000
0"
#142955000
b1110110 +
1"
#142960000
0"
1$
#142965000
b10011 !
b10011 ,
b11101100 +
1"
#142970000
0"
0$
#142975000
b11011001 +
1"
#142980000
0"
b1000111110 )
#142985000
b10110011 +
1"
#142990000
0"
#142995000
b1100111 +
1"
#143000000
0"
1$
#143005000
b100 !
b100 ,
b11001111 +
1"
#143010000
0"
0$
#143015000
b10011110 +
1"
#143020000
0"
b1000111111 )
#143025000
b111101 +
1"
#143030000
0"
#143035000
b1111011 +
1"
#143040000
0"
1$
#143045000
b11110111 +
1"
#143050000
0"
0$
#143055000
b11101111 +
1"
#143060000
0"
b1001000000 )
#143065000
b11011111 +
1"
#143070000
0"
#143075000
b10111111 +
1"
#143080000
0"
1$
#143085000
b1100 !
b1100 ,
b1111110 +
1"
#143090000
0"
0$
#143095000
b11111101 +
1"
#143100000
0"
b1001000001 )
#143105000
b11111010 +
1"
#143110000
0"
#143115000
b11110100 +
1"
#143120000
0"
1$
#143125000
b101 !
b101 ,
b11101001 +
1"
#143130000
0"
0$
#143135000
b11010011 +
1"
#143140000
0"
b1001000010 )
#143145000
b10100110 +
1"
#143150000
0"
#143155000
b1001100 +
1"
#143160000
0"
1$
#143165000
b10001 !
b10001 ,
b10011001 +
1"
#143170000
0"
0$
#143175000
b110011 +
1"
#143180000
0"
b1001000011 )
#143185000
b1100110 +
1"
#143190000
0"
#143195000
b11001101 +
1"
#143200000
0"
1$
#143205000
b110 !
b110 ,
b10011010 +
1"
#143210000
0"
0$
#143215000
b110101 +
1"
#143220000
0"
b1001000100 )
#143225000
b1101010 +
1"
#143230000
0"
#143235000
b11010100 +
1"
#143240000
0"
1$
#143245000
b1101 !
b1101 ,
b10101000 +
1"
#143250000
0"
0$
#143255000
b1010001 +
1"
#143260000
0"
b1001000101 )
#143265000
b10100011 +
1"
#143270000
0"
#143275000
b1000110 +
1"
#143280000
0"
1$
#143285000
b1011 !
b1011 ,
b10001100 +
1"
#143290000
0"
0$
#143295000
b11000 +
1"
#143300000
0"
b1001000110 )
#143305000
b110000 +
1"
#143310000
0"
#143315000
b1100000 +
1"
#143320000
0"
1$
#143325000
b10001 !
b10001 ,
b11000001 +
1"
#143330000
0"
0$
#143335000
b10000011 +
1"
#143340000
0"
b1001000111 )
#143345000
b111 +
1"
#143350000
0"
#143355000
b1110 +
1"
#143360000
0"
1$
#143365000
b1111 !
b1111 ,
b11101 +
1"
#143370000
0"
0$
#143375000
b111010 +
1"
#143380000
0"
b1001001000 )
#143385000
b1110101 +
1"
#143390000
0"
#143395000
b11101010 +
1"
#143400000
0"
1$
#143405000
b11010101 +
1"
#143410000
0"
0$
#143415000
b10101010 +
1"
#143420000
0"
b1001001001 )
#143425000
b1010101 +
1"
#143430000
0"
#143435000
b10101011 +
1"
#143440000
0"
1$
#143445000
b1100 !
b1100 ,
b1010111 +
1"
#143450000
0"
0$
#143455000
b10101111 +
1"
#143460000
0"
b1001001010 )
#143465000
b1011111 +
1"
#143470000
0"
#143475000
b10111110 +
1"
#143480000
0"
1$
#143485000
b1011 !
b1011 ,
b1111100 +
1"
#143490000
0"
0$
#143495000
b11111001 +
1"
#143500000
0"
b1001001011 )
#143505000
b11110010 +
1"
#143510000
0"
#143515000
b11100101 +
1"
#143520000
0"
1$
#143525000
b1010 !
b1010 ,
b11001010 +
1"
#143530000
0"
0$
#143535000
b10010100 +
1"
#143540000
0"
b1001001100 )
#143545000
b101000 +
1"
#143550000
0"
#143555000
b1010000 +
1"
#143560000
0"
1$
#143565000
b1 !
b1 ,
b10100001 +
1"
#143570000
0"
0$
#143575000
b1000010 +
1"
#143580000
0"
b1001001101 )
#143585000
b10000100 +
1"
#143590000
0"
#143595000
b1001 +
1"
#143600000
0"
1$
#143605000
b1010 !
b1010 ,
b10011 +
1"
#143610000
0"
0$
#143615000
b100111 +
1"
#143620000
0"
b1001001110 )
#143625000
b1001111 +
1"
#143630000
0"
#143635000
b10011111 +
1"
#143640000
0"
1$
#143645000
b10100 !
b10100 ,
b111111 +
1"
#143650000
0"
0$
#143655000
b1111111 +
1"
#143660000
0"
b1001001111 )
#143665000
b11111111 +
1"
#143670000
0"
#143675000
b11111110 +
1"
#143680000
0"
1$
#143685000
b1111 !
b1111 ,
b11111100 +
1"
#143690000
0"
0$
#143695000
b11111000 +
1"
#143700000
0"
b1001010000 )
#143705000
b11110000 +
1"
#143710000
0"
#143715000
b11100001 +
1"
#143720000
0"
1$
#143725000
b110 !
b110 ,
b11000010 +
1"
#143730000
0"
0$
#143735000
b10000101 +
1"
#143740000
0"
b1001010001 )
#143745000
b1011 +
1"
#143750000
0"
#143755000
b10111 +
1"
#143760000
0"
1$
#143765000
b100 !
b100 ,
b101111 +
1"
#143770000
0"
0$
#143775000
b1011110 +
1"
#143780000
0"
b1001010010 )
#143785000
b10111100 +
1"
#143790000
0"
#143795000
b1111000 +
1"
#143800000
0"
1$
#143805000
b1 !
b1 ,
b11110001 +
1"
#143810000
0"
0$
#143815000
b11100011 +
1"
#143820000
0"
b1001010011 )
#143825000
b11000110 +
1"
#143830000
0"
#143835000
b10001101 +
1"
#143840000
0"
1$
#143845000
b10 !
b10 ,
b11010 +
1"
#143850000
0"
0$
#143855000
b110100 +
1"
#143860000
0"
b1001010100 )
#143865000
b1101000 +
1"
#143870000
0"
#143875000
b11010000 +
1"
#143880000
0"
1$
#143885000
b1001 !
b1001 ,
b10100000 +
1"
#143890000
0"
0$
#143895000
b1000000 +
1"
#143900000
0"
b1001010101 )
#143905000
b10000000 +
1"
#143910000
0"
#143915000
b1 +
1"
#143920000
0"
1$
#143925000
b10 !
b10 ,
b10 +
1"
#143930000
0"
0$
#143935000
b100 +
1"
#143940000
0"
b1001010110 )
#143945000
b1000 +
1"
#143950000
0"
#143955000
b10001 +
1"
#143960000
0"
1$
#143965000
b10010 !
b10010 ,
b100011 +
1"
#143970000
0"
0$
#143975000
b1000111 +
1"
#143980000
0"
b1001010111 )
#143985000
b10001110 +
1"
#143990000
0"
#143995000
b11100 +
1"
#144000000
0"
1$
#144005000
b1001 !
b1001 ,
b111000 +
1"
#144010000
0"
0$
#144015000
b1110001 +
1"
#144020000
0"
b1001011000 )
#144025000
b11100010 +
1"
#144030000
0"
#144035000
b11000100 +
1"
#144040000
0"
1$
#144045000
b10001 !
b10001 ,
b10001001 +
1"
#144050000
0"
0$
#144055000
b10010 +
1"
#144060000
0"
b1001011001 )
#144065000
b100101 +
1"
#144070000
0"
#144075000
b1001011 +
1"
#144080000
0"
1$
#144085000
b10000 !
b10000 ,
b10010111 +
1"
#144090000
0"
0$
#144095000
b101110 +
1"
#144100000
0"
b1001011010 )
#144105000
b1011100 +
1"
#144110000
0"
#144115000
b10111000 +
1"
#144120000
0"
1$
#144125000
b101 !
b101 ,
b1110000 +
1"
#144130000
0"
0$
#144135000
b11100000 +
1"
#144140000
0"
b1001011011 )
#144145000
b11000000 +
1"
#144150000
0"
#144155000
b10000001 +
1"
#144160000
0"
1$
#144165000
b1010 !
b1010 ,
b11 +
1"
#144170000
0"
0$
#144175000
b110 +
1"
#144180000
0"
b1001011100 )
#144185000
b1100 +
1"
#144190000
0"
#144195000
b11001 +
1"
#144200000
0"
1$
#144205000
b110 !
b110 ,
b110010 +
1"
#144210000
0"
0$
#144215000
b1100100 +
1"
#144220000
0"
b1001011101 )
#144225000
b11001001 +
1"
#144230000
0"
#144235000
b10010010 +
1"
#144240000
0"
1$
#144245000
b111 !
b111 ,
b100100 +
1"
#144250000
0"
0$
#144255000
b1001001 +
1"
#144260000
0"
b1001011110 )
#144265000
b10010011 +
1"
#144270000
0"
#144275000
b100110 +
1"
#144280000
0"
1$
#144285000
b10011 !
b10011 ,
b1001101 +
1"
#144290000
0"
0$
#144295000
b10011011 +
1"
#144300000
0"
b1001011111 )
#144305000
b110111 +
1"
#144310000
0"
#144315000
b1101110 +
1"
#144320000
0"
1$
#144325000
b1011 !
b1011 ,
b11011100 +
1"
#144330000
0"
0$
#144335000
b10111001 +
1"
#144340000
0"
b1001100000 )
#144345000
b1110010 +
1"
#144350000
0"
#144355000
b11100100 +
1"
#144360000
0"
1$
#144365000
b1001 !
b1001 ,
b11001000 +
1"
#144370000
0"
0$
#144375000
b10010000 +
1"
#144380000
0"
b1001100001 )
#144385000
b100000 +
1"
#144390000
0"
#144395000
b1000001 +
1"
#144400000
0"
1$
#144405000
b110 !
b110 ,
b10000010 +
1"
#144410000
0"
0$
#144415000
b101 +
1"
#144420000
0"
b1001100010 )
#144425000
b1010 +
1"
#144430000
0"
#144435000
b10101 +
1"
#144440000
0"
1$
#144445000
b10 !
b10 ,
b101011 +
1"
#144450000
0"
0$
#144455000
b1010110 +
1"
#144460000
0"
b1001100011 )
#144465000
b10101101 +
1"
#144470000
0"
#144475000
b1011011 +
1"
#144480000
0"
1$
#144485000
b1100 !
b1100 ,
b10110110 +
1"
#144490000
0"
0$
#144495000
b1101101 +
1"
#144500000
0"
b1001100100 )
#144505000
b11011010 +
1"
#144510000
0"
#144515000
b10110101 +
1"
#144520000
0"
1$
#144525000
b10 !
b10 ,
b1101011 +
1"
#144530000
0"
0$
#144535000
b11010110 +
1"
#144540000
0"
b1001100101 )
#144545000
b10101100 +
1"
#144550000
0"
#144555000
b1011001 +
1"
#144560000
0"
1$
#144565000
b1010 !
b1010 ,
b10110010 +
1"
#144570000
0"
0$
#144575000
b1100101 +
1"
#144580000
0"
b1001100110 )
#144585000
b11001011 +
1"
#144590000
0"
#144595000
b10010110 +
1"
#144600000
0"
1$
#144605000
b1011 !
b1011 ,
b101100 +
1"
#144610000
0"
0$
#144615000
b1011000 +
1"
#144620000
0"
b1001100111 )
#144625000
b10110000 +
1"
#144630000
0"
#144635000
b1100001 +
1"
#144640000
0"
1$
#144645000
b10010 !
b10010 ,
b11000011 +
1"
#144650000
0"
0$
#144655000
b10000111 +
1"
#144660000
0"
b1001101000 )
#144665000
b1111 +
1"
#144670000
0"
#144675000
b11111 +
1"
#144680000
0"
1$
#144685000
b1100 !
b1100 ,
b111110 +
1"
#144690000
0"
0$
#144695000
b1111101 +
1"
#144700000
0"
b1001101001 )
#144705000
b11111011 +
1"
#144710000
0"
#144715000
b11110110 +
1"
#144720000
0"
1$
#144725000
b111 !
b111 ,
b11101101 +
1"
#144730000
0"
0$
#144735000
b11011011 +
1"
#144740000
0"
b1001101010 )
#144745000
b10110111 +
1"
#144750000
0"
#144755000
b1101111 +
1"
#144760000
0"
1$
#144765000
b1100 !
b1100 ,
b11011110 +
1"
#144770000
0"
0$
#144775000
b10111101 +
1"
#144780000
0"
b1001101011 )
#144785000
b1111010 +
1"
#144790000
0"
#144795000
b11110101 +
1"
#144800000
0"
1$
#144805000
b110 !
b110 ,
b11101011 +
1"
#144810000
0"
0$
#144815000
b11010111 +
1"
#144820000
0"
b1001101100 )
#144825000
b10101110 +
1"
#144830000
0"
#144835000
b1011101 +
1"
#144840000
0"
1$
#144845000
b1110 !
b1110 ,
b10111010 +
1"
#144850000
0"
0$
#144855000
b1110100 +
1"
#144860000
0"
b1001101101 )
#144865000
b11101000 +
1"
#144870000
0"
#144875000
b11010001 +
1"
#144880000
0"
1$
#144885000
b1010 !
b1010 ,
b10100010 +
1"
#144890000
0"
0$
#144895000
b1000100 +
1"
#144900000
0"
b1001101110 )
#144905000
b10001000 +
1"
#144910000
0"
#144915000
b10000 +
1"
#144920000
0"
1$
#144925000
b10001 !
b10001 ,
b100001 +
1"
#144930000
0"
0$
#144935000
b1000011 +
1"
#144940000
0"
b1001101111 )
#144945000
b10000110 +
1"
#144950000
0"
#144955000
b1101 +
1"
#144960000
0"
1$
#144965000
b1110 !
b1110 ,
b11011 +
1"
#144970000
0"
0$
#144975000
b110110 +
1"
#144980000
0"
b1001110000 )
#144985000
b1101100 +
1"
#144990000
0"
#144995000
b11011000 +
1"
#145000000
0"
1$
#145005000
b10001 !
b10001 ,
b10110001 +
1"
#145010000
0"
0$
#145015000
b1100011 +
1"
#145020000
0"
b1001110001 )
#145025000
b11000111 +
1"
#145030000
0"
#145035000
b10001111 +
1"
#145040000
0"
1$
#145045000
b100 !
b100 ,
b11110 +
1"
#145050000
0"
0$
#145055000
b111100 +
1"
#145060000
0"
b1001110010 )
#145065000
b1111001 +
1"
#145070000
0"
#145075000
b11110011 +
1"
#145080000
0"
1$
#145085000
b11100111 +
1"
#145090000
0"
0$
#145095000
b11001110 +
1"
#145100000
0"
b1001110011 )
#145105000
b10011100 +
1"
#145110000
0"
#145115000
b111001 +
1"
#145120000
0"
1$
#145125000
b10010 !
b10010 ,
b1110011 +
1"
#145130000
0"
0$
#145135000
b11100110 +
1"
#145140000
0"
b1001110100 )
#145145000
b11001100 +
1"
#145150000
0"
#145155000
b10011000 +
1"
#145160000
0"
1$
#145165000
b1101 !
b1101 ,
b110001 +
1"
#145170000
0"
0$
#145175000
b1100010 +
1"
#145180000
0"
b1001110101 )
#145185000
b11000101 +
1"
#145190000
0"
#145195000
b10001011 +
1"
#145200000
0"
1$
#145205000
b10100 !
b10100 ,
b10110 +
1"
#145210000
0"
0$
#145215000
b101101 +
1"
#145220000
0"
b1001110110 )
#145225000
b1011010 +
1"
#145230000
0"
#145235000
b10110100 +
1"
#145240000
0"
1$
#145245000
b1 !
b1 ,
b1101001 +
1"
#145250000
0"
0$
#145255000
b11010010 +
1"
#145260000
0"
b1001110111 )
#145265000
b10100100 +
1"
#145270000
0"
#145275000
b1001000 +
1"
#145280000
0"
1$
#145285000
b1101 !
b1101 ,
b10010001 +
1"
#145290000
0"
0$
#145295000
b100010 +
1"
#145300000
0"
b1001111000 )
#145305000
b1000101 +
1"
#145310000
0"
#145315000
b10001010 +
1"
#145320000
0"
1$
#145325000
b10011 !
b10011 ,
b10100 +
1"
#145330000
0"
0$
#145335000
b101001 +
1"
#145340000
0"
b1001111001 )
#145345000
b1010010 +
1"
#145350000
0"
#145355000
b10100101 +
1"
#145360000
0"
1$
#145365000
b110 !
b110 ,
b1001010 +
1"
#145370000
0"
0$
#145375000
b10010101 +
1"
#145380000
0"
b1001111010 )
#145385000
b101010 +
1"
#145390000
0"
#145395000
b1010100 +
1"
#145400000
0"
1$
#145405000
b101 !
b101 ,
b10101001 +
1"
#145410000
0"
0$
#145415000
b1010011 +
1"
#145420000
0"
b1001111011 )
#145425000
b10100111 +
1"
#145430000
0"
#145435000
b1001110 +
1"
#145440000
0"
1$
#145445000
b10011 !
b10011 ,
b10011101 +
1"
#145450000
0"
0$
#145455000
b111011 +
1"
#145460000
0"
b1001111100 )
#145465000
b1110111 +
1"
#145470000
0"
#145475000
b11101110 +
1"
#145480000
0"
1$
#145485000
b11011101 +
1"
#145490000
0"
0$
#145495000
b10111011 +
1"
#145500000
0"
b1001111101 )
#145505000
b1110110 +
1"
#145510000
0"
#145515000
b11101100 +
1"
#145520000
0"
1$
#145525000
b10001 !
b10001 ,
b11011001 +
1"
#145530000
0"
0$
#145535000
b10110011 +
1"
#145540000
0"
b1001111110 )
#145545000
b1100111 +
1"
#145550000
0"
#145555000
b11001111 +
1"
#145560000
0"
1$
#145565000
b1000 !
b1000 ,
b10011110 +
1"
#145570000
0"
0$
#145575000
b111101 +
1"
#145580000
0"
b1001111111 )
#145585000
b1111011 +
1"
#145590000
0"
#145595000
b11110111 +
1"
#145600000
0"
1$
#145605000
b11101111 +
1"
#145610000
0"
0$
#145615000
b11011111 +
1"
#145620000
0"
b1010000000 )
#145625000
b10111111 +
1"
#145630000
0"
#145635000
b1111110 +
1"
#145640000
0"
1$
#145645000
b111 !
b111 ,
b11111101 +
1"
#145650000
0"
0$
#145655000
b11111010 +
1"
#145660000
0"
b1010000001 )
#145665000
b11110100 +
1"
#145670000
0"
#145675000
b11101001 +
1"
#145680000
0"
1$
#145685000
b1110 !
b1110 ,
b11010011 +
1"
#145690000
0"
0$
#145695000
b10100110 +
1"
#145700000
0"
b1010000010 )
#145705000
b1001100 +
1"
#145710000
0"
#145715000
b10011001 +
1"
#145720000
0"
1$
#145725000
b110011 +
1"
#145730000
0"
0$
#145735000
b1100110 +
1"
#145740000
0"
b1010000011 )
#145745000
b11001101 +
1"
#145750000
0"
#145755000
b10011010 +
1"
#145760000
0"
1$
#145765000
b1111 !
b1111 ,
b110101 +
1"
#145770000
0"
0$
#145775000
b1101010 +
1"
#145780000
0"
b1010000100 )
#145785000
b11010100 +
1"
#145790000
0"
#145795000
b10101000 +
1"
#145800000
0"
1$
#145805000
b1001 !
b1001 ,
b1010001 +
1"
#145810000
0"
0$
#145815000
b10100011 +
1"
#145820000
0"
b1010000101 )
#145825000
b1000110 +
1"
#145830000
0"
#145835000
b10001100 +
1"
#145840000
0"
1$
#145845000
b1 !
b1 ,
b11000 +
1"
#145850000
0"
0$
#145855000
b110000 +
1"
#145860000
0"
b1010000110 )
#145865000
b1100000 +
1"
#145870000
0"
#145875000
b11000001 +
1"
#145880000
0"
1$
#145885000
b1110 !
b1110 ,
b10000011 +
1"
#145890000
0"
0$
#145895000
b111 +
1"
#145900000
0"
b1010000111 )
#145905000
b1110 +
1"
#145910000
0"
#145915000
b11101 +
1"
#145920000
0"
1$
#145925000
b1010 !
b1010 ,
b111010 +
1"
#145930000
0"
0$
#145935000
b1110101 +
1"
#145940000
0"
b1010001000 )
#145945000
b11101010 +
1"
#145950000
0"
#145955000
b11010101 +
1"
#145960000
0"
1$
#145965000
b1110 !
b1110 ,
b10101010 +
1"
#145970000
0"
0$
#145975000
b1010101 +
1"
#145980000
0"
b1010001001 )
#145985000
b10101011 +
1"
#145990000
0"
#145995000
b1010111 +
1"
#146000000
0"
1$
#146005000
b1000 !
b1000 ,
b10101111 +
1"
#146010000
0"
0$
#146015000
b1011111 +
1"
#146020000
0"
b1010001010 )
#146025000
b10111110 +
1"
#146030000
0"
#146035000
b1111100 +
1"
#146040000
0"
1$
#146045000
b101 !
b101 ,
b11111001 +
1"
#146050000
0"
0$
#146055000
b11110010 +
1"
#146060000
0"
b1010001011 )
#146065000
b11100101 +
1"
#146070000
0"
#146075000
b11001010 +
1"
#146080000
0"
1$
#146085000
b11 !
b11 ,
b10010100 +
1"
#146090000
0"
0$
#146095000
b101000 +
1"
#146100000
0"
b1010001100 )
#146105000
b1010000 +
1"
#146110000
0"
#146115000
b10100001 +
1"
#146120000
0"
1$
#146125000
b10 !
b10 ,
b1000010 +
1"
#146130000
0"
0$
#146135000
b10000100 +
1"
#146140000
0"
b1010001101 )
#146145000
b1001 +
1"
#146150000
0"
#146155000
b10011 +
1"
#146160000
0"
1$
#146165000
b10100 !
b10100 ,
b100111 +
1"
#146170000
0"
0$
#146175000
b1001111 +
1"
#146180000
0"
b1010001110 )
#146185000
b10011111 +
1"
#146190000
0"
#146195000
b111111 +
1"
#146200000
0"
1$
#146205000
b100 !
b100 ,
b1111111 +
1"
#146210000
0"
0$
#146215000
b11111111 +
1"
#146220000
0"
b1010001111 )
#146225000
b11111110 +
1"
#146230000
0"
#146235000
b11111100 +
1"
#146240000
0"
1$
#146245000
b1101 !
b1101 ,
b11111000 +
1"
#146250000
0"
0$
#146255000
b11110000 +
1"
#146260000
0"
b1010010000 )
#146265000
b11100001 +
1"
#146270000
0"
#146275000
b11000010 +
1"
#146280000
0"
1$
#146285000
b1111 !
b1111 ,
b10000101 +
1"
#146290000
0"
0$
#146295000
b1011 +
1"
#146300000
0"
b1010010001 )
#146305000
b10111 +
1"
#146310000
0"
#146315000
b101111 +
1"
#146320000
0"
1$
#146325000
b1000 !
b1000 ,
b1011110 +
1"
#146330000
0"
0$
#146335000
b10111100 +
1"
#146340000
0"
b1010010010 )
#146345000
b1111000 +
1"
#146350000
0"
#146355000
b11110001 +
1"
#146360000
0"
1$
#146365000
b10 !
b10 ,
b11100011 +
1"
#146370000
0"
0$
#146375000
b11000110 +
1"
#146380000
0"
b1010010011 )
#146385000
b10001101 +
1"
#146390000
0"
#146395000
b11010 +
1"
#146400000
0"
1$
#146405000
b111 !
b111 ,
b110100 +
1"
#146410000
0"
0$
#146415000
b1101000 +
1"
#146420000
0"
b1010010100 )
#146425000
b11010000 +
1"
#146430000
0"
#146435000
b10100000 +
1"
#146440000
0"
1$
#146445000
b1 !
b1 ,
b1000000 +
1"
#146450000
0"
0$
#146455000
b10000000 +
1"
#146460000
0"
b1010010101 )
#146465000
b1 +
1"
#146470000
0"
#146475000
b10 +
1"
#146480000
0"
1$
#146485000
b11 !
b11 ,
b100 +
1"
#146490000
0"
0$
#146495000
b1000 +
1"
#146500000
0"
b1010010110 )
#146505000
b10001 +
1"
#146510000
0"
#146515000
b100011 +
1"
#146520000
0"
1$
#146525000
b10000 !
b10000 ,
b1000111 +
1"
#146530000
0"
0$
#146535000
b10001110 +
1"
#146540000
0"
b1010010111 )
#146545000
b11100 +
1"
#146550000
0"
#146555000
b111000 +
1"
#146560000
0"
1$
#146565000
b10001 !
b10001 ,
b1110001 +
1"
#146570000
0"
0$
#146575000
b11100010 +
1"
#146580000
0"
b1010011000 )
#146585000
b11000100 +
1"
#146590000
0"
#146595000
b10001001 +
1"
#146600000
0"
1$
#146605000
b10010 !
b10010 ,
b10010 +
1"
#146610000
0"
0$
#146615000
b100101 +
1"
#146620000
0"
b1010011001 )
#146625000
b1001011 +
1"
#146630000
0"
#146635000
b10010111 +
1"
#146640000
0"
1$
#146645000
b1100 !
b1100 ,
b101110 +
1"
#146650000
0"
0$
#146655000
b1011100 +
1"
#146660000
0"
b1010011010 )
#146665000
b10111000 +
1"
#146670000
0"
#146675000
b1110000 +
1"
#146680000
0"
1$
#146685000
b1101 !
b1101 ,
b11100000 +
1"
#146690000
0"
0$
#146695000
b11000000 +
1"
#146700000
0"
b1010011011 )
#146705000
b10000001 +
1"
#146710000
0"
#146715000
b11 +
1"
#146720000
0"
1$
#146725000
b100 !
b100 ,
b110 +
1"
#146730000
0"
0$
#146735000
b1100 +
1"
#146740000
0"
b1010011100 )
#146745000
b11001 +
1"
#146750000
0"
#146755000
b110010 +
1"
#146760000
0"
1$
#146765000
b1011 !
b1011 ,
b1100100 +
1"
#146770000
0"
0$
#146775000
b11001001 +
1"
#146780000
0"
b1010011101 )
#146785000
b10010010 +
1"
#146790000
0"
#146795000
b100100 +
1"
#146800000
0"
1$
#146805000
b10001 !
b10001 ,
b1001001 +
1"
#146810000
0"
0$
#146815000
b10010011 +
1"
#146820000
0"
b1010011110 )
#146825000
b100110 +
1"
#146830000
0"
#146835000
b1001101 +
1"
#146840000
0"
1$
#146845000
b10010 !
b10010 ,
b10011011 +
1"
#146850000
0"
0$
#146855000
b110111 +
1"
#146860000
0"
b1010011111 )
#146865000
b1101110 +
1"
#146870000
0"
#146875000
b11011100 +
1"
#146880000
0"
1$
#146885000
b1 !
b1 ,
b10111001 +
1"
#146890000
0"
0$
#146895000
b1110010 +
1"
#146900000
0"
b1010100000 )
#146905000
b11100100 +
1"
#146910000
0"
#146915000
b11001000 +
1"
#146920000
0"
1$
#146925000
b10010000 +
1"
#146930000
0"
0$
#146935000
b100000 +
1"
#146940000
0"
b1010100001 )
#146945000
b1000001 +
1"
#146950000
0"
#146955000
b10000010 +
1"
#146960000
0"
1$
#146965000
b1011 !
b1011 ,
b101 +
1"
#146970000
0"
0$
#146975000
b1010 +
1"
#146980000
0"
b1010100010 )
#146985000
b10101 +
1"
#146990000
0"
#146995000
b101011 +
1"
#147000000
0"
1$
#147005000
b100 !
b100 ,
b1010110 +
1"
#147010000
0"
0$
#147015000
b10101101 +
1"
#147020000
0"
b1010100011 )
#147025000
b1011011 +
1"
#147030000
0"
#147035000
b10110110 +
1"
#147040000
0"
1$
#147045000
b11 !
b11 ,
b1101101 +
1"
#147050000
0"
0$
#147055000
b11011010 +
1"
#147060000
0"
b1010100100 )
#147065000
b10110101 +
1"
#147070000
0"
#147075000
b1101011 +
1"
#147080000
0"
1$
#147085000
b1000 !
b1000 ,
b11010110 +
1"
#147090000
0"
0$
#147095000
b10101100 +
1"
#147100000
0"
b1010100101 )
#147105000
b1011001 +
1"
#147110000
0"
#147115000
b10110010 +
1"
#147120000
0"
1$
#147125000
b10011 !
b10011 ,
b1100101 +
1"
#147130000
0"
0$
#147135000
b11001011 +
1"
#147140000
0"
b1010100110 )
#147145000
b10010110 +
1"
#147150000
0"
#147155000
b101100 +
1"
#147160000
0"
1$
#147165000
b101 !
b101 ,
b1011000 +
1"
#147170000
0"
0$
#147175000
b10110000 +
1"
#147180000
0"
b1010100111 )
#147185000
b1100001 +
1"
#147190000
0"
#147195000
b11000011 +
1"
#147200000
0"
1$
#147205000
b10000 !
b10000 ,
b10000111 +
1"
#147210000
0"
0$
#147215000
b1111 +
1"
#147220000
0"
b1010101000 )
#147225000
b11111 +
1"
#147230000
0"
#147235000
b111110 +
1"
#147240000
0"
1$
#147245000
b11 !
b11 ,
b1111101 +
1"
#147250000
0"
0$
#147255000
b11111011 +
1"
#147260000
0"
b1010101001 )
#147265000
b11110110 +
1"
#147270000
0"
#147275000
b11101101 +
1"
#147280000
0"
1$
#147285000
b10010 !
b10010 ,
b11011011 +
1"
#147290000
0"
0$
#147295000
b10110111 +
1"
#147300000
0"
b1010101010 )
#147305000
b1101111 +
1"
#147310000
0"
#147315000
b11011110 +
1"
#147320000
0"
1$
#147325000
b11 !
b11 ,
b10111101 +
1"
#147330000
0"
0$
#147335000
b1111010 +
1"
#147340000
0"
b1010101011 )
#147345000
b11110101 +
1"
#147350000
0"
#147355000
b11101011 +
1"
#147360000
0"
1$
#147365000
b10000 !
b10000 ,
b11010111 +
1"
#147370000
0"
0$
#147375000
b10101110 +
1"
#147380000
0"
b1010101100 )
#147385000
b1011101 +
1"
#147390000
0"
#147395000
b10111010 +
1"
#147400000
0"
1$
#147405000
b111 !
b111 ,
b1110100 +
1"
#147410000
0"
0$
#147415000
b11101000 +
1"
#147420000
0"
b1010101101 )
#147425000
b11010001 +
1"
#147430000
0"
#147435000
b10100010 +
1"
#147440000
0"
1$
#147445000
b11 !
b11 ,
b1000100 +
1"
#147450000
0"
0$
#147455000
b10001000 +
1"
#147460000
0"
b1010101110 )
#147465000
b10000 +
1"
#147470000
0"
#147475000
b100001 +
1"
#147480000
0"
1$
#147485000
b1110 !
b1110 ,
b1000011 +
1"
#147490000
0"
0$
#147495000
b10000110 +
1"
#147500000
0"
b1010101111 )
#147505000
b1101 +
1"
#147510000
0"
#147515000
b11011 +
1"
#147520000
0"
1$
#147525000
b1000 !
b1000 ,
b110110 +
1"
#147530000
0"
0$
#147535000
b1101100 +
1"
#147540000
0"
b1010110000 )
#147545000
b11011000 +
1"
#147550000
0"
#147555000
b10110001 +
1"
#147560000
0"
1$
#147565000
b10010 !
b10010 ,
b1100011 +
1"
#147570000
0"
0$
#147575000
b11000111 +
1"
#147580000
0"
b1010110001 )
#147585000
b10001111 +
1"
#147590000
0"
#147595000
b11110 +
1"
#147600000
0"
1$
#147605000
b1011 !
b1011 ,
b111100 +
1"
#147610000
0"
0$
#147615000
b1111001 +
1"
#147620000
0"
b1010110010 )
#147625000
b11110011 +
1"
#147630000
0"
#147635000
b11100111 +
1"
#147640000
0"
1$
#147645000
b1100 !
b1100 ,
b11001110 +
1"
#147650000
0"
0$
#147655000
b10011100 +
1"
#147660000
0"
b1010110011 )
#147665000
b111001 +
1"
#147670000
0"
#147675000
b1110011 +
1"
#147680000
0"
1$
#147685000
b10000 !
b10000 ,
b11100110 +
1"
#147690000
0"
0$
#147695000
b11001100 +
1"
#147700000
0"
b1010110100 )
#147705000
b10011000 +
1"
#147710000
0"
#147715000
b110001 +
1"
#147720000
0"
1$
#147725000
b1010 !
b1010 ,
b1100010 +
1"
#147730000
0"
0$
#147735000
b11000101 +
1"
#147740000
0"
b1010110101 )
#147745000
b10001011 +
1"
#147750000
0"
#147755000
b10110 +
1"
#147760000
0"
1$
#147765000
b11 !
b11 ,
b101101 +
1"
#147770000
0"
0$
#147775000
b1011010 +
1"
#147780000
0"
b1010110110 )
#147785000
b10110100 +
1"
#147790000
0"
#147795000
b1101001 +
1"
#147800000
0"
1$
#147805000
b110 !
b110 ,
b11010010 +
1"
#147810000
0"
0$
#147815000
b10100100 +
1"
#147820000
0"
b1010110111 )
#147825000
b1001000 +
1"
#147830000
0"
#147835000
b10010001 +
1"
#147840000
0"
1$
#147845000
b100010 +
1"
#147850000
0"
0$
#147855000
b1000101 +
1"
#147860000
0"
b1010111000 )
#147865000
b10001010 +
1"
#147870000
0"
#147875000
b10100 +
1"
#147880000
0"
1$
#147885000
b1 !
b1 ,
b101001 +
1"
#147890000
0"
0$
#147895000
b1010010 +
1"
#147900000
0"
b1010111001 )
#147905000
b10100101 +
1"
#147910000
0"
#147915000
b1001010 +
1"
#147920000
0"
1$
#147925000
b1111 !
b1111 ,
b10010101 +
1"
#147930000
0"
0$
#147935000
b101010 +
1"
#147940000
0"
b1010111010 )
#147945000
b1010100 +
1"
#147950000
0"
#147955000
b10101001 +
1"
#147960000
0"
1$
#147965000
b1010 !
b1010 ,
b1010011 +
1"
#147970000
0"
0$
#147975000
b10100111 +
1"
#147980000
0"
b1010111011 )
#147985000
b1001110 +
1"
#147990000
0"
#147995000
b10011101 +
1"
#148000000
0"
1$
#148005000
b10010 !
b10010 ,
b111011 +
1"
#148010000
0"
0$
#148015000
b1110111 +
1"
#148020000
0"
b1010111100 )
#148025000
b11101110 +
1"
#148030000
0"
#148035000
b11011101 +
1"
#148040000
0"
1$
#148045000
b10 !
b10 ,
b10111011 +
1"
#148050000
0"
0$
#148055000
b1110110 +
1"
#148060000
0"
b1010111101 )
#148065000
b11101100 +
1"
#148070000
0"
#148075000
b11011001 +
1"
#148080000
0"
1$
#148085000
b10010 !
b10010 ,
b10110011 +
1"
#148090000
0"
0$
#148095000
b1100111 +
1"
#148100000
0"
b1010111110 )
#148105000
b11001111 +
1"
#148110000
0"
#148115000
b10011110 +
1"
#148120000
0"
1$
#148125000
b10011 !
b10011 ,
b111101 +
1"
#148130000
0"
0$
#148135000
b1111011 +
1"
#148140000
0"
b1010111111 )
#148145000
b11110111 +
1"
#148150000
0"
#148155000
b11101111 +
1"
#148160000
0"
1$
#148165000
b10100 !
b10100 ,
b11011111 +
1"
#148170000
0"
0$
#148175000
b10111111 +
1"
#148180000
0"
b1011000000 )
#148185000
b1111110 +
1"
#148190000
0"
#148195000
b11111101 +
1"
#148200000
0"
1$
#148205000
b1110 !
b1110 ,
b11111010 +
1"
#148210000
0"
0$
#148215000
b11110100 +
1"
#148220000
0"
b1011000001 )
#148225000
b11101001 +
1"
#148230000
0"
#148235000
b11010011 +
1"
#148240000
0"
1$
#148245000
b1100 !
b1100 ,
b10100110 +
1"
#148250000
0"
0$
#148255000
b1001100 +
1"
#148260000
0"
b1011000010 )
#148265000
b10011001 +
1"
#148270000
0"
#148275000
b110011 +
1"
#148280000
0"
1$
#148285000
b1100110 +
1"
#148290000
0"
0$
#148295000
b11001101 +
1"
#148300000
0"
b1011000011 )
#148305000
b10011010 +
1"
#148310000
0"
#148315000
b110101 +
1"
#148320000
0"
1$
#148325000
b1110 !
b1110 ,
b1101010 +
1"
#148330000
0"
0$
#148335000
b11010100 +
1"
#148340000
0"
b1011000100 )
#148345000
b10101000 +
1"
#148350000
0"
#148355000
b1010001 +
1"
#148360000
0"
1$
#148365000
b10 !
b10 ,
b10100011 +
1"
#148370000
0"
0$
#148375000
b1000110 +
1"
#148380000
0"
b1011000101 )
#148385000
b10001100 +
1"
#148390000
0"
#148395000
b11000 +
1"
#148400000
0"
1$
#148405000
b101 !
b101 ,
b110000 +
1"
#148410000
0"
0$
#148415000
b1100000 +
1"
#148420000
0"
b1011000110 )
#148425000
b11000001 +
1"
#148430000
0"
#148435000
b10000011 +
1"
#148440000
0"
1$
#148445000
b1100 !
b1100 ,
b111 +
1"
#148450000
0"
0$
#148455000
b1110 +
1"
#148460000
0"
b1011000111 )
#148465000
b11101 +
1"
#148470000
0"
#148475000
b111010 +
1"
#148480000
0"
1$
#148485000
b10011 !
b10011 ,
b1110101 +
1"
#148490000
0"
0$
#148495000
b11101010 +
1"
#148500000
0"
b1011001000 )
#148505000
b11010101 +
1"
#148510000
0"
#148515000
b10101010 +
1"
#148520000
0"
1$
#148525000
b1011 !
b1011 ,
b1010101 +
1"
#148530000
0"
0$
#148535000
b10101011 +
1"
#148540000
0"
b1011001001 )
#148545000
b1010111 +
1"
#148550000
0"
#148555000
b10101111 +
1"
#148560000
0"
1$
#148565000
b10000 !
b10000 ,
b1011111 +
1"
#148570000
0"
0$
#148575000
b10111110 +
1"
#148580000
0"
b1011001010 )
#148585000
b1111100 +
1"
#148590000
0"
#148595000
b11111001 +
1"
#148600000
0"
1$
#148605000
b1010 !
b1010 ,
b11110010 +
1"
#148610000
0"
0$
#148615000
b11100101 +
1"
#148620000
0"
b1011001011 )
#148625000
b11001010 +
1"
#148630000
0"
#148635000
b10010100 +
1"
#148640000
0"
1$
#148645000
b1001 !
b1001 ,
b101000 +
1"
#148650000
0"
0$
#148655000
b1010000 +
1"
#148660000
0"
b1011001100 )
#148665000
b10100001 +
1"
#148670000
0"
#148675000
b1000010 +
1"
#148680000
0"
1$
#148685000
b111 !
b111 ,
b10000100 +
1"
#148690000
0"
0$
#148695000
b1001 +
1"
#148700000
0"
b1011001101 )
#148705000
b10011 +
1"
#148710000
0"
#148715000
b100111 +
1"
#148720000
0"
1$
#148725000
b10100 !
b10100 ,
b1001111 +
1"
#148730000
0"
0$
#148735000
b10011111 +
1"
#148740000
0"
b1011001110 )
#148745000
b111111 +
1"
#148750000
0"
#148755000
b1111111 +
1"
#148760000
0"
1$
#148765000
b1000 !
b1000 ,
b11111111 +
1"
#148770000
0"
0$
#148775000
b11111110 +
1"
#148780000
0"
b1011001111 )
#148785000
b11111100 +
1"
#148790000
0"
#148795000
b11111000 +
1"
#148800000
0"
1$
#148805000
b1001 !
b1001 ,
b11110000 +
1"
#148810000
0"
0$
#148815000
b11100001 +
1"
#148820000
0"
b1011010000 )
#148825000
b11000010 +
1"
#148830000
0"
#148835000
b10000101 +
1"
#148840000
0"
1$
#148845000
b1110 !
b1110 ,
b1011 +
1"
#148850000
0"
0$
#148855000
b10111 +
1"
#148860000
0"
b1011010001 )
#148865000
b101111 +
1"
#148870000
0"
#148875000
b1011110 +
1"
#148880000
0"
1$
#148885000
b1111 !
b1111 ,
b10111100 +
1"
#148890000
0"
0$
#148895000
b1111000 +
1"
#148900000
0"
b1011010010 )
#148905000
b11110001 +
1"
#148910000
0"
#148915000
b11100011 +
1"
#148920000
0"
1$
#148925000
b1000 !
b1000 ,
b11000110 +
1"
#148930000
0"
0$
#148935000
b10001101 +
1"
#148940000
0"
b1011010011 )
#148945000
b11010 +
1"
#148950000
0"
#148955000
b110100 +
1"
#148960000
0"
1$
#148965000
b1101 !
b1101 ,
b1101000 +
1"
#148970000
0"
0$
#148975000
b11010000 +
1"
#148980000
0"
b1011010100 )
#148985000
b10100000 +
1"
#148990000
0"
#148995000
b1000000 +
1"
#149000000
0"
1$
#149005000
b101 !
b101 ,
b10000000 +
1"
#149010000
0"
0$
#149015000
b1 +
1"
#149020000
0"
b1011010101 )
#149025000
b10 +
1"
#149030000
0"
#149035000
b100 +
1"
#149040000
0"
1$
#149045000
b1000 +
1"
#149050000
0"
0$
#149055000
b10001 +
1"
#149060000
0"
b1011010110 )
#149065000
b100011 +
1"
#149070000
0"
#149075000
b1000111 +
1"
#149080000
0"
1$
#149085000
b1100 !
b1100 ,
b10001110 +
1"
#149090000
0"
0$
#149095000
b11100 +
1"
#149100000
0"
b1011010111 )
#149105000
b111000 +
1"
#149110000
0"
#149115000
b1110001 +
1"
#149120000
0"
1$
#149125000
b1110 !
b1110 ,
b11100010 +
1"
#149130000
0"
0$
#149135000
b11000100 +
1"
#149140000
0"
b1011011000 )
#149145000
b10001001 +
1"
#149150000
0"
#149155000
b10010 +
1"
#149160000
0"
1$
#149165000
b10011 !
b10011 ,
b100101 +
1"
#149170000
0"
0$
#149175000
b1001011 +
1"
#149180000
0"
b1011011001 )
#149185000
b10010111 +
1"
#149190000
0"
#149195000
b101110 +
1"
#149200000
0"
1$
#149205000
b111 !
b111 ,
b1011100 +
1"
#149210000
0"
0$
#149215000
b10111000 +
1"
#149220000
0"
b1011011010 )
#149225000
b1110000 +
1"
#149230000
0"
#149235000
b11100000 +
1"
#149240000
0"
1$
#149245000
b101 !
b101 ,
b11000000 +
1"
#149250000
0"
0$
#149255000
b10000001 +
1"
#149260000
0"
b1011011011 )
#149265000
b11 +
1"
#149270000
0"
#149275000
b110 +
1"
#149280000
0"
1$
#149285000
b111 !
b111 ,
b1100 +
1"
#149290000
0"
0$
#149295000
b11001 +
1"
#149300000
0"
b1011011100 )
#149305000
b110010 +
1"
#149310000
0"
#149315000
b1100100 +
1"
#149320000
0"
1$
#149325000
b1 !
b1 ,
b11001001 +
1"
#149330000
0"
0$
#149335000
b10010010 +
1"
#149340000
0"
b1011011101 )
#149345000
b100100 +
1"
#149350000
0"
#149355000
b1001001 +
1"
#149360000
0"
1$
#149365000
b1110 !
b1110 ,
b10010011 +
1"
#149370000
0"
0$
#149375000
b100110 +
1"
#149380000
0"
b1011011110 )
#149385000
b1001101 +
1"
#149390000
0"
#149395000
b10011011 +
1"
#149400000
0"
1$
#149405000
b10000 !
b10000 ,
b110111 +
1"
#149410000
0"
0$
#149415000
b1101110 +
1"
#149420000
0"
b1011011111 )
#149425000
b11011100 +
1"
#149430000
0"
#149435000
b10111001 +
1"
#149440000
0"
1$
#149445000
b110 !
b110 ,
b1110010 +
1"
#149450000
0"
0$
#149455000
b11100100 +
1"
#149460000
0"
b1011100000 )
#149465000
b11001000 +
1"
#149470000
0"
#149475000
b10010000 +
1"
#149480000
0"
1$
#149485000
b101 !
b101 ,
b100000 +
1"
#149490000
0"
0$
#149495000
b1000001 +
1"
#149500000
0"
b1011100001 )
#149505000
b10000010 +
1"
#149510000
0"
#149515000
b101 +
1"
#149520000
0"
1$
#149525000
b110 !
b110 ,
b1010 +
1"
#149530000
0"
0$
#149535000
b10101 +
1"
#149540000
0"
b1011100010 )
#149545000
b101011 +
1"
#149550000
0"
#149555000
b1010110 +
1"
#149560000
0"
1$
#149565000
b111 !
b111 ,
b10101101 +
1"
#149570000
0"
0$
#149575000
b1011011 +
1"
#149580000
0"
b1011100011 )
#149585000
b10110110 +
1"
#149590000
0"
#149595000
b1101101 +
1"
#149600000
0"
1$
#149605000
b1010 !
b1010 ,
b11011010 +
1"
#149610000
0"
0$
#149615000
b10110101 +
1"
#149620000
0"
b1011100100 )
#149625000
b1101011 +
1"
#149630000
0"
#149635000
b11010110 +
1"
#149640000
0"
1$
#149645000
b1111 !
b1111 ,
b10101100 +
1"
#149650000
0"
0$
#149655000
b1011001 +
1"
#149660000
0"
b1011100101 )
#149665000
b10110010 +
1"
#149670000
0"
#149675000
b1100101 +
1"
#149680000
0"
1$
#149685000
b10 !
b10 ,
b11001011 +
1"
#149690000
0"
0$
#149695000
b10010110 +
1"
#149700000
0"
b1011100110 )
#149705000
b101100 +
1"
#149710000
0"
#149715000
b1011000 +
1"
#149720000
0"
1$
#149725000
b1001 !
b1001 ,
b10110000 +
1"
#149730000
0"
0$
#149735000
b1100001 +
1"
#149740000
0"
b1011100111 )
#149745000
b11000011 +
1"
#149750000
0"
#149755000
b10000111 +
1"
#149760000
0"
1$
#149765000
b10000 !
b10000 ,
b1111 +
1"
#149770000
0"
0$
#149775000
b11111 +
1"
#149780000
0"
b1011101000 )
#149785000
b111110 +
1"
#149790000
0"
#149795000
b1111101 +
1"
#149800000
0"
1$
#149805000
b110 !
b110 ,
b11111011 +
1"
#149810000
0"
0$
#149815000
b11110110 +
1"
#149820000
0"
b1011101001 )
#149825000
b11101101 +
1"
#149830000
0"
#149835000
b11011011 +
1"
#149840000
0"
1$
#149845000
b10100 !
b10100 ,
b10110111 +
1"
#149850000
0"
0$
#149855000
b1101111 +
1"
#149860000
0"
b1011101010 )
#149865000
b11011110 +
1"
#149870000
0"
#149875000
b10111101 +
1"
#149880000
0"
1$
#149885000
b1010 !
b1010 ,
b1111010 +
1"
#149890000
0"
0$
#149895000
b11110101 +
1"
#149900000
0"
b1011101011 )
#149905000
b11101011 +
1"
#149910000
0"
#149915000
b11010111 +
1"
#149920000
0"
1$
#149925000
b10000 !
b10000 ,
b10101110 +
1"
#149930000
0"
0$
#149935000
b1011101 +
1"
#149940000
0"
b1011101100 )
#149945000
b10111010 +
1"
#149950000
0"
#149955000
b1110100 +
1"
#149960000
0"
1$
#149965000
b10001 !
b10001 ,
b11101000 +
1"
#149970000
0"
0$
#149975000
b11010001 +
1"
#149980000
0"
b1011101101 )
#149985000
b10100010 +
1"
#149990000
0"
#149995000
b1000100 +
1"
#150000000
0"
1$
#150005000
b1001 !
b1001 ,
b10001000 +
1"
#150010000
0"
0$
#150015000
b10000 +
1"
#150020000
0"
b1011101110 )
#150025000
b100001 +
1"
#150030000
0"
#150035000
b1000011 +
1"
#150040000
0"
1$
#150045000
b1000 !
b1000 ,
b10000110 +
1"
#150050000
0"
0$
#150055000
b1101 +
1"
#150060000
0"
b1011101111 )
#150065000
b11011 +
1"
#150070000
0"
#150075000
b110110 +
1"
#150080000
0"
1$
#150085000
b1111 !
b1111 ,
b1101100 +
1"
#150090000
0"
0$
#150095000
b11011000 +
1"
#150100000
0"
b1011110000 )
#150105000
b10110001 +
1"
#150110000
0"
#150115000
b1100011 +
1"
#150120000
0"
1$
#150125000
b10100 !
b10100 ,
b11000111 +
1"
#150130000
0"
0$
#150135000
b10001111 +
1"
#150140000
0"
b1011110001 )
#150145000
b11110 +
1"
#150150000
0"
#150155000
b111100 +
1"
#150160000
0"
1$
#150165000
b1 !
b1 ,
b1111001 +
1"
#150170000
0"
0$
#150175000
b11110011 +
1"
#150180000
0"
b1011110010 )
#150185000
b11100111 +
1"
#150190000
0"
#150195000
b11001110 +
1"
#150200000
0"
1$
#150205000
b111 !
b111 ,
b10011100 +
1"
#150210000
0"
0$
#150215000
b111001 +
1"
#150220000
0"
b1011110011 )
#150225000
b1110011 +
1"
#150230000
0"
#150235000
b11100110 +
1"
#150240000
0"
1$
#150245000
b1011 !
b1011 ,
b11001100 +
1"
#150250000
0"
0$
#150255000
b10011000 +
1"
#150260000
0"
b1011110100 )
#150265000
b110001 +
1"
#150270000
0"
#150275000
b1100010 +
1"
#150280000
0"
1$
#150285000
b10011 !
b10011 ,
b11000101 +
1"
#150290000
0"
0$
#150295000
b10001011 +
1"
#150300000
0"
b1011110101 )
#150305000
b10110 +
1"
#150310000
0"
#150315000
b101101 +
1"
#150320000
0"
1$
#150325000
b110 !
b110 ,
b1011010 +
1"
#150330000
0"
0$
#150335000
b10110100 +
1"
#150340000
0"
b1011110110 )
#150345000
b1101001 +
1"
#150350000
0"
#150355000
b11010010 +
1"
#150360000
0"
1$
#150365000
b1011 !
b1011 ,
b10100100 +
1"
#150370000
0"
0$
#150375000
b1001000 +
1"
#150380000
0"
b1011110111 )
#150385000
b10010001 +
1"
#150390000
0"
#150395000
b100010 +
1"
#150400000
0"
1$
#150405000
b1111 !
b1111 ,
b1000101 +
1"
#150410000
0"
0$
#150415000
b10001010 +
1"
#150420000
0"
b1011111000 )
#150425000
b10100 +
1"
#150430000
0"
#150435000
b101001 +
1"
#150440000
0"
1$
#150445000
b10 !
b10 ,
b1010010 +
1"
#150450000
0"
0$
#150455000
b10100101 +
1"
#150460000
0"
b1011111001 )
#150465000
b1001010 +
1"
#150470000
0"
#150475000
b10010101 +
1"
#150480000
0"
1$
#150485000
b1010 !
b1010 ,
b101010 +
1"
#150490000
0"
0$
#150495000
b1010100 +
1"
#150500000
0"
b1011111010 )
#150505000
b10101001 +
1"
#150510000
0"
#150515000
b1010011 +
1"
#150520000
0"
1$
#150525000
b100 !
b100 ,
b10100111 +
1"
#150530000
0"
0$
#150535000
b1001110 +
1"
#150540000
0"
b1011111011 )
#150545000
b10011101 +
1"
#150550000
0"
#150555000
b111011 +
1"
#150560000
0"
1$
#150565000
b10100 !
b10100 ,
b1110111 +
1"
#150570000
0"
0$
#150575000
b11101110 +
1"
#150580000
0"
b1011111100 )
#150585000
b11011101 +
1"
#150590000
0"
#150595000
b10111011 +
1"
#150600000
0"
1$
#150605000
b1000 !
b1000 ,
b1110110 +
1"
#150610000
0"
0$
#150615000
b11101100 +
1"
#150620000
0"
b1011111101 )
#150625000
b11011001 +
1"
#150630000
0"
#150635000
b10110011 +
1"
#150640000
0"
1$
#150645000
b10100 !
b10100 ,
b1100111 +
1"
#150650000
0"
0$
#150655000
b11001111 +
1"
#150660000
0"
b1011111110 )
#150665000
b10011110 +
1"
#150670000
0"
#150675000
b111101 +
1"
#150680000
0"
1$
#150685000
b10 !
b10 ,
b1111011 +
1"
#150690000
0"
0$
#150695000
b11110111 +
1"
#150700000
0"
b1011111111 )
#150705000
b11101111 +
1"
#150710000
0"
#150715000
b11011111 +
1"
#150720000
0"
1$
#150725000
b100 !
b100 ,
b10111111 +
1"
#150730000
0"
0$
#150735000
b1111110 +
1"
#150740000
0"
b1100000000 )
#150745000
b11111101 +
1"
#150750000
0"
#150755000
b11111010 +
1"
#150760000
0"
1$
#150765000
b1011 !
b1011 ,
b11110100 +
1"
#150770000
0"
0$
#150775000
b11101001 +
1"
#150780000
0"
b1100000001 )
#150785000
b11010011 +
1"
#150790000
0"
#150795000
b10100110 +
1"
#150800000
0"
1$
#150805000
b111 !
b111 ,
b1001100 +
1"
#150810000
0"
0$
#150815000
b10011001 +
1"
#150820000
0"
b1100000010 )
#150825000
b110011 +
1"
#150830000
0"
#150835000
b1100110 +
1"
#150840000
0"
1$
#150845000
b11 !
b11 ,
b11001101 +
1"
#150850000
0"
0$
#150855000
b10011010 +
1"
#150860000
0"
b1100000011 )
#150865000
b110101 +
1"
#150870000
0"
#150875000
b1101010 +
1"
#150880000
0"
1$
#150885000
b111 !
b111 ,
b11010100 +
1"
#150890000
0"
0$
#150895000
b10101000 +
1"
#150900000
0"
b1100000100 )
#150905000
b1010001 +
1"
#150910000
0"
#150915000
b10100011 +
1"
#150920000
0"
1$
#150925000
b100 !
b100 ,
b1000110 +
1"
#150930000
0"
0$
#150935000
b10001100 +
1"
#150940000
0"
b1100000101 )
#150945000
b11000 +
1"
#150950000
0"
#150955000
b110000 +
1"
#150960000
0"
1$
#150965000
b1001 !
b1001 ,
b1100000 +
1"
#150970000
0"
0$
#150975000
b11000001 +
1"
#150980000
0"
b1100000110 )
#150985000
b10000011 +
1"
#150990000
0"
#150995000
b111 +
1"
#151000000
0"
1$
#151005000
b1000 !
b1000 ,
b1110 +
1"
#151010000
0"
0$
#151015000
b11101 +
1"
#151020000
0"
b1100000111 )
#151025000
b111010 +
1"
#151030000
0"
#151035000
b1110101 +
1"
#151040000
0"
1$
#151045000
b10010 !
b10010 ,
b11101010 +
1"
#151050000
0"
0$
#151055000
b11010101 +
1"
#151060000
0"
b1100001000 )
#151065000
b10101010 +
1"
#151070000
0"
#151075000
b1010101 +
1"
#151080000
0"
1$
#151085000
b110 !
b110 ,
b10101011 +
1"
#151090000
0"
0$
#151095000
b1010111 +
1"
#151100000
0"
b1100001001 )
#151105000
b10101111 +
1"
#151110000
0"
#151115000
b1011111 +
1"
#151120000
0"
1$
#151125000
b10000 !
b10000 ,
b10111110 +
1"
#151130000
0"
0$
#151135000
b1111100 +
1"
#151140000
0"
b1100001010 )
#151145000
b11111001 +
1"
#151150000
0"
#151155000
b11110010 +
1"
#151160000
0"
1$
#151165000
b11 !
b11 ,
b11100101 +
1"
#151170000
0"
0$
#151175000
b11001010 +
1"
#151180000
0"
b1100001011 )
#151185000
b10010100 +
1"
#151190000
0"
#151195000
b101000 +
1"
#151200000
0"
1$
#151205000
b1 !
b1 ,
b1010000 +
1"
#151210000
0"
0$
#151215000
b10100001 +
1"
#151220000
0"
b1100001100 )
#151225000
b1000010 +
1"
#151230000
0"
#151235000
b10000100 +
1"
#151240000
0"
1$
#151245000
b1101 !
b1101 ,
b1001 +
1"
#151250000
0"
0$
#151255000
b10011 +
1"
#151260000
0"
b1100001101 )
#151265000
b100111 +
1"
#151270000
0"
#151275000
b1001111 +
1"
#151280000
0"
1$
#151285000
b10100 !
b10100 ,
b10011111 +
1"
#151290000
0"
0$
#151295000
b111111 +
1"
#151300000
0"
b1100001110 )
#151305000
b1111111 +
1"
#151310000
0"
#151315000
b11111111 +
1"
#151320000
0"
1$
#151325000
b10000 !
b10000 ,
b11111110 +
1"
#151330000
0"
0$
#151335000
b11111100 +
1"
#151340000
0"
b1100001111 )
#151345000
b11111000 +
1"
#151350000
0"
#151355000
b11110000 +
1"
#151360000
0"
1$
#151365000
b1 !
b1 ,
b11100001 +
1"
#151370000
0"
0$
#151375000
b11000010 +
1"
#151380000
0"
b1100010000 )
#151385000
b10000101 +
1"
#151390000
0"
#151395000
b1011 +
1"
#151400000
0"
1$
#151405000
b1100 !
b1100 ,
b10111 +
1"
#151410000
0"
0$
#151415000
b101111 +
1"
#151420000
0"
b1100010001 )
#151425000
b1011110 +
1"
#151430000
0"
#151435000
b10111100 +
1"
#151440000
0"
1$
#151445000
b1001 !
b1001 ,
b1111000 +
1"
#151450000
0"
0$
#151455000
b11110001 +
1"
#151460000
0"
b1100010010 )
#151465000
b11100011 +
1"
#151470000
0"
#151475000
b11000110 +
1"
#151480000
0"
1$
#151485000
b10011 !
b10011 ,
b10001101 +
1"
#151490000
0"
0$
#151495000
b11010 +
1"
#151500000
0"
b1100010011 )
#151505000
b110100 +
1"
#151510000
0"
#151515000
b1101000 +
1"
#151520000
0"
1$
#151525000
b101 !
b101 ,
b11010000 +
1"
#151530000
0"
0$
#151535000
b10100000 +
1"
#151540000
0"
b1100010100 )
#151545000
b1000000 +
1"
#151550000
0"
#151555000
b10000000 +
1"
#151560000
0"
1$
#151565000
b1001 !
b1001 ,
b1 +
1"
#151570000
0"
0$
#151575000
b10 +
1"
#151580000
0"
b1100010101 )
#151585000
b100 +
1"
#151590000
0"
#151595000
b1000 +
1"
#151600000
0"
1$
#151605000
b10001 +
1"
#151610000
0"
0$
#151615000
b100011 +
1"
#151620000
0"
b1100010110 )
#151625000
b1000111 +
1"
#151630000
0"
#151635000
b10001110 +
1"
#151640000
0"
1$
#151645000
b11 !
b11 ,
b11100 +
1"
#151650000
0"
0$
#151655000
b111000 +
1"
#151660000
0"
b1100010111 )
#151665000
b1110001 +
1"
#151670000
0"
#151675000
b11100010 +
1"
#151680000
0"
1$
#151685000
b111 !
b111 ,
b11000100 +
1"
#151690000
0"
0$
#151695000
b10001001 +
1"
#151700000
0"
b1100011000 )
#151705000
b10010 +
1"
#151710000
0"
#151715000
b100101 +
1"
#151720000
0"
1$
#151725000
b10010 !
b10010 ,
b1001011 +
1"
#151730000
0"
0$
#151735000
b10010111 +
1"
#151740000
0"
b1100011001 )
#151745000
b101110 +
1"
#151750000
0"
#151755000
b1011100 +
1"
#151760000
0"
1$
#151765000
b1101 !
b1101 ,
b10111000 +
1"
#151770000
0"
0$
#151775000
b1110000 +
1"
#151780000
0"
b1100011010 )
#151785000
b11100000 +
1"
#151790000
0"
#151795000
b11000000 +
1"
#151800000
0"
1$
#151805000
b10000001 +
1"
#151810000
0"
0$
#151815000
b11 +
1"
#151820000
0"
b1100011011 )
#151825000
b110 +
1"
#151830000
0"
#151835000
b1100 +
1"
#151840000
0"
1$
#151845000
b11001 +
1"
#151850000
0"
0$
#151855000
b110010 +
1"
#151860000
0"
b1100011100 )
#151865000
b1100100 +
1"
#151870000
0"
#151875000
b11001001 +
1"
#151880000
0"
1$
#151885000
b10 !
b10 ,
b10010010 +
1"
#151890000
0"
0$
#151895000
b100100 +
1"
#151900000
0"
b1100011101 )
#151905000
b1001001 +
1"
#151910000
0"
#151915000
b10010011 +
1"
#151920000
0"
1$
#151925000
b1000 !
b1000 ,
b100110 +
1"
#151930000
0"
0$
#151935000
b1001101 +
1"
#151940000
0"
b1100011110 )
#151945000
b10011011 +
1"
#151950000
0"
#151955000
b110111 +
1"
#151960000
0"
1$
#151965000
b10000 !
b10000 ,
b1101110 +
1"
#151970000
0"
0$
#151975000
b11011100 +
1"
#151980000
0"
b1100011111 )
#151985000
b10111001 +
1"
#151990000
0"
#151995000
b1110010 +
1"
#152000000
0"
1$
#152005000
b1111 !
b1111 ,
b11100100 +
1"
#152010000
0"
0$
#152015000
b11001000 +
1"
#152020000
0"
b1100100000 )
#152025000
b10010000 +
1"
#152030000
0"
#152035000
b100000 +
1"
#152040000
0"
1$
#152045000
b1101 !
b1101 ,
b1000001 +
1"
#152050000
0"
0$
#152055000
b10000010 +
1"
#152060000
0"
b1100100001 )
#152065000
b101 +
1"
#152070000
0"
#152075000
b1010 +
1"
#152080000
0"
1$
#152085000
b1011 !
b1011 ,
b10101 +
1"
#152090000
0"
0$
#152095000
b101011 +
1"
#152100000
0"
b1100100010 )
#152105000
b1010110 +
1"
#152110000
0"
#152115000
b10101101 +
1"
#152120000
0"
1$
#152125000
b1110 !
b1110 ,
b1011011 +
1"
#152130000
0"
0$
#152135000
b10110110 +
1"
#152140000
0"
b1100100011 )
#152145000
b1101101 +
1"
#152150000
0"
#152155000
b11011010 +
1"
#152160000
0"
1$
#152165000
b10011 !
b10011 ,
b10110101 +
1"
#152170000
0"
0$
#152175000
b1101011 +
1"
#152180000
0"
b1100100100 )
#152185000
b11010110 +
1"
#152190000
0"
#152195000
b10101100 +
1"
#152200000
0"
1$
#152205000
b1101 !
b1101 ,
b1011001 +
1"
#152210000
0"
0$
#152215000
b10110010 +
1"
#152220000
0"
b1100100101 )
#152225000
b1100101 +
1"
#152230000
0"
#152235000
b11001011 +
1"
#152240000
0"
1$
#152245000
b100 !
b100 ,
b10010110 +
1"
#152250000
0"
0$
#152255000
b101100 +
1"
#152260000
0"
b1100100110 )
#152265000
b1011000 +
1"
#152270000
0"
#152275000
b10110000 +
1"
#152280000
0"
1$
#152285000
b10001 !
b10001 ,
b1100001 +
1"
#152290000
0"
0$
#152295000
b11000011 +
1"
#152300000
0"
b1100100111 )
#152305000
b10000111 +
1"
#152310000
0"
#152315000
b1111 +
1"
#152320000
0"
1$
#152325000
b10000 !
b10000 ,
b11111 +
1"
#152330000
0"
0$
#152335000
b111110 +
1"
#152340000
0"
b1100101000 )
#152345000
b1111101 +
1"
#152350000
0"
#152355000
b11111011 +
1"
#152360000
0"
1$
#152365000
b1100 !
b1100 ,
b11110110 +
1"
#152370000
0"
0$
#152375000
b11101101 +
1"
#152380000
0"
b1100101001 )
#152385000
b11011011 +
1"
#152390000
0"
#152395000
b10110111 +
1"
#152400000
0"
1$
#152405000
b100 !
b100 ,
b1101111 +
1"
#152410000
0"
0$
#152415000
b11011110 +
1"
#152420000
0"
b1100101010 )
#152425000
b10111101 +
1"
#152430000
0"
#152435000
b1111010 +
1"
#152440000
0"
1$
#152445000
b11 !
b11 ,
b11110101 +
1"
#152450000
0"
0$
#152455000
b11101011 +
1"
#152460000
0"
b1100101011 )
#152465000
b11010111 +
1"
#152470000
0"
#152475000
b10101110 +
1"
#152480000
0"
1$
#152485000
b1111 !
b1111 ,
b1011101 +
1"
#152490000
0"
0$
#152495000
b10111010 +
1"
#152500000
0"
b1100101100 )
#152505000
b1110100 +
1"
#152510000
0"
#152515000
b11101000 +
1"
#152520000
0"
1$
#152525000
b1101 !
b1101 ,
b11010001 +
1"
#152530000
0"
0$
#152535000
b10100010 +
1"
#152540000
0"
b1100101101 )
#152545000
b1000100 +
1"
#152550000
0"
#152555000
b10001000 +
1"
#152560000
0"
1$
#152565000
b10001 !
b10001 ,
b10000 +
1"
#152570000
0"
0$
#152575000
b100001 +
1"
#152580000
0"
b1100101110 )
#152585000
b1000011 +
1"
#152590000
0"
#152595000
b10000110 +
1"
#152600000
0"
1$
#152605000
b1111 !
b1111 ,
b1101 +
1"
#152610000
0"
0$
#152615000
b11011 +
1"
#152620000
0"
b1100101111 )
#152625000
b110110 +
1"
#152630000
0"
#152635000
b1101100 +
1"
#152640000
0"
1$
#152645000
b1001 !
b1001 ,
b11011000 +
1"
#152650000
0"
0$
#152655000
b10110001 +
1"
#152660000
0"
b1100110000 )
#152665000
b1100011 +
1"
#152670000
0"
#152675000
b11000111 +
1"
#152680000
0"
1$
#152685000
b10100 !
b10100 ,
b10001111 +
1"
#152690000
0"
0$
#152695000
b11110 +
1"
#152700000
0"
b1100110001 )
#152705000
b111100 +
1"
#152710000
0"
#152715000
b1111001 +
1"
#152720000
0"
1$
#152725000
b10 !
b10 ,
b11110011 +
1"
#152730000
0"
0$
#152735000
b11100111 +
1"
#152740000
0"
b1100110010 )
#152745000
b11001110 +
1"
#152750000
0"
#152755000
b10011100 +
1"
#152760000
0"
1$
#152765000
b10001 !
b10001 ,
b111001 +
1"
#152770000
0"
0$
#152775000
b1110011 +
1"
#152780000
0"
b1100110011 )
#152785000
b11100110 +
1"
#152790000
0"
#152795000
b11001100 +
1"
#152800000
0"
1$
#152805000
b101 !
b101 ,
b10011000 +
1"
#152810000
0"
0$
#152815000
b110001 +
1"
#152820000
0"
b1100110100 )
#152825000
b1100010 +
1"
#152830000
0"
#152835000
b11000101 +
1"
#152840000
0"
1$
#152845000
b10010 !
b10010 ,
b10001011 +
1"
#152850000
0"
0$
#152855000
b10110 +
1"
#152860000
0"
b1100110101 )
#152865000
b101101 +
1"
#152870000
0"
#152875000
b1011010 +
1"
#152880000
0"
1$
#152885000
b1011 !
b1011 ,
b10110100 +
1"
#152890000
0"
0$
#152895000
b1101001 +
1"
#152900000
0"
b1100110110 )
#152905000
b11010010 +
1"
#152910000
0"
#152915000
b10100100 +
1"
#152920000
0"
1$
#152925000
b101 !
b101 ,
b1001000 +
1"
#152930000
0"
0$
#152935000
b10010001 +
1"
#152940000
0"
b1100110111 )
#152945000
b100010 +
1"
#152950000
0"
#152955000
b1000101 +
1"
#152960000
0"
1$
#152965000
b1010 !
b1010 ,
b10001010 +
1"
#152970000
0"
0$
#152975000
b10100 +
1"
#152980000
0"
b1100111000 )
#152985000
b101001 +
1"
#152990000
0"
#152995000
b1010010 +
1"
#153000000
0"
1$
#153005000
b11 !
b11 ,
b10100101 +
1"
#153010000
0"
0$
#153015000
b1001010 +
1"
#153020000
0"
b1100111001 )
#153025000
b10010101 +
1"
#153030000
0"
#153035000
b101010 +
1"
#153040000
0"
1$
#153045000
b1010100 +
1"
#153050000
0"
0$
#153055000
b10101001 +
1"
#153060000
0"
b1100111010 )
#153065000
b1010011 +
1"
#153070000
0"
#153075000
b10100111 +
1"
#153080000
0"
1$
#153085000
b1000 !
b1000 ,
b1001110 +
1"
#153090000
0"
0$
#153095000
b10011101 +
1"
#153100000
0"
b1100111011 )
#153105000
b111011 +
1"
#153110000
0"
#153115000
b1110111 +
1"
#153120000
0"
1$
#153125000
b10100 !
b10100 ,
b11101110 +
1"
#153130000
0"
0$
#153135000
b11011101 +
1"
#153140000
0"
b1100111100 )
#153145000
b10111011 +
1"
#153150000
0"
#153155000
b1110110 +
1"
#153160000
0"
1$
#153165000
b10011 !
b10011 ,
b11101100 +
1"
#153170000
0"
0$
#153175000
b11011001 +
1"
#153180000
0"
b1100111101 )
#153185000
b10110011 +
1"
#153190000
0"
#153195000
b1100111 +
1"
#153200000
0"
1$
#153205000
b100 !
b100 ,
b11001111 +
1"
#153210000
0"
0$
#153215000
b10011110 +
1"
#153220000
0"
b1100111110 )
#153225000
b111101 +
1"
#153230000
0"
#153235000
b1111011 +
1"
#153240000
0"
1$
#153245000
b11110111 +
1"
#153250000
0"
0$
#153255000
b11101111 +
1"
#153260000
0"
b1100111111 )
#153265000
b11011111 +
1"
#153270000
0"
#153275000
b10111111 +
1"
#153280000
0"
1$
#153285000
b1100 !
b1100 ,
b1111110 +
1"
#153290000
0"
0$
#153295000
b11111101 +
1"
#153300000
0"
b1101000000 )
#153305000
b11111010 +
1"
#153310000
0"
#153315000
b11110100 +
1"
#153320000
0"
1$
#153325000
b101 !
b101 ,
b11101001 +
1"
#153330000
0"
0$
#153335000
b11010011 +
1"
#153340000
0"
b1101000001 )
#153345000
b10100110 +
1"
#153350000
0"
#153355000
b1001100 +
1"
#153360000
0"
1$
#153365000
b10001 !
b10001 ,
b10011001 +
1"
#153370000
0"
0$
#153375000
b110011 +
1"
#153380000
0"
b1101000010 )
#153385000
b1100110 +
1"
#153390000
0"
#153395000
b11001101 +
1"
#153400000
0"
1$
#153405000
b110 !
b110 ,
b10011010 +
1"
#153410000
0"
0$
#153415000
b110101 +
1"
#153420000
0"
b1101000011 )
#153425000
b1101010 +
1"
#153430000
0"
#153435000
b11010100 +
1"
#153440000
0"
1$
#153445000
b1101 !
b1101 ,
b10101000 +
1"
#153450000
0"
0$
#153455000
b1010001 +
1"
#153460000
0"
b1101000100 )
#153465000
b10100011 +
1"
#153470000
0"
#153475000
b1000110 +
1"
#153480000
0"
1$
#153485000
b1011 !
b1011 ,
b10001100 +
1"
#153490000
0"
0$
#153495000
b11000 +
1"
#153500000
0"
b1101000101 )
#153505000
b110000 +
1"
#153510000
0"
#153515000
b1100000 +
1"
#153520000
0"
1$
#153525000
b10001 !
b10001 ,
b11000001 +
1"
#153530000
0"
0$
#153535000
b10000011 +
1"
#153540000
0"
b1101000110 )
#153545000
b111 +
1"
#153550000
0"
#153555000
b1110 +
1"
#153560000
0"
1$
#153565000
b1111 !
b1111 ,
b11101 +
1"
#153570000
0"
0$
#153575000
b111010 +
1"
#153580000
0"
b1101000111 )
#153585000
b1110101 +
1"
#153590000
0"
#153595000
b11101010 +
1"
#153600000
0"
1$
#153605000
b11010101 +
1"
#153610000
0"
0$
#153615000
b10101010 +
1"
#153620000
0"
b1101001000 )
#153625000
b1010101 +
1"
#153630000
0"
#153635000
b10101011 +
1"
#153640000
0"
1$
#153645000
b1100 !
b1100 ,
b1010111 +
1"
#153650000
0"
0$
#153655000
b10101111 +
1"
#153660000
0"
b1101001001 )
#153665000
b1011111 +
1"
#153670000
0"
#153675000
b10111110 +
1"
#153680000
0"
1$
#153685000
b1011 !
b1011 ,
b1111100 +
1"
#153690000
0"
0$
#153695000
b11111001 +
1"
#153700000
0"
b1101001010 )
#153705000
b11110010 +
1"
#153710000
0"
#153715000
b11100101 +
1"
#153720000
0"
1$
#153725000
b1010 !
b1010 ,
b11001010 +
1"
#153730000
0"
0$
#153735000
b10010100 +
1"
#153740000
0"
b1101001011 )
#153745000
b101000 +
1"
#153750000
0"
#153755000
b1010000 +
1"
#153760000
0"
1$
#153765000
b1 !
b1 ,
b10100001 +
1"
#153770000
0"
0$
#153775000
b1000010 +
1"
#153780000
0"
b1101001100 )
#153785000
b10000100 +
1"
#153790000
0"
#153795000
b1001 +
1"
#153800000
0"
1$
#153805000
b1010 !
b1010 ,
b10011 +
1"
#153810000
0"
0$
#153815000
b100111 +
1"
#153820000
0"
b1101001101 )
#153825000
b1001111 +
1"
#153830000
0"
#153835000
b10011111 +
1"
#153840000
0"
1$
#153845000
b10100 !
b10100 ,
b111111 +
1"
#153850000
0"
0$
#153855000
b1111111 +
1"
#153860000
0"
b1101001110 )
#153865000
b11111111 +
1"
#153870000
0"
#153875000
b11111110 +
1"
#153880000
0"
1$
#153885000
b1111 !
b1111 ,
b11111100 +
1"
#153890000
0"
0$
#153895000
b11111000 +
1"
#153900000
0"
b1101001111 )
#153905000
b11110000 +
1"
#153910000
0"
#153915000
b11100001 +
1"
#153920000
0"
1$
#153925000
b110 !
b110 ,
b11000010 +
1"
#153930000
0"
0$
#153935000
b10000101 +
1"
#153940000
0"
b1101010000 )
#153945000
b1011 +
1"
#153950000
0"
#153955000
b10111 +
1"
#153960000
0"
1$
#153965000
b100 !
b100 ,
b101111 +
1"
#153970000
0"
0$
#153975000
b1011110 +
1"
#153980000
0"
b1101010001 )
#153985000
b10111100 +
1"
#153990000
0"
#153995000
b1111000 +
1"
#154000000
0"
1$
#154005000
b1 !
b1 ,
b11110001 +
1"
#154010000
0"
0$
#154015000
b11100011 +
1"
#154020000
0"
b1101010010 )
#154025000
b11000110 +
1"
#154030000
0"
#154035000
b10001101 +
1"
#154040000
0"
1$
#154045000
b10 !
b10 ,
b11010 +
1"
#154050000
0"
0$
#154055000
b110100 +
1"
#154060000
0"
b1101010011 )
#154065000
b1101000 +
1"
#154070000
0"
#154075000
b11010000 +
1"
#154080000
0"
1$
#154085000
b1001 !
b1001 ,
b10100000 +
1"
#154090000
0"
0$
#154095000
b1000000 +
1"
#154100000
0"
b1101010100 )
#154105000
b10000000 +
1"
#154110000
0"
#154115000
b1 +
1"
#154120000
0"
1$
#154125000
b10 !
b10 ,
b10 +
1"
#154130000
0"
0$
#154135000
b100 +
1"
#154140000
0"
b1101010101 )
#154145000
b1000 +
1"
#154150000
0"
#154155000
b10001 +
1"
#154160000
0"
1$
#154165000
b10010 !
b10010 ,
b100011 +
1"
#154170000
0"
0$
#154175000
b1000111 +
1"
#154180000
0"
b1101010110 )
#154185000
b10001110 +
1"
#154190000
0"
#154195000
b11100 +
1"
#154200000
0"
1$
#154205000
b1001 !
b1001 ,
b111000 +
1"
#154210000
0"
0$
#154215000
b1110001 +
1"
#154220000
0"
b1101010111 )
#154225000
b11100010 +
1"
#154230000
0"
#154235000
b11000100 +
1"
#154240000
0"
1$
#154245000
b10001 !
b10001 ,
b10001001 +
1"
#154250000
0"
0$
#154255000
b10010 +
1"
#154260000
0"
b1101011000 )
#154265000
b100101 +
1"
#154270000
0"
#154275000
b1001011 +
1"
#154280000
0"
1$
#154285000
b10000 !
b10000 ,
b10010111 +
1"
#154290000
0"
0$
#154295000
b101110 +
1"
#154300000
0"
b1101011001 )
#154305000
b1011100 +
1"
#154310000
0"
#154315000
b10111000 +
1"
#154320000
0"
1$
#154325000
b101 !
b101 ,
b1110000 +
1"
#154330000
0"
0$
#154335000
b11100000 +
1"
#154340000
0"
b1101011010 )
#154345000
b11000000 +
1"
#154350000
0"
#154355000
b10000001 +
1"
#154360000
0"
1$
#154365000
b1010 !
b1010 ,
b11 +
1"
#154370000
0"
0$
#154375000
b110 +
1"
#154380000
0"
b1101011011 )
#154385000
b1100 +
1"
#154390000
0"
#154395000
b11001 +
1"
#154400000
0"
1$
#154405000
b110 !
b110 ,
b110010 +
1"
#154410000
0"
0$
#154415000
b1100100 +
1"
#154420000
0"
b1101011100 )
#154425000
b11001001 +
1"
#154430000
0"
#154435000
b10010010 +
1"
#154440000
0"
1$
#154445000
b111 !
b111 ,
b100100 +
1"
#154450000
0"
0$
#154455000
b1001001 +
1"
#154460000
0"
b1101011101 )
#154465000
b10010011 +
1"
#154470000
0"
#154475000
b100110 +
1"
#154480000
0"
1$
#154485000
b10011 !
b10011 ,
b1001101 +
1"
#154490000
0"
0$
#154495000
b10011011 +
1"
#154500000
0"
b1101011110 )
#154505000
b110111 +
1"
#154510000
0"
#154515000
b1101110 +
1"
#154520000
0"
1$
#154525000
b1011 !
b1011 ,
b11011100 +
1"
#154530000
0"
0$
#154535000
b10111001 +
1"
#154540000
0"
b1101011111 )
#154545000
b1110010 +
1"
#154550000
0"
#154555000
b11100100 +
1"
#154560000
0"
1$
#154565000
b1001 !
b1001 ,
b11001000 +
1"
#154570000
0"
0$
#154575000
b10010000 +
1"
#154580000
0"
b1101100000 )
#154585000
b100000 +
1"
#154590000
0"
#154595000
b1000001 +
1"
#154600000
0"
1$
#154605000
b110 !
b110 ,
b10000010 +
1"
#154610000
0"
0$
#154615000
b101 +
1"
#154620000
0"
b1101100001 )
#154625000
b1010 +
1"
#154630000
0"
#154635000
b10101 +
1"
#154640000
0"
1$
#154645000
b10 !
b10 ,
b101011 +
1"
#154650000
0"
0$
#154655000
b1010110 +
1"
#154660000
0"
b1101100010 )
#154665000
b10101101 +
1"
#154670000
0"
#154675000
b1011011 +
1"
#154680000
0"
1$
#154685000
b1100 !
b1100 ,
b10110110 +
1"
#154690000
0"
0$
#154695000
b1101101 +
1"
#154700000
0"
b1101100011 )
#154705000
b11011010 +
1"
#154710000
0"
#154715000
b10110101 +
1"
#154720000
0"
1$
#154725000
b10 !
b10 ,
b1101011 +
1"
#154730000
0"
0$
#154735000
b11010110 +
1"
#154740000
0"
b1101100100 )
#154745000
b10101100 +
1"
#154750000
0"
#154755000
b1011001 +
1"
#154760000
0"
1$
#154765000
b1010 !
b1010 ,
b10110010 +
1"
#154770000
0"
0$
#154775000
b1100101 +
1"
#154780000
0"
b1101100101 )
#154785000
b11001011 +
1"
#154790000
0"
#154795000
b10010110 +
1"
#154800000
0"
1$
#154805000
b1011 !
b1011 ,
b101100 +
1"
#154810000
0"
0$
#154815000
b1011000 +
1"
#154820000
0"
b1101100110 )
#154825000
b10110000 +
1"
#154830000
0"
#154835000
b1100001 +
1"
#154840000
0"
1$
#154845000
b10010 !
b10010 ,
b11000011 +
1"
#154850000
0"
0$
#154855000
b10000111 +
1"
#154860000
0"
b1101100111 )
#154865000
b1111 +
1"
#154870000
0"
#154875000
b11111 +
1"
#154880000
0"
1$
#154885000
b1100 !
b1100 ,
b111110 +
1"
#154890000
0"
0$
#154895000
b1111101 +
1"
#154900000
0"
b1101101000 )
#154905000
b11111011 +
1"
#154910000
0"
#154915000
b11110110 +
1"
#154920000
0"
1$
#154925000
b111 !
b111 ,
b11101101 +
1"
#154930000
0"
0$
#154935000
b11011011 +
1"
#154940000
0"
b1101101001 )
#154945000
b10110111 +
1"
#154950000
0"
#154955000
b1101111 +
1"
#154960000
0"
1$
#154965000
b1100 !
b1100 ,
b11011110 +
1"
#154970000
0"
0$
#154975000
b10111101 +
1"
#154980000
0"
b1101101010 )
#154985000
b1111010 +
1"
#154990000
0"
#154995000
b11110101 +
1"
#155000000
0"
1$
#155005000
b110 !
b110 ,
b11101011 +
1"
#155010000
0"
0$
#155015000
b11010111 +
1"
#155020000
0"
b1101101011 )
#155025000
b10101110 +
1"
#155030000
0"
#155035000
b1011101 +
1"
#155040000
0"
1$
#155045000
b1110 !
b1110 ,
b10111010 +
1"
#155050000
0"
0$
#155055000
b1110100 +
1"
#155060000
0"
b1101101100 )
#155065000
b11101000 +
1"
#155070000
0"
#155075000
b11010001 +
1"
#155080000
0"
1$
#155085000
b1010 !
b1010 ,
b10100010 +
1"
#155090000
0"
0$
#155095000
b1000100 +
1"
#155100000
0"
b1101101101 )
#155105000
b10001000 +
1"
#155110000
0"
#155115000
b10000 +
1"
#155120000
0"
1$
#155125000
b10001 !
b10001 ,
b100001 +
1"
#155130000
0"
0$
#155135000
b1000011 +
1"
#155140000
0"
b1101101110 )
#155145000
b10000110 +
1"
#155150000
0"
#155155000
b1101 +
1"
#155160000
0"
1$
#155165000
b1110 !
b1110 ,
b11011 +
1"
#155170000
0"
0$
#155175000
b110110 +
1"
#155180000
0"
b1101101111 )
#155185000
b1101100 +
1"
#155190000
0"
#155195000
b11011000 +
1"
#155200000
0"
1$
#155205000
b10001 !
b10001 ,
b10110001 +
1"
#155210000
0"
0$
#155215000
b1100011 +
1"
#155220000
0"
b1101110000 )
#155225000
b11000111 +
1"
#155230000
0"
#155235000
b10001111 +
1"
#155240000
0"
1$
#155245000
b100 !
b100 ,
b11110 +
1"
#155250000
0"
0$
#155255000
b111100 +
1"
#155260000
0"
b1101110001 )
#155265000
b1111001 +
1"
#155270000
0"
#155275000
b11110011 +
1"
#155280000
0"
1$
#155285000
b11100111 +
1"
#155290000
0"
0$
#155295000
b11001110 +
1"
#155300000
0"
b1101110010 )
#155305000
b10011100 +
1"
#155310000
0"
#155315000
b111001 +
1"
#155320000
0"
1$
#155325000
b10010 !
b10010 ,
b1110011 +
1"
#155330000
0"
0$
#155335000
b11100110 +
1"
#155340000
0"
b1101110011 )
#155345000
b11001100 +
1"
#155350000
0"
#155355000
b10011000 +
1"
#155360000
0"
1$
#155365000
b1101 !
b1101 ,
b110001 +
1"
#155370000
0"
0$
#155375000
b1100010 +
1"
#155380000
0"
b1101110100 )
#155385000
b11000101 +
1"
#155390000
0"
#155395000
b10001011 +
1"
#155400000
0"
1$
#155405000
b10100 !
b10100 ,
b10110 +
1"
#155410000
0"
0$
#155415000
b101101 +
1"
#155420000
0"
b1101110101 )
#155425000
b1011010 +
1"
#155430000
0"
#155435000
b10110100 +
1"
#155440000
0"
1$
#155445000
b1 !
b1 ,
b1101001 +
1"
#155450000
0"
0$
#155455000
b11010010 +
1"
#155460000
0"
b1101110110 )
#155465000
b10100100 +
1"
#155470000
0"
#155475000
b1001000 +
1"
#155480000
0"
1$
#155485000
b1101 !
b1101 ,
b10010001 +
1"
#155490000
0"
0$
#155495000
b100010 +
1"
#155500000
0"
b1101110111 )
#155505000
b1000101 +
1"
#155510000
0"
#155515000
b10001010 +
1"
#155520000
0"
1$
#155525000
b10011 !
b10011 ,
b10100 +
1"
#155530000
0"
0$
#155535000
b101001 +
1"
#155540000
0"
b1101111000 )
#155545000
b1010010 +
1"
#155550000
0"
#155555000
b10100101 +
1"
#155560000
0"
1$
#155565000
b110 !
b110 ,
b1001010 +
1"
#155570000
0"
0$
#155575000
b10010101 +
1"
#155580000
0"
b1101111001 )
#155585000
b101010 +
1"
#155590000
0"
#155595000
b1010100 +
1"
#155600000
0"
1$
#155605000
b101 !
b101 ,
b10101001 +
1"
#155610000
0"
0$
#155615000
b1010011 +
1"
#155620000
0"
b1101111010 )
#155625000
b10100111 +
1"
#155630000
0"
#155635000
b1001110 +
1"
#155640000
0"
1$
#155645000
b10011 !
b10011 ,
b10011101 +
1"
#155650000
0"
0$
#155655000
b111011 +
1"
#155660000
0"
b1101111011 )
#155665000
b1110111 +
1"
#155670000
0"
#155675000
b11101110 +
1"
#155680000
0"
1$
#155685000
b11011101 +
1"
#155690000
0"
0$
#155695000
b10111011 +
1"
#155700000
0"
b1101111100 )
#155705000
b1110110 +
1"
#155710000
0"
#155715000
b11101100 +
1"
#155720000
0"
1$
#155725000
b10001 !
b10001 ,
b11011001 +
1"
#155730000
0"
0$
#155735000
b10110011 +
1"
#155740000
0"
b1101111101 )
#155745000
b1100111 +
1"
#155750000
0"
#155755000
b11001111 +
1"
#155760000
0"
1$
#155765000
b1000 !
b1000 ,
b10011110 +
1"
#155770000
0"
0$
#155775000
b111101 +
1"
#155780000
0"
b1101111110 )
#155785000
b1111011 +
1"
#155790000
0"
#155795000
b11110111 +
1"
#155800000
0"
1$
#155805000
b11101111 +
1"
#155810000
0"
0$
#155815000
b11011111 +
1"
#155820000
0"
b1101111111 )
#155825000
b10111111 +
1"
#155830000
0"
#155835000
b1111110 +
1"
#155840000
0"
1$
#155845000
b111 !
b111 ,
b11111101 +
1"
#155850000
0"
0$
#155855000
b11111010 +
1"
#155860000
0"
b1110000000 )
#155865000
b11110100 +
1"
#155870000
0"
#155875000
b11101001 +
1"
#155880000
0"
1$
#155885000
b1110 !
b1110 ,
b11010011 +
1"
#155890000
0"
0$
#155895000
b10100110 +
1"
#155900000
0"
b1110000001 )
#155905000
b1001100 +
1"
#155910000
0"
#155915000
b10011001 +
1"
#155920000
0"
1$
#155925000
b110011 +
1"
#155930000
0"
0$
#155935000
b1100110 +
1"
#155940000
0"
b1110000010 )
#155945000
b11001101 +
1"
#155950000
0"
#155955000
b10011010 +
1"
#155960000
0"
1$
#155965000
b1111 !
b1111 ,
b110101 +
1"
#155970000
0"
0$
#155975000
b1101010 +
1"
#155980000
0"
b1110000011 )
#155985000
b11010100 +
1"
#155990000
0"
#155995000
b10101000 +
1"
#156000000
0"
1$
#156005000
b1001 !
b1001 ,
b1010001 +
1"
#156010000
0"
0$
#156015000
b10100011 +
1"
#156020000
0"
b1110000100 )
#156025000
b1000110 +
1"
#156030000
0"
#156035000
b10001100 +
1"
#156040000
0"
1$
#156045000
b1 !
b1 ,
b11000 +
1"
#156050000
0"
0$
#156055000
b110000 +
1"
#156060000
0"
b1110000101 )
#156065000
b1100000 +
1"
#156070000
0"
#156075000
b11000001 +
1"
#156080000
0"
1$
#156085000
b1110 !
b1110 ,
b10000011 +
1"
#156090000
0"
0$
#156095000
b111 +
1"
#156100000
0"
b1110000110 )
#156105000
b1110 +
1"
#156110000
0"
#156115000
b11101 +
1"
#156120000
0"
1$
#156125000
b1010 !
b1010 ,
b111010 +
1"
#156130000
0"
0$
#156135000
b1110101 +
1"
#156140000
0"
b1110000111 )
#156145000
b11101010 +
1"
#156150000
0"
#156155000
b11010101 +
1"
#156160000
0"
1$
#156165000
b1110 !
b1110 ,
b10101010 +
1"
#156170000
0"
0$
#156175000
b1010101 +
1"
#156180000
0"
b1110001000 )
#156185000
b10101011 +
1"
#156190000
0"
#156195000
b1010111 +
1"
#156200000
0"
1$
#156205000
b1000 !
b1000 ,
b10101111 +
1"
#156210000
0"
0$
#156215000
b1011111 +
1"
#156220000
0"
b1110001001 )
#156225000
b10111110 +
1"
#156230000
0"
#156235000
b1111100 +
1"
#156240000
0"
1$
#156245000
b101 !
b101 ,
b11111001 +
1"
#156250000
0"
0$
#156255000
b11110010 +
1"
#156260000
0"
b1110001010 )
#156265000
b11100101 +
1"
#156270000
0"
#156275000
b11001010 +
1"
#156280000
0"
1$
#156285000
b11 !
b11 ,
b10010100 +
1"
#156290000
0"
0$
#156295000
b101000 +
1"
#156300000
0"
b1110001011 )
#156305000
b1010000 +
1"
#156310000
0"
#156315000
b10100001 +
1"
#156320000
0"
1$
#156325000
b10 !
b10 ,
b1000010 +
1"
#156330000
0"
0$
#156335000
b10000100 +
1"
#156340000
0"
b1110001100 )
#156345000
b1001 +
1"
#156350000
0"
#156355000
b10011 +
1"
#156360000
0"
1$
#156365000
b10100 !
b10100 ,
b100111 +
1"
#156370000
0"
0$
#156375000
b1001111 +
1"
#156380000
0"
b1110001101 )
#156385000
b10011111 +
1"
#156390000
0"
#156395000
b111111 +
1"
#156400000
0"
1$
#156405000
b100 !
b100 ,
b1111111 +
1"
#156410000
0"
0$
#156415000
b11111111 +
1"
#156420000
0"
b1110001110 )
#156425000
b11111110 +
1"
#156430000
0"
#156435000
b11111100 +
1"
#156440000
0"
1$
#156445000
b1101 !
b1101 ,
b11111000 +
1"
#156450000
0"
0$
#156455000
b11110000 +
1"
#156460000
0"
b1110001111 )
#156465000
b11100001 +
1"
#156470000
0"
#156475000
b11000010 +
1"
#156480000
0"
1$
#156485000
b1111 !
b1111 ,
b10000101 +
1"
#156490000
0"
0$
#156495000
b1011 +
1"
#156500000
0"
b1110010000 )
#156505000
b10111 +
1"
#156510000
0"
#156515000
b101111 +
1"
#156520000
0"
1$
#156525000
b1000 !
b1000 ,
b1011110 +
1"
#156530000
0"
0$
#156535000
b10111100 +
1"
#156540000
0"
b1110010001 )
#156545000
b1111000 +
1"
#156550000
0"
#156555000
b11110001 +
1"
#156560000
0"
1$
#156565000
b10 !
b10 ,
b11100011 +
1"
#156570000
0"
0$
#156575000
b11000110 +
1"
#156580000
0"
b1110010010 )
#156585000
b10001101 +
1"
#156590000
0"
#156595000
b11010 +
1"
#156600000
0"
1$
#156605000
b111 !
b111 ,
b110100 +
1"
#156610000
0"
0$
#156615000
b1101000 +
1"
#156620000
0"
b1110010011 )
#156625000
b11010000 +
1"
#156630000
0"
#156635000
b10100000 +
1"
#156640000
0"
1$
#156645000
b1 !
b1 ,
b1000000 +
1"
#156650000
0"
0$
#156655000
b10000000 +
1"
#156660000
0"
b1110010100 )
#156665000
b1 +
1"
#156670000
0"
#156675000
b10 +
1"
#156680000
0"
1$
#156685000
b11 !
b11 ,
b100 +
1"
#156690000
0"
0$
#156695000
b1000 +
1"
#156700000
0"
b1110010101 )
#156705000
b10001 +
1"
#156710000
0"
#156715000
b100011 +
1"
#156720000
0"
1$
#156725000
b10000 !
b10000 ,
b1000111 +
1"
#156730000
0"
0$
#156735000
b10001110 +
1"
#156740000
0"
b1110010110 )
#156745000
b11100 +
1"
#156750000
0"
#156755000
b111000 +
1"
#156760000
0"
1$
#156765000
b10001 !
b10001 ,
b1110001 +
1"
#156770000
0"
0$
#156775000
b11100010 +
1"
#156780000
0"
b1110010111 )
#156785000
b11000100 +
1"
#156790000
0"
#156795000
b10001001 +
1"
#156800000
0"
1$
#156805000
b10010 !
b10010 ,
b10010 +
1"
#156810000
0"
0$
#156815000
b100101 +
1"
#156820000
0"
b1110011000 )
#156825000
b1001011 +
1"
#156830000
0"
#156835000
b10010111 +
1"
#156840000
0"
1$
#156845000
b1100 !
b1100 ,
b101110 +
1"
#156850000
0"
0$
#156855000
b1011100 +
1"
#156860000
0"
b1110011001 )
#156865000
b10111000 +
1"
#156870000
0"
#156875000
b1110000 +
1"
#156880000
0"
1$
#156885000
b1101 !
b1101 ,
b11100000 +
1"
#156890000
0"
0$
#156895000
b11000000 +
1"
#156900000
0"
b1110011010 )
#156905000
b10000001 +
1"
#156910000
0"
#156915000
b11 +
1"
#156920000
0"
1$
#156925000
b100 !
b100 ,
b110 +
1"
#156930000
0"
0$
#156935000
b1100 +
1"
#156940000
0"
b1110011011 )
#156945000
b11001 +
1"
#156950000
0"
#156955000
b110010 +
1"
#156960000
0"
1$
#156965000
b1011 !
b1011 ,
b1100100 +
1"
#156970000
0"
0$
#156975000
b11001001 +
1"
#156980000
0"
b1110011100 )
#156985000
b10010010 +
1"
#156990000
0"
#156995000
b100100 +
1"
#157000000
0"
1$
#157005000
b10001 !
b10001 ,
b1001001 +
1"
#157010000
0"
0$
#157015000
b10010011 +
1"
#157020000
0"
b1110011101 )
#157025000
b100110 +
1"
#157030000
0"
#157035000
b1001101 +
1"
#157040000
0"
1$
#157045000
b10010 !
b10010 ,
b10011011 +
1"
#157050000
0"
0$
#157055000
b110111 +
1"
#157060000
0"
b1110011110 )
#157065000
b1101110 +
1"
#157070000
0"
#157075000
b11011100 +
1"
#157080000
0"
1$
#157085000
b1 !
b1 ,
b10111001 +
1"
#157090000
0"
0$
#157095000
b1110010 +
1"
#157100000
0"
b1110011111 )
#157105000
b11100100 +
1"
#157110000
0"
#157115000
b11001000 +
1"
#157120000
0"
1$
#157125000
b10010000 +
1"
#157130000
0"
0$
#157135000
b100000 +
1"
#157140000
0"
b1110100000 )
#157145000
b1000001 +
1"
#157150000
0"
#157155000
b10000010 +
1"
#157160000
0"
1$
#157165000
b1011 !
b1011 ,
b101 +
1"
#157170000
0"
0$
#157175000
b1010 +
1"
#157180000
0"
b1110100001 )
#157185000
b10101 +
1"
#157190000
0"
#157195000
b101011 +
1"
#157200000
0"
1$
#157205000
b100 !
b100 ,
b1010110 +
1"
#157210000
0"
0$
#157215000
b10101101 +
1"
#157220000
0"
b1110100010 )
#157225000
b1011011 +
1"
#157230000
0"
#157235000
b10110110 +
1"
#157240000
0"
1$
#157245000
b11 !
b11 ,
b1101101 +
1"
#157250000
0"
0$
#157255000
b11011010 +
1"
#157260000
0"
b1110100011 )
#157265000
b10110101 +
1"
#157270000
0"
#157275000
b1101011 +
1"
#157280000
0"
1$
#157285000
b1000 !
b1000 ,
b11010110 +
1"
#157290000
0"
0$
#157295000
b10101100 +
1"
#157300000
0"
b1110100100 )
#157305000
b1011001 +
1"
#157310000
0"
#157315000
b10110010 +
1"
#157320000
0"
1$
#157325000
b10011 !
b10011 ,
b1100101 +
1"
#157330000
0"
0$
#157335000
b11001011 +
1"
#157340000
0"
b1110100101 )
#157345000
b10010110 +
1"
#157350000
0"
#157355000
b101100 +
1"
#157360000
0"
1$
#157365000
b101 !
b101 ,
b1011000 +
1"
#157370000
0"
0$
#157375000
b10110000 +
1"
#157380000
0"
b1110100110 )
#157385000
b1100001 +
1"
#157390000
0"
#157395000
b11000011 +
1"
#157400000
0"
1$
#157405000
b10000 !
b10000 ,
b10000111 +
1"
#157410000
0"
0$
#157415000
b1111 +
1"
#157420000
0"
b1110100111 )
#157425000
b11111 +
1"
#157430000
0"
#157435000
b111110 +
1"
#157440000
0"
1$
#157445000
b11 !
b11 ,
b1111101 +
1"
#157450000
0"
0$
#157455000
b11111011 +
1"
#157460000
0"
b1110101000 )
#157465000
b11110110 +
1"
#157470000
0"
#157475000
b11101101 +
1"
#157480000
0"
1$
#157485000
b10010 !
b10010 ,
b11011011 +
1"
#157490000
0"
0$
#157495000
b10110111 +
1"
#157500000
0"
b1110101001 )
#157505000
b1101111 +
1"
#157510000
0"
#157515000
b11011110 +
1"
#157520000
0"
1$
#157525000
b11 !
b11 ,
b10111101 +
1"
#157530000
0"
0$
#157535000
b1111010 +
1"
#157540000
0"
b1110101010 )
#157545000
b11110101 +
1"
#157550000
0"
#157555000
b11101011 +
1"
#157560000
0"
1$
#157565000
b10000 !
b10000 ,
b11010111 +
1"
#157570000
0"
0$
#157575000
b10101110 +
1"
#157580000
0"
b1110101011 )
#157585000
b1011101 +
1"
#157590000
0"
#157595000
b10111010 +
1"
#157600000
0"
1$
#157605000
b111 !
b111 ,
b1110100 +
1"
#157610000
0"
0$
#157615000
b11101000 +
1"
#157620000
0"
b1110101100 )
#157625000
b11010001 +
1"
#157630000
0"
#157635000
b10100010 +
1"
#157640000
0"
1$
#157645000
b11 !
b11 ,
b1000100 +
1"
#157650000
0"
0$
#157655000
b10001000 +
1"
#157660000
0"
b1110101101 )
#157665000
b10000 +
1"
#157670000
0"
#157675000
b100001 +
1"
#157680000
0"
1$
#157685000
b1110 !
b1110 ,
b1000011 +
1"
#157690000
0"
0$
#157695000
b10000110 +
1"
#157700000
0"
b1110101110 )
#157705000
b1101 +
1"
#157710000
0"
#157715000
b11011 +
1"
#157720000
0"
1$
#157725000
b1000 !
b1000 ,
b110110 +
1"
#157730000
0"
0$
#157735000
b1101100 +
1"
#157740000
0"
b1110101111 )
#157745000
b11011000 +
1"
#157750000
0"
#157755000
b10110001 +
1"
#157760000
0"
1$
#157765000
b10010 !
b10010 ,
b1100011 +
1"
#157770000
0"
0$
#157775000
b11000111 +
1"
#157780000
0"
b1110110000 )
#157785000
b10001111 +
1"
#157790000
0"
#157795000
b11110 +
1"
#157800000
0"
1$
#157805000
b1011 !
b1011 ,
b111100 +
1"
#157810000
0"
0$
#157815000
b1111001 +
1"
#157820000
0"
b1110110001 )
#157825000
b11110011 +
1"
#157830000
0"
#157835000
b11100111 +
1"
#157840000
0"
1$
#157845000
b1100 !
b1100 ,
b11001110 +
1"
#157850000
0"
0$
#157855000
b10011100 +
1"
#157860000
0"
b1110110010 )
#157865000
b111001 +
1"
#157870000
0"
#157875000
b1110011 +
1"
#157880000
0"
1$
#157885000
b10000 !
b10000 ,
b11100110 +
1"
#157890000
0"
0$
#157895000
b11001100 +
1"
#157900000
0"
b1110110011 )
#157905000
b10011000 +
1"
#157910000
0"
#157915000
b110001 +
1"
#157920000
0"
1$
#157925000
b1010 !
b1010 ,
b1100010 +
1"
#157930000
0"
0$
#157935000
b11000101 +
1"
#157940000
0"
b1110110100 )
#157945000
b10001011 +
1"
#157950000
0"
#157955000
b10110 +
1"
#157960000
0"
1$
#157965000
b11 !
b11 ,
b101101 +
1"
#157970000
0"
0$
#157975000
b1011010 +
1"
#157980000
0"
b1110110101 )
#157985000
b10110100 +
1"
#157990000
0"
#157995000
b1101001 +
1"
#158000000
0"
1$
#158005000
b110 !
b110 ,
b11010010 +
1"
#158010000
0"
0$
#158015000
b10100100 +
1"
#158020000
0"
b1110110110 )
#158025000
b1001000 +
1"
#158030000
0"
#158035000
b10010001 +
1"
#158040000
0"
1$
#158045000
b100010 +
1"
#158050000
0"
0$
#158055000
b1000101 +
1"
#158060000
0"
b1110110111 )
#158065000
b10001010 +
1"
#158070000
0"
#158075000
b10100 +
1"
#158080000
0"
1$
#158085000
b1 !
b1 ,
b101001 +
1"
#158090000
0"
0$
#158095000
b1010010 +
1"
#158100000
0"
b1110111000 )
#158105000
b10100101 +
1"
#158110000
0"
#158115000
b1001010 +
1"
#158120000
0"
1$
#158125000
b1111 !
b1111 ,
b10010101 +
1"
#158130000
0"
0$
#158135000
b101010 +
1"
#158140000
0"
b1110111001 )
#158145000
b1010100 +
1"
#158150000
0"
#158155000
b10101001 +
1"
#158160000
0"
1$
#158165000
b1010 !
b1010 ,
b1010011 +
1"
#158170000
0"
0$
#158175000
b10100111 +
1"
#158180000
0"
b1110111010 )
#158185000
b1001110 +
1"
#158190000
0"
#158195000
b10011101 +
1"
#158200000
0"
1$
#158205000
b10010 !
b10010 ,
b111011 +
1"
#158210000
0"
0$
#158215000
b1110111 +
1"
#158220000
0"
b1110111011 )
#158225000
b11101110 +
1"
#158230000
0"
#158235000
b11011101 +
1"
#158240000
0"
1$
#158245000
b10 !
b10 ,
b10111011 +
1"
#158250000
0"
0$
#158255000
b1110110 +
1"
#158260000
0"
b1110111100 )
#158265000
b11101100 +
1"
#158270000
0"
#158275000
b11011001 +
1"
#158280000
0"
1$
#158285000
b10010 !
b10010 ,
b10110011 +
1"
#158290000
0"
0$
#158295000
b1100111 +
1"
#158300000
0"
b1110111101 )
#158305000
b11001111 +
1"
#158310000
0"
#158315000
b10011110 +
1"
#158320000
0"
1$
#158325000
b10011 !
b10011 ,
b111101 +
1"
#158330000
0"
0$
#158335000
b1111011 +
1"
#158340000
0"
b1110111110 )
#158345000
b11110111 +
1"
#158350000
0"
#158355000
b11101111 +
1"
#158360000
0"
1$
#158365000
b10100 !
b10100 ,
b11011111 +
1"
#158370000
0"
0$
#158375000
b10111111 +
1"
#158380000
0"
b1110111111 )
#158385000
b1111110 +
1"
#158390000
0"
#158395000
b11111101 +
1"
#158400000
0"
1$
#158405000
b1110 !
b1110 ,
b11111010 +
1"
#158410000
0"
0$
#158415000
b11110100 +
1"
#158420000
0"
b1111000000 )
#158425000
b11101001 +
1"
#158430000
0"
#158435000
b11010011 +
1"
#158440000
0"
1$
#158445000
b1100 !
b1100 ,
b10100110 +
1"
#158450000
0"
0$
#158455000
b1001100 +
1"
#158460000
0"
b1111000001 )
#158465000
b10011001 +
1"
#158470000
0"
#158475000
b110011 +
1"
#158480000
0"
1$
#158485000
b1100110 +
1"
#158490000
0"
0$
#158495000
b11001101 +
1"
#158500000
0"
b1111000010 )
#158505000
b10011010 +
1"
#158510000
0"
#158515000
b110101 +
1"
#158520000
0"
1$
#158525000
b1110 !
b1110 ,
b1101010 +
1"
#158530000
0"
0$
#158535000
b11010100 +
1"
#158540000
0"
b1111000011 )
#158545000
b10101000 +
1"
#158550000
0"
#158555000
b1010001 +
1"
#158560000
0"
1$
#158565000
b10 !
b10 ,
b10100011 +
1"
#158570000
0"
0$
#158575000
b1000110 +
1"
#158580000
0"
b1111000100 )
#158585000
b10001100 +
1"
#158590000
0"
#158595000
b11000 +
1"
#158600000
0"
1$
#158605000
b101 !
b101 ,
b110000 +
1"
#158610000
0"
0$
#158615000
b1100000 +
1"
#158620000
0"
b1111000101 )
#158625000
b11000001 +
1"
#158630000
0"
#158635000
b10000011 +
1"
#158640000
0"
1$
#158645000
b1100 !
b1100 ,
b111 +
1"
#158650000
0"
0$
#158655000
b1110 +
1"
#158660000
0"
b1111000110 )
#158665000
b11101 +
1"
#158670000
0"
#158675000
b111010 +
1"
#158680000
0"
1$
#158685000
b10011 !
b10011 ,
b1110101 +
1"
#158690000
0"
0$
#158695000
b11101010 +
1"
#158700000
0"
b1111000111 )
#158705000
b11010101 +
1"
#158710000
0"
#158715000
b10101010 +
1"
#158720000
0"
1$
#158725000
b1011 !
b1011 ,
b1010101 +
1"
#158730000
0"
0$
#158735000
b10101011 +
1"
#158740000
0"
b1111001000 )
#158745000
b1010111 +
1"
#158750000
0"
#158755000
b10101111 +
1"
#158760000
0"
1$
#158765000
b10000 !
b10000 ,
b1011111 +
1"
#158770000
0"
0$
#158775000
b10111110 +
1"
#158780000
0"
b1111001001 )
#158785000
b1111100 +
1"
#158790000
0"
#158795000
b11111001 +
1"
#158800000
0"
1$
#158805000
b1010 !
b1010 ,
b11110010 +
1"
#158810000
0"
0$
#158815000
b11100101 +
1"
#158820000
0"
b1111001010 )
#158825000
b11001010 +
1"
#158830000
0"
#158835000
b10010100 +
1"
#158840000
0"
1$
#158845000
b1001 !
b1001 ,
b101000 +
1"
#158850000
0"
0$
#158855000
b1010000 +
1"
#158860000
0"
b1111001011 )
#158865000
b10100001 +
1"
#158870000
0"
#158875000
b1000010 +
1"
#158880000
0"
1$
#158885000
b111 !
b111 ,
b10000100 +
1"
#158890000
0"
0$
#158895000
b1001 +
1"
#158900000
0"
b1111001100 )
#158905000
b10011 +
1"
#158910000
0"
#158915000
b100111 +
1"
#158920000
0"
1$
#158925000
b10100 !
b10100 ,
b1001111 +
1"
#158930000
0"
0$
#158935000
b10011111 +
1"
#158940000
0"
b1111001101 )
#158945000
b111111 +
1"
#158950000
0"
#158955000
b1111111 +
1"
#158960000
0"
1$
#158965000
b1000 !
b1000 ,
b11111111 +
1"
#158970000
0"
0$
#158975000
b11111110 +
1"
#158980000
0"
b1111001110 )
#158985000
b11111100 +
1"
#158990000
0"
#158995000
b11111000 +
1"
#159000000
0"
1$
#159005000
b1001 !
b1001 ,
b11110000 +
1"
#159010000
0"
0$
#159015000
b11100001 +
1"
#159020000
0"
b1111001111 )
#159025000
b11000010 +
1"
#159030000
0"
#159035000
b10000101 +
1"
#159040000
0"
1$
#159045000
b1110 !
b1110 ,
b1011 +
1"
#159050000
0"
0$
#159055000
b10111 +
1"
#159060000
0"
b1111010000 )
#159065000
b101111 +
1"
#159070000
0"
#159075000
b1011110 +
1"
#159080000
0"
1$
#159085000
b1111 !
b1111 ,
b10111100 +
1"
#159090000
0"
0$
#159095000
b1111000 +
1"
#159100000
0"
b1111010001 )
#159105000
b11110001 +
1"
#159110000
0"
#159115000
b11100011 +
1"
#159120000
0"
1$
#159125000
b1000 !
b1000 ,
b11000110 +
1"
#159130000
0"
0$
#159135000
b10001101 +
1"
#159140000
0"
b1111010010 )
#159145000
b11010 +
1"
#159150000
0"
#159155000
b110100 +
1"
#159160000
0"
1$
#159165000
b1101 !
b1101 ,
b1101000 +
1"
#159170000
0"
0$
#159175000
b11010000 +
1"
#159180000
0"
b1111010011 )
#159185000
b10100000 +
1"
#159190000
0"
#159195000
b1000000 +
1"
#159200000
0"
1$
#159205000
b101 !
b101 ,
b10000000 +
1"
#159210000
0"
0$
#159215000
b1 +
1"
#159220000
0"
b1111010100 )
#159225000
b10 +
1"
#159230000
0"
#159235000
b100 +
1"
#159240000
0"
1$
#159245000
b1000 +
1"
#159250000
0"
0$
#159255000
b10001 +
1"
#159260000
0"
b1111010101 )
#159265000
b100011 +
1"
#159270000
0"
#159275000
b1000111 +
1"
#159280000
0"
1$
#159285000
b1100 !
b1100 ,
b10001110 +
1"
#159290000
0"
0$
#159295000
b11100 +
1"
#159300000
0"
b1111010110 )
#159305000
b111000 +
1"
#159310000
0"
#159315000
b1110001 +
1"
#159320000
0"
1$
#159325000
b1110 !
b1110 ,
b11100010 +
1"
#159330000
0"
0$
#159335000
b11000100 +
1"
#159340000
0"
b1111010111 )
#159345000
b10001001 +
1"
#159350000
0"
#159355000
b10010 +
1"
#159360000
0"
1$
#159365000
b10011 !
b10011 ,
b100101 +
1"
#159370000
0"
0$
#159375000
b1001011 +
1"
#159380000
0"
b1111011000 )
#159385000
b10010111 +
1"
#159390000
0"
#159395000
b101110 +
1"
#159400000
0"
1$
#159405000
b111 !
b111 ,
b1011100 +
1"
#159410000
0"
0$
#159415000
b10111000 +
1"
#159420000
0"
b1111011001 )
#159425000
b1110000 +
1"
#159430000
0"
#159435000
b11100000 +
1"
#159440000
0"
1$
#159445000
b101 !
b101 ,
b11000000 +
1"
#159450000
0"
0$
#159455000
b10000001 +
1"
#159460000
0"
b1111011010 )
#159465000
b11 +
1"
#159470000
0"
#159475000
b110 +
1"
#159480000
0"
1$
#159485000
b111 !
b111 ,
b1100 +
1"
#159490000
0"
0$
#159495000
b11001 +
1"
#159500000
0"
b1111011011 )
#159505000
b110010 +
1"
#159510000
0"
#159515000
b1100100 +
1"
#159520000
0"
1$
#159525000
b1 !
b1 ,
b11001001 +
1"
#159530000
0"
0$
#159535000
b10010010 +
1"
#159540000
0"
b1111011100 )
#159545000
b100100 +
1"
#159550000
0"
#159555000
b1001001 +
1"
#159560000
0"
1$
#159565000
b1110 !
b1110 ,
b10010011 +
1"
#159570000
0"
0$
#159575000
b100110 +
1"
#159580000
0"
b1111011101 )
#159585000
b1001101 +
1"
#159590000
0"
#159595000
b10011011 +
1"
#159600000
0"
1$
#159605000
b10000 !
b10000 ,
b110111 +
1"
#159610000
0"
0$
#159615000
b1101110 +
1"
#159620000
0"
b1111011110 )
#159625000
b11011100 +
1"
#159630000
0"
#159635000
b10111001 +
1"
#159640000
0"
1$
#159645000
b110 !
b110 ,
b1110010 +
1"
#159650000
0"
0$
#159655000
b11100100 +
1"
#159660000
0"
b1111011111 )
#159665000
b11001000 +
1"
#159670000
0"
#159675000
b10010000 +
1"
#159680000
0"
1$
#159685000
b101 !
b101 ,
b100000 +
1"
#159690000
0"
0$
#159695000
b1000001 +
1"
#159700000
0"
b1111100000 )
#159705000
b10000010 +
1"
#159710000
0"
#159715000
b101 +
1"
#159720000
0"
1$
#159725000
b110 !
b110 ,
b1010 +
1"
#159730000
0"
0$
#159735000
b10101 +
1"
#159740000
0"
b1111100001 )
#159745000
b101011 +
1"
#159750000
0"
#159755000
b1010110 +
1"
#159760000
0"
1$
#159765000
b111 !
b111 ,
b10101101 +
1"
#159770000
0"
0$
#159775000
b1011011 +
1"
#159780000
0"
b1111100010 )
#159785000
b10110110 +
1"
#159790000
0"
#159795000
b1101101 +
1"
#159800000
0"
1$
#159805000
b1010 !
b1010 ,
b11011010 +
1"
#159810000
0"
0$
#159815000
b10110101 +
1"
#159820000
0"
b1111100011 )
#159825000
b1101011 +
1"
#159830000
0"
#159835000
b11010110 +
1"
#159840000
0"
1$
#159845000
b1111 !
b1111 ,
b10101100 +
1"
#159850000
0"
0$
#159855000
b1011001 +
1"
#159860000
0"
b1111100100 )
#159865000
b10110010 +
1"
#159870000
0"
#159875000
b1100101 +
1"
#159880000
0"
1$
#159885000
b10 !
b10 ,
b11001011 +
1"
#159890000
0"
0$
#159895000
b10010110 +
1"
#159900000
0"
b1111100101 )
#159905000
b101100 +
1"
#159910000
0"
#159915000
b1011000 +
1"
#159920000
0"
1$
#159925000
b1001 !
b1001 ,
b10110000 +
1"
#159930000
0"
0$
#159935000
b1100001 +
1"
#159940000
0"
b1111100110 )
#159945000
b11000011 +
1"
#159950000
0"
#159955000
b10000111 +
1"
#159960000
0"
1$
#159965000
b10000 !
b10000 ,
b1111 +
1"
#159970000
0"
0$
#159975000
b11111 +
1"
#159980000
0"
b1111100111 )
#159985000
b111110 +
1"
#159990000
0"
#159995000
b1111101 +
1"
#160000000
0"
1$
#160005000
b110 !
b110 ,
b11111011 +
1"
#160010000
0"
0$
#160015000
b11110110 +
1"
#160020000
0"
b100 (
b10101 )
